<?xml version="1.0" encoding="UTF-8"?>
<osm version="0.6" generator="openstreetmap-cgimap 2.1.0 (2768221 spike-08.openstreetmap.org)" copyright="OpenStreetMap and contributors" attribution="http://www.openstreetmap.org/copyright" license="http://opendatacommons.org/licenses/odbl/1-0/">
 <bounds minlat="12.9684800" minlon="79.1531040" maxlat="12.9740830" maxlon="79.1667620"/>
 <node id="288362881" visible="true" version="4" changeset="159998329" timestamp="2024-12-06T15:05:54Z" user="IndiaKW2Gf7rTBt5C" uid="21614166" lat="12.9709940" lon="79.1475967"/>
 <node id="288362882" visible="true" version="4" changeset="159998329" timestamp="2024-12-06T15:05:54Z" user="IndiaKW2Gf7rTBt5C" uid="21614166" lat="12.9709005" lon="79.1494900"/>
 <node id="288362883" visible="true" version="6" changeset="159998329" timestamp="2024-12-06T15:05:54Z" user="IndiaKW2Gf7rTBt5C" uid="21614166" lat="12.9708923" lon="79.1530830"/>
 <node id="288362884" visible="true" version="5" changeset="52322436" timestamp="2017-09-24T08:24:04Z" user="sfrank" uid="18052" lat="12.9709815" lon="79.1553129"/>
 <node id="288362885" visible="true" version="5" changeset="159998329" timestamp="2024-12-06T15:05:54Z" user="IndiaKW2Gf7rTBt5C" uid="21614166" lat="12.9713988" lon="79.1594302"/>
 <node id="288362886" visible="true" version="5" changeset="159998329" timestamp="2024-12-06T15:05:54Z" user="IndiaKW2Gf7rTBt5C" uid="21614166" lat="12.9715032" lon="79.1601333"/>
 <node id="288362887" visible="true" version="6" changeset="159998329" timestamp="2024-12-06T15:05:54Z" user="IndiaKW2Gf7rTBt5C" uid="21614166" lat="12.9716537" lon="79.1611762"/>
 <node id="288362888" visible="true" version="6" changeset="159998329" timestamp="2024-12-06T15:05:54Z" user="IndiaKW2Gf7rTBt5C" uid="21614166" lat="12.9719089" lon="79.1624822"/>
 <node id="288362889" visible="true" version="6" changeset="159998329" timestamp="2024-12-06T15:05:54Z" user="IndiaKW2Gf7rTBt5C" uid="21614166" lat="12.9726653" lon="79.1659797"/>
 <node id="288362890" visible="true" version="5" changeset="52322915" timestamp="2017-09-24T08:49:07Z" user="sfrank" uid="18052" lat="12.9738806" lon="79.1705233"/>
 <node id="288362891" visible="true" version="6" changeset="52322915" timestamp="2017-09-24T08:49:07Z" user="sfrank" uid="18052" lat="12.9742526" lon="79.1724290"/>
 <node id="728330706" visible="true" version="4" changeset="57298676" timestamp="2018-03-18T18:59:25Z" user="adivik2000" uid="250196" lat="12.9710044" lon="79.1587082"/>
 <node id="728330707" visible="true" version="3" changeset="57298676" timestamp="2018-03-18T18:59:25Z" user="adivik2000" uid="250196" lat="12.9703122" lon="79.1586912"/>
 <node id="728330708" visible="true" version="4" changeset="33962931" timestamp="2015-09-11T16:54:45Z" user="Luis36995" uid="1829683" lat="12.9696831" lon="79.1586802"/>
 <node id="956377047" visible="true" version="8" changeset="135933493" timestamp="2023-05-10T12:35:39Z" user="Lone_Muskedeer" uid="19219526" lat="12.9696138" lon="79.1587903">
  <tag k="access" v="customers"/>
  <tag k="amenity" v="parking"/>
  <tag k="fee" v="no"/>
  <tag k="parking" v="surface"/>
 </node>
 <node id="956394098" visible="true" version="6" changeset="10643787" timestamp="2012-02-10T14:22:43Z" user="Vinaychalluru" uid="602788" lat="12.9724576" lon="79.1588679">
  <tag k="name" v="Enzo"/>
  <tag k="shop" v="convenience"/>
 </node>
 <node id="1034973038" visible="true" version="2" changeset="184197941" timestamp="2026-06-16T19:45:33Z" user="TheLNL" uid="21256080" lat="12.9687649" lon="79.1574642"/>
 <node id="1034973039" visible="true" version="2" changeset="184197941" timestamp="2026-06-16T19:45:33Z" user="TheLNL" uid="21256080" lat="12.9686832" lon="79.1575091"/>
 <node id="1034973040" visible="true" version="3" changeset="174897320" timestamp="2025-11-20T09:22:40Z" user="PalMaper" uid="13262539" lat="12.9688072" lon="79.1565669"/>
 <node id="1034973048" visible="true" version="2" changeset="184197941" timestamp="2026-06-16T19:45:33Z" user="TheLNL" uid="21256080" lat="12.9686172" lon="79.1577901"/>
 <node id="1034973049" visible="true" version="2" changeset="57298676" timestamp="2018-03-18T18:59:25Z" user="adivik2000" uid="250196" lat="12.9687257" lon="79.1586585"/>
 <node id="1034973051" visible="true" version="2" changeset="184197941" timestamp="2026-06-16T19:45:33Z" user="TheLNL" uid="21256080" lat="12.9686420" lon="79.1575722"/>
 <node id="1034973053" visible="true" version="3" changeset="184197941" timestamp="2026-06-16T19:45:33Z" user="TheLNL" uid="21256080" lat="12.9678437" lon="79.1577696"/>
 <node id="1034973055" visible="true" version="2" changeset="184197941" timestamp="2026-06-16T19:45:33Z" user="TheLNL" uid="21256080" lat="12.9686185" lon="79.1576533"/>
 <node id="1034973056" visible="true" version="1" changeset="6632778" timestamp="2010-12-12T07:35:32Z" user="adivik2000" uid="250196" lat="12.9687257" lon="79.1585164"/>
 <node id="1034973057" visible="true" version="4" changeset="137233193" timestamp="2023-06-12T08:18:30Z" user="Abhimanyu Kundu" uid="19553168" lat="12.9676331" lon="79.1586397">
  <tag k="access" v="permit"/>
  <tag k="barrier" v="gate"/>
  <tag k="bicycle" v="no"/>
  <tag k="foot" v="yes"/>
  <tag k="motor_vehicle" v="no"/>
 </node>
 <node id="1035391382" visible="true" version="2" changeset="150160731" timestamp="2024-04-18T07:48:31Z" user="uknown-gryphus" uid="2425805" lat="12.9720540" lon="79.1570994"/>
 <node id="1035391385" visible="true" version="2" changeset="6763472" timestamp="2010-12-25T19:50:34Z" user="adivik2000" uid="250196" lat="12.9733729" lon="79.1566844"/>
 <node id="1035400436" visible="true" version="3" changeset="150160731" timestamp="2024-04-18T07:48:31Z" user="uknown-gryphus" uid="2425805" lat="12.9720790" lon="79.1565788"/>
 <node id="1035404684" visible="true" version="2" changeset="6763472" timestamp="2010-12-25T19:50:34Z" user="adivik2000" uid="250196" lat="12.9744446" lon="79.1567809"/>
 <node id="1035415352" visible="true" version="3" changeset="150160731" timestamp="2024-04-18T07:48:31Z" user="uknown-gryphus" uid="2425805" lat="12.9742240" lon="79.1588783"/>
 <node id="1035415354" visible="true" version="2" changeset="6763472" timestamp="2010-12-25T19:50:34Z" user="adivik2000" uid="250196" lat="12.9742773" lon="79.1580201"/>
 <node id="1035415356" visible="true" version="1" changeset="6634231" timestamp="2010-12-12T10:46:47Z" user="adivik2000" uid="250196" lat="12.9727143" lon="79.1582589"/>
 <node id="1035415358" visible="true" version="1" changeset="6634231" timestamp="2010-12-12T10:46:47Z" user="adivik2000" uid="250196" lat="12.9726202" lon="79.1586505"/>
 <node id="1035415361" visible="true" version="2" changeset="6763472" timestamp="2010-12-25T19:50:34Z" user="adivik2000" uid="250196" lat="12.9727654" lon="79.1566301"/>
 <node id="1035415364" visible="true" version="1" changeset="6634231" timestamp="2010-12-12T10:46:47Z" user="adivik2000" uid="250196" lat="12.9726829" lon="79.1584412"/>
 <node id="1035415367" visible="true" version="1" changeset="6634231" timestamp="2010-12-12T10:46:47Z" user="adivik2000" uid="250196" lat="12.9727195" lon="79.1581516"/>
 <node id="1035415370" visible="true" version="1" changeset="6634231" timestamp="2010-12-12T10:46:47Z" user="adivik2000" uid="250196" lat="12.9727038" lon="79.1583447"/>
 <node id="1035415373" visible="true" version="1" changeset="6634231" timestamp="2010-12-12T10:46:47Z" user="adivik2000" uid="250196" lat="12.9726515" lon="79.1585378"/>
 <node id="1035421341" visible="true" version="1" changeset="6634231" timestamp="2010-12-12T10:50:04Z" user="adivik2000" uid="250196" lat="12.9734932" lon="79.1609893"/>
 <node id="1035421343" visible="true" version="3" changeset="150710586" timestamp="2024-04-30T14:13:06Z" user="tg1239" uid="21373336" lat="12.9725568" lon="79.1610023"/>
 <node id="1035421344" visible="true" version="1" changeset="6634231" timestamp="2010-12-12T10:50:04Z" user="adivik2000" uid="250196" lat="12.9726777" lon="79.1609679"/>
 <node id="1035421345" visible="true" version="5" changeset="150710586" timestamp="2024-04-30T14:13:06Z" user="tg1239" uid="21373336" lat="12.9730974" lon="79.1640957"/>
 <node id="1035421346" visible="true" version="1" changeset="6634231" timestamp="2010-12-12T10:50:04Z" user="adivik2000" uid="250196" lat="12.9725731" lon="79.1590796"/>
 <node id="1035421347" visible="true" version="1" changeset="6634231" timestamp="2010-12-12T10:50:04Z" user="adivik2000" uid="250196" lat="12.9725313" lon="79.1602598"/>
 <node id="1035421348" visible="true" version="1" changeset="6634231" timestamp="2010-12-12T10:50:04Z" user="adivik2000" uid="250196" lat="12.9725888" lon="79.1587631"/>
 <node id="1035421355" visible="true" version="1" changeset="6634231" timestamp="2010-12-12T10:50:04Z" user="adivik2000" uid="250196" lat="12.9727875" lon="79.1609786"/>
 <node id="1035421357" visible="true" version="1" changeset="6634231" timestamp="2010-12-12T10:50:04Z" user="adivik2000" uid="250196" lat="12.9726045" lon="79.1609250"/>
 <node id="1035421359" visible="true" version="2" changeset="18976290" timestamp="2013-11-18T16:23:40Z" user="snj33v" uid="1227897" lat="12.9725446" lon="79.1608509"/>
 <node id="1035426763" visible="true" version="1" changeset="6634231" timestamp="2010-12-12T10:52:50Z" user="adivik2000" uid="250196" lat="12.9737755" lon="79.1607640"/>
 <node id="1035426765" visible="true" version="1" changeset="6634231" timestamp="2010-12-12T10:52:50Z" user="adivik2000" uid="250196" lat="12.9738016" lon="79.1606568"/>
 <node id="1035426767" visible="true" version="2" changeset="150160731" timestamp="2024-04-18T07:48:31Z" user="uknown-gryphus" uid="2425805" lat="12.9736995" lon="79.1588502"/>
 <node id="1035426769" visible="true" version="1" changeset="6634231" timestamp="2010-12-12T10:52:50Z" user="adivik2000" uid="250196" lat="12.9737441" lon="79.1608606"/>
 <node id="1035426771" visible="true" version="1" changeset="6634231" timestamp="2010-12-12T10:52:50Z" user="adivik2000" uid="250196" lat="12.9735925" lon="79.1609786"/>
 <node id="1035426772" visible="true" version="1" changeset="6634231" timestamp="2010-12-12T10:52:50Z" user="adivik2000" uid="250196" lat="12.9737964" lon="79.1605066"/>
 <node id="1035426773" visible="true" version="1" changeset="6634231" timestamp="2010-12-12T10:52:50Z" user="adivik2000" uid="250196" lat="12.9737545" lon="79.1598306"/>
 <node id="1035426774" visible="true" version="1" changeset="6634231" timestamp="2010-12-12T10:52:50Z" user="adivik2000" uid="250196" lat="12.9736343" lon="79.1579263"/>
 <node id="1035426775" visible="true" version="1" changeset="6634231" timestamp="2010-12-12T10:52:50Z" user="adivik2000" uid="250196" lat="12.9736761" lon="79.1609357"/>
 <node id="1035448715" visible="true" version="1" changeset="6634231" timestamp="2010-12-12T11:03:02Z" user="adivik2000" uid="250196" lat="12.9725702" lon="79.1591628"/>
 <node id="1035448734" visible="true" version="1" changeset="6634231" timestamp="2010-12-12T11:03:02Z" user="adivik2000" uid="250196" lat="12.9732632" lon="79.1582642"/>
 <node id="1035448735" visible="true" version="1" changeset="6634231" timestamp="2010-12-12T11:03:02Z" user="adivik2000" uid="250196" lat="12.9757567" lon="79.1598092"/>
 <node id="1035448736" visible="true" version="2" changeset="57298676" timestamp="2018-03-18T18:59:25Z" user="adivik2000" uid="250196" lat="12.9737391" lon="79.1596349"/>
 <node id="1035448737" visible="true" version="1" changeset="6634231" timestamp="2010-12-12T11:03:02Z" user="adivik2000" uid="250196" lat="12.9736596" lon="79.1582721"/>
 <node id="1035448738" visible="true" version="2" changeset="6763472" timestamp="2010-12-25T19:50:34Z" user="adivik2000" uid="250196" lat="12.9737163" lon="79.1567153"/>
 <node id="1035448740" visible="true" version="1" changeset="6634231" timestamp="2010-12-12T11:03:02Z" user="adivik2000" uid="250196" lat="12.9737237" lon="79.1592171"/>
 <node id="1035454035" visible="true" version="1" changeset="6634231" timestamp="2010-12-12T11:05:10Z" user="adivik2000" uid="250196" lat="12.9759438" lon="79.1598335"/>
 <node id="1035454039" visible="true" version="1" changeset="6634231" timestamp="2010-12-12T11:05:10Z" user="adivik2000" uid="250196" lat="12.9759814" lon="79.1595088"/>
 <node id="1035458421" visible="true" version="1" changeset="6634231" timestamp="2010-12-12T11:07:20Z" user="adivik2000" uid="250196" lat="12.9740107" lon="79.1608231"/>
 <node id="1035458422" visible="true" version="1" changeset="6634231" timestamp="2010-12-12T11:07:20Z" user="adivik2000" uid="250196" lat="12.9740316" lon="79.1607748"/>
 <node id="1035458423" visible="true" version="1" changeset="6634231" timestamp="2010-12-12T11:07:20Z" user="adivik2000" uid="250196" lat="12.9739689" lon="79.1608391"/>
 <node id="1035458424" visible="true" version="1" changeset="6634231" timestamp="2010-12-12T11:07:20Z" user="adivik2000" uid="250196" lat="12.9739636" lon="79.1606031"/>
 <node id="1035458425" visible="true" version="1" changeset="6634231" timestamp="2010-12-12T11:07:20Z" user="adivik2000" uid="250196" lat="12.9740149" lon="79.1606168"/>
 <node id="1035458427" visible="true" version="1" changeset="6634231" timestamp="2010-12-12T11:07:20Z" user="adivik2000" uid="250196" lat="12.9737993" lon="79.1605900"/>
 <node id="1035458428" visible="true" version="1" changeset="6634231" timestamp="2010-12-12T11:07:20Z" user="adivik2000" uid="250196" lat="12.9738330" lon="79.1608177"/>
 <node id="1035458430" visible="true" version="1" changeset="6634231" timestamp="2010-12-12T11:07:20Z" user="adivik2000" uid="250196" lat="12.9740368" lon="79.1606568"/>
 <node id="1035458435" visible="true" version="1" changeset="6634231" timestamp="2010-12-12T11:07:20Z" user="adivik2000" uid="250196" lat="12.9740421" lon="79.1607158"/>
 <node id="1035458436" visible="true" version="1" changeset="6634231" timestamp="2010-12-12T11:07:20Z" user="adivik2000" uid="250196" lat="12.9739009" lon="79.1608391"/>
 <node id="1035469397" visible="true" version="1" changeset="6634231" timestamp="2010-12-12T11:13:23Z" user="adivik2000" uid="250196" lat="12.9684486" lon="79.1546754"/>
 <node id="1035469398" visible="true" version="1" changeset="6634231" timestamp="2010-12-12T11:13:23Z" user="adivik2000" uid="250196" lat="12.9689661" lon="79.1546808"/>
 <node id="1035469399" visible="true" version="2" changeset="57298676" timestamp="2018-03-18T18:59:25Z" user="adivik2000" uid="250196" lat="12.9688106" lon="79.1553423"/>
 <node id="1035469401" visible="true" version="2" changeset="57298676" timestamp="2018-03-18T18:59:25Z" user="adivik2000" uid="250196" lat="12.9701502" lon="79.1553500"/>
 <node id="1035470403" visible="true" version="1" changeset="6634231" timestamp="2010-12-12T11:14:13Z" user="adivik2000" uid="250196" lat="12.9684434" lon="79.1550992"/>
 <node id="1035470407" visible="true" version="1" changeset="6634231" timestamp="2010-12-12T11:14:13Z" user="adivik2000" uid="250196" lat="12.9688081" lon="79.1546792"/>
 <node id="1035481767" visible="true" version="1" changeset="6634231" timestamp="2010-12-12T11:22:13Z" user="adivik2000" uid="250196" lat="12.9697234" lon="79.1559233"/>
 <node id="1035481769" visible="true" version="1" changeset="6634231" timestamp="2010-12-12T11:22:13Z" user="adivik2000" uid="250196" lat="12.9696785" lon="79.1558136"/>
 <node id="1035481771" visible="true" version="1" changeset="6634231" timestamp="2010-12-12T11:22:13Z" user="adivik2000" uid="250196" lat="12.9695736" lon="79.1559553"/>
 <node id="1035481772" visible="true" version="1" changeset="6634231" timestamp="2010-12-12T11:22:13Z" user="adivik2000" uid="250196" lat="12.9695626" lon="79.1558504"/>
 <node id="1035481774" visible="true" version="1" changeset="6634231" timestamp="2010-12-12T11:22:13Z" user="adivik2000" uid="250196" lat="12.9696168" lon="79.1558074"/>
 <node id="1035481775" visible="true" version="1" changeset="6634231" timestamp="2010-12-12T11:22:14Z" user="adivik2000" uid="250196" lat="12.9695517" lon="79.1559045"/>
 <node id="1035481776" visible="true" version="1" changeset="6634231" timestamp="2010-12-12T11:22:14Z" user="adivik2000" uid="250196" lat="12.9697229" lon="79.1558651"/>
 <node id="1035481777" visible="true" version="1" changeset="6634231" timestamp="2010-12-12T11:22:14Z" user="adivik2000" uid="250196" lat="12.9695538" lon="79.1558731"/>
 <node id="1035481778" visible="true" version="2" changeset="174897320" timestamp="2025-11-20T09:22:40Z" user="PalMaper" uid="13262539" lat="12.9696290" lon="79.1559845">
  <tag k="highway" v="crossing"/>
 </node>
 <node id="1035481782" visible="true" version="1" changeset="6634231" timestamp="2010-12-12T11:22:14Z" user="adivik2000" uid="250196" lat="12.9695602" lon="79.1559347"/>
 <node id="1035481783" visible="true" version="1" changeset="6634231" timestamp="2010-12-12T11:22:14Z" user="adivik2000" uid="250196" lat="12.9695977" lon="79.1559748"/>
 <node id="1035481785" visible="true" version="2" changeset="174897320" timestamp="2025-11-20T09:22:40Z" user="PalMaper" uid="13262539" lat="12.9696335" lon="79.1558047">
  <tag k="highway" v="crossing"/>
 </node>
 <node id="1035481787" visible="true" version="1" changeset="6634231" timestamp="2010-12-12T11:22:14Z" user="adivik2000" uid="250196" lat="12.9696860" lon="79.1559720"/>
 <node id="1035481789" visible="true" version="1" changeset="6634231" timestamp="2010-12-12T11:22:14Z" user="adivik2000" uid="250196" lat="12.9697089" lon="79.1559510"/>
 <node id="1035481791" visible="true" version="1" changeset="6634231" timestamp="2010-12-12T11:22:14Z" user="adivik2000" uid="250196" lat="12.9695820" lon="79.1558261"/>
 <node id="1035481792" visible="true" version="1" changeset="6634231" timestamp="2010-12-12T11:22:14Z" user="adivik2000" uid="250196" lat="12.9697278" lon="79.1558962"/>
 <node id="1035481794" visible="true" version="1" changeset="6634231" timestamp="2010-12-12T11:22:14Z" user="adivik2000" uid="250196" lat="12.9696575" lon="79.1559836"/>
 <node id="1035481797" visible="true" version="1" changeset="6634231" timestamp="2010-12-12T11:22:14Z" user="adivik2000" uid="250196" lat="12.9697032" lon="79.1558322"/>
 <node id="1035481799" visible="true" version="1" changeset="6634231" timestamp="2010-12-12T11:22:14Z" user="adivik2000" uid="250196" lat="12.9696632" lon="79.1558077"/>
 <node id="1035513574" visible="true" version="2" changeset="57298676" timestamp="2018-03-18T18:59:25Z" user="adivik2000" uid="250196" lat="12.9696557" lon="79.1553373"/>
 <node id="1035513586" visible="true" version="2" changeset="27573813" timestamp="2014-12-19T17:24:18Z" user="DannyAiquipa" uid="2226712" lat="12.9696549" lon="79.1573642"/>
 <node id="1035513587" visible="true" version="1" changeset="6634885" timestamp="2010-12-12T11:40:43Z" user="adivik2000" uid="250196" lat="12.9696453" lon="79.1562607"/>
 <node id="1035519601" visible="true" version="1" changeset="6634885" timestamp="2010-12-12T11:44:07Z" user="adivik2000" uid="250196" lat="12.9701131" lon="79.1564002"/>
 <node id="1035519605" visible="true" version="2" changeset="129405566" timestamp="2022-11-26T15:01:38Z" user="uknown-gryphus" uid="2425805" lat="12.9687831" lon="79.1564147"/>
 <node id="1035519612" visible="true" version="1" changeset="6634885" timestamp="2010-12-12T11:44:08Z" user="adivik2000" uid="250196" lat="12.9696425" lon="79.1563795"/>
 <node id="1035519614" visible="true" version="2" changeset="129405566" timestamp="2022-11-26T15:01:38Z" user="uknown-gryphus" uid="2425805" lat="12.9688043" lon="79.1554625"/>
 <node id="1035519616" visible="true" version="2" changeset="27573813" timestamp="2014-12-19T17:24:18Z" user="DannyAiquipa" uid="2226712" lat="12.9696717" lon="79.1574746"/>
 <node id="1035519626" visible="true" version="2" changeset="129405566" timestamp="2022-11-26T15:01:38Z" user="uknown-gryphus" uid="2425805" lat="12.9684786" lon="79.1558823"/>
 <node id="1035520071" visible="true" version="2" changeset="150160731" timestamp="2024-04-18T07:48:31Z" user="uknown-gryphus" uid="2425805" lat="12.9696397" lon="79.1565809"/>
 <node id="1035547448" visible="true" version="1" changeset="6635117" timestamp="2010-12-12T12:01:59Z" user="adivik2000" uid="250196" lat="12.9714305" lon="79.1615849"/>
 <node id="1035547452" visible="true" version="1" changeset="6635117" timestamp="2010-12-12T12:01:59Z" user="adivik2000" uid="250196" lat="12.9712057" lon="79.1600614"/>
 <node id="1035547458" visible="true" version="1" changeset="6635117" timestamp="2010-12-12T12:01:59Z" user="adivik2000" uid="250196" lat="12.9719611" lon="79.1644011"/>
 <node id="1035564793" visible="true" version="2" changeset="27573759" timestamp="2014-12-19T17:22:08Z" user="DannyAiquipa" uid="2226712" lat="12.9714540" lon="79.1565100"/>
 <node id="1035564803" visible="true" version="1" changeset="6635117" timestamp="2010-12-12T12:11:21Z" user="adivik2000" uid="250196" lat="12.9696357" lon="79.1566610"/>
 <node id="1035564805" visible="true" version="4" changeset="57298676" timestamp="2018-03-18T18:59:25Z" user="adivik2000" uid="250196" lat="12.9709288" lon="79.1569234"/>
 <node id="1035564807" visible="true" version="1" changeset="6635117" timestamp="2010-12-12T12:11:21Z" user="adivik2000" uid="250196" lat="12.9713704" lon="79.1565583"/>
 <node id="1035564809" visible="true" version="1" changeset="6635117" timestamp="2010-12-12T12:11:21Z" user="adivik2000" uid="250196" lat="12.9712867" lon="79.1566978"/>
 <node id="1035564810" visible="true" version="2" changeset="57298676" timestamp="2018-03-18T18:59:25Z" user="adivik2000" uid="250196" lat="12.9706699" lon="79.1567904"/>
 <node id="1035564813" visible="true" version="1" changeset="6635117" timestamp="2010-12-12T12:11:22Z" user="adivik2000" uid="250196" lat="12.9712397" lon="79.1567944"/>
 <node id="1035564816" visible="true" version="3" changeset="52322436" timestamp="2017-09-24T08:24:04Z" user="sfrank" uid="18052" lat="12.9711305" lon="79.1568936"/>
 <node id="1035570225" visible="true" version="1" changeset="6635117" timestamp="2010-12-12T12:14:41Z" user="adivik2000" uid="250196" lat="12.9712920" lon="79.1562043"/>
 <node id="1035570226" visible="true" version="1" changeset="6635117" timestamp="2010-12-12T12:14:41Z" user="adivik2000" uid="250196" lat="12.9701889" lon="79.1539621"/>
 <node id="1035570227" visible="true" version="1" changeset="6635117" timestamp="2010-12-12T12:14:41Z" user="adivik2000" uid="250196" lat="12.9710567" lon="79.1541658"/>
 <node id="1035570228" visible="true" version="2" changeset="57298676" timestamp="2018-03-18T18:59:25Z" user="adivik2000" uid="250196" lat="12.9683058" lon="79.1545737"/>
 <node id="1035570233" visible="true" version="2" changeset="57298676" timestamp="2018-03-18T18:59:25Z" user="adivik2000" uid="250196" lat="12.9685004" lon="79.1545767"/>
 <node id="1035570237" visible="true" version="2" changeset="57298676" timestamp="2018-03-18T18:59:26Z" user="adivik2000" uid="250196" lat="12.9698348" lon="79.1541685"/>
 <node id="1035570238" visible="true" version="2" changeset="57298676" timestamp="2018-03-18T18:59:26Z" user="adivik2000" uid="250196" lat="12.9690559" lon="79.1544422"/>
 <node id="1035570241" visible="true" version="1" changeset="6635117" timestamp="2010-12-12T12:14:42Z" user="adivik2000" uid="250196" lat="12.9711299" lon="79.1544823"/>
 <node id="1035570243" visible="true" version="1" changeset="6635117" timestamp="2010-12-12T12:14:42Z" user="adivik2000" uid="250196" lat="12.9712146" lon="79.1552639"/>
 <node id="1035570245" visible="true" version="2" changeset="57298676" timestamp="2018-03-18T18:59:26Z" user="adivik2000" uid="250196" lat="12.9694153" lon="79.1542692"/>
 <node id="1035570248" visible="true" version="2" changeset="57298676" timestamp="2018-03-18T18:59:26Z" user="adivik2000" uid="250196" lat="12.9688977" lon="79.1545173"/>
 <node id="1035570255" visible="true" version="2" changeset="57298676" timestamp="2018-03-18T18:59:26Z" user="adivik2000" uid="250196" lat="12.9687932" lon="79.1545589"/>
 <node id="1035570256" visible="true" version="2" changeset="129980464" timestamp="2022-12-12T00:44:47Z" user="user_10603760" uid="10603760" lat="12.9700915" lon="79.1521901"/>
 <node id="1035570257" visible="true" version="1" changeset="6635117" timestamp="2010-12-12T12:14:42Z" user="adivik2000" uid="250196" lat="12.9713076" lon="79.1563330"/>
 <node id="1035570258" visible="true" version="2" changeset="57298676" timestamp="2018-03-18T18:59:26Z" user="adivik2000" uid="250196" lat="12.9686507" lon="79.1545790"/>
 <node id="1035570259" visible="true" version="2" changeset="57298676" timestamp="2018-03-18T18:59:26Z" user="adivik2000" uid="250196" lat="12.9695590" lon="79.1542235"/>
 <node id="1035570261" visible="true" version="2" changeset="57298676" timestamp="2018-03-18T18:59:26Z" user="adivik2000" uid="250196" lat="12.9701981" lon="79.1541323"/>
 <node id="1035570264" visible="true" version="2" changeset="57298676" timestamp="2018-03-18T18:59:26Z" user="adivik2000" uid="250196" lat="12.9692414" lon="79.1543443"/>
 <node id="1035570278" visible="true" version="2" changeset="52322436" timestamp="2017-09-24T08:24:04Z" user="sfrank" uid="18052" lat="12.9709470" lon="79.1541511"/>
 <node id="1035570280" visible="true" version="2" changeset="57298676" timestamp="2018-03-18T18:59:26Z" user="adivik2000" uid="250196" lat="12.9681931" lon="79.1545684"/>
 <node id="1035570282" visible="true" version="1" changeset="6635117" timestamp="2010-12-12T12:14:43Z" user="adivik2000" uid="250196" lat="12.9713286" lon="79.1564188"/>
 <node id="1035570283" visible="true" version="1" changeset="6635117" timestamp="2010-12-12T12:14:43Z" user="adivik2000" uid="250196" lat="12.9713756" lon="79.1564671"/>
 <node id="1035570285" visible="true" version="1" changeset="6635117" timestamp="2010-12-12T12:14:43Z" user="adivik2000" uid="250196" lat="12.9711038" lon="79.1542731"/>
 <node id="1035572226" visible="true" version="2" changeset="57298676" timestamp="2018-03-18T18:59:26Z" user="adivik2000" uid="250196" lat="12.9703918" lon="79.1552718"/>
 <node id="1035572227" visible="true" version="2" changeset="57298676" timestamp="2018-03-18T18:59:26Z" user="adivik2000" uid="250196" lat="12.9703171" lon="79.1553514"/>
 <node id="1035572228" visible="true" version="2" changeset="57298676" timestamp="2018-03-18T18:59:26Z" user="adivik2000" uid="250196" lat="12.9702595" lon="79.1553509"/>
 <node id="1035572229" visible="true" version="2" changeset="57298676" timestamp="2018-03-18T18:59:26Z" user="adivik2000" uid="250196" lat="12.9703968" lon="79.1552106"/>
 <node id="1035572230" visible="true" version="2" changeset="137233193" timestamp="2023-06-12T08:18:30Z" user="Abhimanyu Kundu" uid="19553168" lat="12.9704137" lon="79.1542115">
  <tag k="access" v="permissive"/>
  <tag k="barrier" v="gate"/>
  <tag k="bicycle" v="no"/>
  <tag k="foot" v="yes"/>
  <tag k="horse" v="no"/>
  <tag k="locked" v="yes"/>
  <tag k="motor_vehicle" v="no"/>
  <tag k="wheelchair" v="yes"/>
 </node>
 <node id="1035572231" visible="true" version="2" changeset="57298676" timestamp="2018-03-18T18:59:26Z" user="adivik2000" uid="250196" lat="12.9703523" lon="79.1553461"/>
 <node id="1035572232" visible="true" version="2" changeset="57298676" timestamp="2018-03-18T18:59:26Z" user="adivik2000" uid="250196" lat="12.9703706" lon="79.1553327"/>
 <node id="1035572248" visible="true" version="2" changeset="57298676" timestamp="2018-03-18T18:59:26Z" user="adivik2000" uid="250196" lat="12.9692531" lon="79.1553324"/>
 <node id="1035572250" visible="true" version="2" changeset="57298676" timestamp="2018-03-18T18:59:26Z" user="adivik2000" uid="250196" lat="12.9703993" lon="79.1551530"/>
 <node id="1035572252" visible="true" version="2" changeset="57298676" timestamp="2018-03-18T18:59:26Z" user="adivik2000" uid="250196" lat="12.9692584" lon="79.1545227"/>
 <node id="1035583343" visible="true" version="3" changeset="129980464" timestamp="2022-12-12T00:44:47Z" user="user_10603760" uid="10603760" lat="12.9704119" lon="79.1541427"/>
 <node id="1064537779" visible="true" version="2" changeset="148470992" timestamp="2024-03-10T16:44:50Z" user="Asif99182" uid="20658534" lat="12.9727497" lon="79.1592767">
  <tag k="name" v="Sanjay Shop (Benzo)"/>
  <tag k="shop" v="convenience"/>
 </node>
 <node id="1064545154" visible="true" version="1" changeset="6763472" timestamp="2010-12-25T19:42:26Z" user="adivik2000" uid="250196" lat="12.9733385" lon="79.1574355"/>
 <node id="1064545157" visible="true" version="1" changeset="6763472" timestamp="2010-12-25T19:42:26Z" user="adivik2000" uid="250196" lat="12.9733594" lon="79.1571565"/>
 <node id="1064555099" visible="true" version="2" changeset="6849262" timestamp="2011-01-03T12:57:52Z" user="adivik2000" uid="250196" lat="12.9708223" lon="79.1541007">
  <tag k="barrier" v="lift_gate"/>
  <tag k="name" v="Railway Gate"/>
 </node>
 <node id="1064555883" visible="true" version="3" changeset="177790632" timestamp="2026-01-28T06:21:03Z" user="PalMaper" uid="13262539" lat="12.9715119" lon="79.1565181">
  <tag k="access" v="permit"/>
  <tag k="barrier" v="gate"/>
  <tag k="locked" v="yes"/>
  <tag k="material" v="metal"/>
  <tag k="wheelchair" v="yes"/>
 </node>
 <node id="1064558843" visible="true" version="8" changeset="184217568" timestamp="2026-06-17T09:33:53Z" user="TheLNL" uid="21256080" lat="12.9699373" lon="79.1543436">
  <tag k="amenity" v="bank"/>
  <tag k="atm" v="yes"/>
  <tag k="brand" v="Indian Bank"/>
  <tag k="brand:wikidata" v="Q2003789"/>
  <tag k="brand:wikipedia" v="en:Indian Bank"/>
  <tag k="name" v="Indian Bank"/>
  <tag k="name:en" v="Indian Bank"/>
  <tag k="opening_hours" v="Mo-Sa 09:00-17:30"/>
  <tag k="website" v="https://www.indianbank.in/"/>
 </node>
 <node id="1064559867" visible="true" version="5" changeset="184217568" timestamp="2026-06-17T09:33:53Z" user="TheLNL" uid="21256080" lat="12.9698116" lon="79.1543451">
  <tag k="addr:city" v="Vellore"/>
  <tag k="addr:postcode" v="632014"/>
  <tag k="amenity" v="post_office"/>
  <tag k="opening_hours" v="Mo-Sa 08:00-18:00"/>
 </node>
 <node id="1064559868" visible="true" version="4" changeset="184217568" timestamp="2026-06-17T09:33:53Z" user="TheLNL" uid="21256080" lat="12.9700963" lon="79.1543490">
  <tag k="name" v="All Maart"/>
  <tag k="opening_hours" v="Mo-Sa 09:00-20:30"/>
  <tag k="shop" v="supermarket"/>
 </node>
 <node id="1065288301" visible="true" version="2" changeset="184217568" timestamp="2026-06-17T09:33:53Z" user="TheLNL" uid="21256080" lat="12.9702639" lon="79.1543561">
  <tag k="name" v="Eagle Hairdresser"/>
  <tag k="shop" v="hairdresser"/>
 </node>
 <node id="1079514257" visible="true" version="1" changeset="6843286" timestamp="2011-01-02T20:56:33Z" user="adivik2000" uid="250196" lat="12.9723714" lon="79.1593883">
  <tag k="name" v="Bright Power Laundry"/>
  <tag k="shop" v="laundry"/>
 </node>
 <node id="1079523486" visible="true" version="2" changeset="57298676" timestamp="2018-03-18T18:59:26Z" user="adivik2000" uid="250196" lat="12.9705156" lon="79.1583582"/>
 <node id="1079523489" visible="true" version="3" changeset="57298676" timestamp="2018-03-18T18:59:26Z" user="adivik2000" uid="250196" lat="12.9705153" lon="79.1585482"/>
 <node id="1079523490" visible="true" version="2" changeset="57298676" timestamp="2018-03-18T18:59:26Z" user="adivik2000" uid="250196" lat="12.9702150" lon="79.1585459"/>
 <node id="1079523493" visible="true" version="2" changeset="57298676" timestamp="2018-03-18T18:59:26Z" user="adivik2000" uid="250196" lat="12.9702202" lon="79.1583528"/>
 <node id="1079549319" visible="true" version="2" changeset="57298676" timestamp="2018-03-18T18:59:26Z" user="adivik2000" uid="250196" lat="12.9705976" lon="79.1565965"/>
 <node id="1079549325" visible="true" version="2" changeset="57298676" timestamp="2018-03-18T18:59:26Z" user="adivik2000" uid="250196" lat="12.9703193" lon="79.1561241"/>
 <node id="1079549326" visible="true" version="2" changeset="57298676" timestamp="2018-03-18T18:59:26Z" user="adivik2000" uid="250196" lat="12.9706268" lon="79.1561451"/>
 <node id="1079549328" visible="true" version="2" changeset="57298676" timestamp="2018-03-18T18:59:26Z" user="adivik2000" uid="250196" lat="12.9702901" lon="79.1565756"/>
 <node id="1079553871" visible="true" version="3" changeset="57298676" timestamp="2018-03-18T18:59:26Z" user="adivik2000" uid="250196" lat="12.9705941" lon="79.1560596"/>
 <node id="1079553874" visible="true" version="3" changeset="57298676" timestamp="2018-03-18T18:59:26Z" user="adivik2000" uid="250196" lat="12.9702868" lon="79.1558623"/>
 <node id="1079553876" visible="true" version="3" changeset="57298676" timestamp="2018-03-18T18:59:26Z" user="adivik2000" uid="250196" lat="12.9705966" lon="79.1558665"/>
 <node id="1079553881" visible="true" version="3" changeset="57298676" timestamp="2018-03-18T18:59:26Z" user="adivik2000" uid="250196" lat="12.9702844" lon="79.1560554"/>
 <node id="1079564176" visible="true" version="2" changeset="57298676" timestamp="2018-03-18T18:59:26Z" user="adivik2000" uid="250196" lat="12.9706492" lon="79.1554367"/>
 <node id="1079564181" visible="true" version="2" changeset="57298676" timestamp="2018-03-18T18:59:26Z" user="adivik2000" uid="250196" lat="12.9703096" lon="79.1554269"/>
 <node id="1079564194" visible="true" version="2" changeset="57298676" timestamp="2018-03-18T18:59:26Z" user="adivik2000" uid="250196" lat="12.9706392" lon="79.1558004"/>
 <node id="1079564217" visible="true" version="2" changeset="57298676" timestamp="2018-03-18T18:59:26Z" user="adivik2000" uid="250196" lat="12.9702996" lon="79.1557905"/>
 <node id="1079568428" visible="true" version="1" changeset="6843286" timestamp="2011-01-02T21:16:07Z" user="adivik2000" uid="250196" lat="12.9701523" lon="79.1560886"/>
 <node id="1079568465" visible="true" version="1" changeset="6843286" timestamp="2011-01-02T21:16:11Z" user="adivik2000" uid="250196" lat="12.9702427" lon="79.1560957"/>
 <node id="1079568468" visible="true" version="1" changeset="6843286" timestamp="2011-01-02T21:16:11Z" user="adivik2000" uid="250196" lat="12.9701200" lon="79.1565215"/>
 <node id="1079568470" visible="true" version="1" changeset="6843286" timestamp="2011-01-02T21:16:11Z" user="adivik2000" uid="250196" lat="12.9702104" lon="79.1565286"/>
 <node id="1079579542" visible="true" version="2" changeset="57298676" timestamp="2018-03-18T18:59:27Z" user="adivik2000" uid="250196" lat="12.9700833" lon="79.1563703"/>
 <node id="1079579543" visible="true" version="2" changeset="57298676" timestamp="2018-03-18T18:59:27Z" user="adivik2000" uid="250196" lat="12.9700944" lon="79.1561834"/>
 <node id="1079579546" visible="true" version="2" changeset="57298676" timestamp="2018-03-18T18:59:27Z" user="adivik2000" uid="250196" lat="12.9697966" lon="79.1561648"/>
 <node id="1079579548" visible="true" version="2" changeset="57298676" timestamp="2018-03-18T18:59:27Z" user="adivik2000" uid="250196" lat="12.9697854" lon="79.1563517"/>
 <node id="1079594803" visible="true" version="4" changeset="174897320" timestamp="2025-11-20T09:22:40Z" user="PalMaper" uid="13262539" lat="12.9692707" lon="79.1563265"/>
 <node id="1079594813" visible="true" version="4" changeset="174897320" timestamp="2025-11-20T09:22:40Z" user="PalMaper" uid="13262539" lat="12.9694314" lon="79.1563635"/>
 <node id="1079594816" visible="true" version="4" changeset="174897320" timestamp="2025-11-20T09:22:40Z" user="PalMaper" uid="13262539" lat="12.9694500" lon="79.1554123"/>
 <node id="1079594820" visible="true" version="4" changeset="174897320" timestamp="2025-11-20T09:22:40Z" user="PalMaper" uid="13262539" lat="12.9690723" lon="79.1554096"/>
 <node id="1079594822" visible="true" version="4" changeset="174897320" timestamp="2025-11-20T09:22:40Z" user="PalMaper" uid="13262539" lat="12.9689553" lon="79.1558084"/>
 <node id="1079594829" visible="true" version="4" changeset="174897320" timestamp="2025-11-20T09:22:40Z" user="PalMaper" uid="13262539" lat="12.9689465" lon="79.1559572"/>
 <node id="1079594830" visible="true" version="4" changeset="174897320" timestamp="2025-11-20T09:22:40Z" user="PalMaper" uid="13262539" lat="12.9692499" lon="79.1554488"/>
 <node id="1079594834" visible="true" version="4" changeset="174897320" timestamp="2025-11-20T09:22:40Z" user="PalMaper" uid="13262539" lat="12.9690540" lon="79.1563522"/>
 <node id="1079594848" visible="true" version="4" changeset="174897320" timestamp="2025-11-20T09:22:40Z" user="PalMaper" uid="13262539" lat="12.9689913" lon="79.1558090"/>
 <node id="1079594851" visible="true" version="4" changeset="174897320" timestamp="2025-11-20T09:22:40Z" user="PalMaper" uid="13262539" lat="12.9689825" lon="79.1559621"/>
 <node id="1079594853" visible="true" version="4" changeset="174897320" timestamp="2025-11-20T09:22:40Z" user="PalMaper" uid="13262539" lat="12.9695388" lon="79.1558380"/>
 <node id="1079594854" visible="true" version="4" changeset="174897320" timestamp="2025-11-20T09:22:40Z" user="PalMaper" uid="13262539" lat="12.9695415" lon="79.1559425"/>
 <node id="1079605259" visible="true" version="2" changeset="135933453" timestamp="2023-05-10T12:30:50Z" user="Lone_Muskedeer" uid="19219526" lat="12.9705339" lon="79.1544609">
  <tag k="amenity" v="restaurant"/>
  <tag k="name" v="Canteen"/>
  <tag k="opening_hours" v="Mo-Sa 08:00-20:45"/>
 </node>
 <node id="1079608967" visible="true" version="2" changeset="174897320" timestamp="2025-11-20T09:22:40Z" user="PalMaper" uid="13262539" lat="12.9687735" lon="79.1572040"/>
 <node id="1079608968" visible="true" version="2" changeset="174897320" timestamp="2025-11-20T09:22:40Z" user="PalMaper" uid="13262539" lat="12.9696326" lon="79.1572178"/>
 <node id="1080142879" visible="true" version="5" changeset="183765380" timestamp="2026-06-07T06:41:35Z" user="TheLNL" uid="21256080" lat="12.9689006" lon="79.1575210"/>
 <node id="1080142880" visible="true" version="5" changeset="183765380" timestamp="2026-06-07T06:41:35Z" user="TheLNL" uid="21256080" lat="12.9695793" lon="79.1579400"/>
 <node id="1080142881" visible="true" version="5" changeset="183765380" timestamp="2026-06-07T06:41:35Z" user="TheLNL" uid="21256080" lat="12.9692470" lon="79.1573242"/>
 <node id="1080142882" visible="true" version="5" changeset="183765380" timestamp="2026-06-07T06:41:35Z" user="TheLNL" uid="21256080" lat="12.9692328" lon="79.1581369"/>
 <node id="1080142883" visible="true" version="5" changeset="183765380" timestamp="2026-06-07T06:41:35Z" user="TheLNL" uid="21256080" lat="12.9695864" lon="79.1575337"/>
 <node id="1080142884" visible="true" version="5" changeset="183765380" timestamp="2026-06-07T06:41:35Z" user="TheLNL" uid="21256080" lat="12.9688934" lon="79.1579274"/>
 <node id="1080143635" visible="true" version="3" changeset="174897320" timestamp="2025-11-20T09:22:40Z" user="PalMaper" uid="13262539" lat="12.9697810" lon="79.1558602"/>
 <node id="1080143636" visible="true" version="3" changeset="174897320" timestamp="2025-11-20T09:22:40Z" user="PalMaper" uid="13262539" lat="12.9702285" lon="79.1558457"/>
 <node id="1080143638" visible="true" version="2" changeset="57298676" timestamp="2018-03-18T18:59:27Z" user="adivik2000" uid="250196" lat="12.9697845" lon="79.1554833"/>
 <node id="1080143641" visible="true" version="3" changeset="174897320" timestamp="2025-11-20T09:22:40Z" user="PalMaper" uid="13262539" lat="12.9702306" lon="79.1554887"/>
 <node id="1080144848" visible="true" version="4" changeset="184217568" timestamp="2026-06-17T09:33:53Z" user="TheLNL" uid="21256080" lat="12.9703439" lon="79.1543226"/>
 <node id="1080144849" visible="true" version="1" changeset="6846419" timestamp="2011-01-03T06:27:55Z" user="adivik2000" uid="250196" lat="12.9693944" lon="79.1570090"/>
 <node id="1080144850" visible="true" version="1" changeset="6846419" timestamp="2011-01-03T06:27:55Z" user="adivik2000" uid="250196" lat="12.9694885" lon="79.1569473"/>
 <node id="1080144851" visible="true" version="1" changeset="6846419" timestamp="2011-01-03T06:27:55Z" user="adivik2000" uid="250196" lat="12.9691696" lon="79.1569339"/>
 <node id="1080144852" visible="true" version="1" changeset="6846419" timestamp="2011-01-03T06:27:55Z" user="adivik2000" uid="250196" lat="12.9705235" lon="79.1552521"/>
 <node id="1080144853" visible="true" version="1" changeset="6846419" timestamp="2011-01-03T06:27:55Z" user="adivik2000" uid="250196" lat="12.9691460" lon="79.1569393"/>
 <node id="1080144854" visible="true" version="1" changeset="6846419" timestamp="2011-01-03T06:27:55Z" user="adivik2000" uid="250196" lat="12.9694675" lon="79.1567059"/>
 <node id="1080144855" visible="true" version="1" changeset="6846419" timestamp="2011-01-03T06:27:55Z" user="adivik2000" uid="250196" lat="12.9691722" lon="79.1567676"/>
 <node id="1080144856" visible="true" version="1" changeset="6846419" timestamp="2011-01-03T06:27:55Z" user="adivik2000" uid="250196" lat="12.9705261" lon="79.1553058"/>
 <node id="1080144857" visible="true" version="1" changeset="6846419" timestamp="2011-01-03T06:27:55Z" user="adivik2000" uid="250196" lat="12.9694074" lon="79.1567059"/>
 <node id="1080144858" visible="true" version="1" changeset="6846419" timestamp="2011-01-03T06:27:55Z" user="adivik2000" uid="250196" lat="12.9704373" lon="79.1553728"/>
 <node id="1080144859" visible="true" version="1" changeset="6846419" timestamp="2011-01-03T06:27:55Z" user="adivik2000" uid="250196" lat="12.9693944" lon="79.1570653"/>
 <node id="1080144860" visible="true" version="1" changeset="6846419" timestamp="2011-01-03T06:27:55Z" user="adivik2000" uid="250196" lat="12.9694649" lon="79.1567703"/>
 <node id="1080144861" visible="true" version="4" changeset="184217568" timestamp="2026-06-17T09:33:53Z" user="TheLNL" uid="21256080" lat="12.9698142" lon="79.1543121"/>
 <node id="1080144863" visible="true" version="1" changeset="6846419" timestamp="2011-01-03T06:27:55Z" user="adivik2000" uid="250196" lat="12.9691696" lon="79.1570063"/>
 <node id="1080144864" visible="true" version="4" changeset="184217568" timestamp="2026-06-17T09:33:53Z" user="TheLNL" uid="21256080" lat="12.9699417" lon="79.1543015"/>
 <node id="1080144865" visible="true" version="1" changeset="6846419" timestamp="2011-01-03T06:27:55Z" user="adivik2000" uid="250196" lat="12.9692846" lon="79.1570063"/>
 <node id="1080144866" visible="true" version="1" changeset="6846419" timestamp="2011-01-03T06:27:55Z" user="adivik2000" uid="250196" lat="12.9706648" lon="79.1548201"/>
 <node id="1080144867" visible="true" version="1" changeset="6846419" timestamp="2011-01-03T06:27:55Z" user="adivik2000" uid="250196" lat="12.9694937" lon="79.1567756"/>
 <node id="1080144868" visible="true" version="1" changeset="6846419" timestamp="2011-01-03T06:27:55Z" user="adivik2000" uid="250196" lat="12.9706986" lon="79.1552575"/>
 <node id="1080144869" visible="true" version="1" changeset="6846419" timestamp="2011-01-03T06:27:55Z" user="adivik2000" uid="250196" lat="12.9694649" lon="79.1569554"/>
 <node id="1080144870" visible="true" version="4" changeset="184217568" timestamp="2026-06-17T09:33:53Z" user="TheLNL" uid="21256080" lat="12.9703428" lon="79.1544389"/>
 <node id="1080144871" visible="true" version="1" changeset="6846419" timestamp="2011-01-03T06:27:55Z" user="adivik2000" uid="250196" lat="12.9692820" lon="79.1567032"/>
 <node id="1080144872" visible="true" version="1" changeset="6846419" timestamp="2011-01-03T06:27:55Z" user="adivik2000" uid="250196" lat="12.9704399" lon="79.1553085"/>
 <node id="1080144873" visible="true" version="1" changeset="6846419" timestamp="2011-01-03T06:27:55Z" user="adivik2000" uid="250196" lat="12.9694022" lon="79.1566523"/>
 <node id="1080144874" visible="true" version="1" changeset="6846419" timestamp="2011-01-03T06:27:56Z" user="adivik2000" uid="250196" lat="12.9704610" lon="79.1548178"/>
 <node id="1080144875" visible="true" version="1" changeset="6846419" timestamp="2011-01-03T06:27:56Z" user="adivik2000" uid="250196" lat="12.9706986" lon="79.1553809"/>
 <node id="1080144876" visible="true" version="1" changeset="6846419" timestamp="2011-01-03T06:27:56Z" user="adivik2000" uid="250196" lat="12.9692846" lon="79.1570600"/>
 <node id="1080144877" visible="true" version="1" changeset="6846419" timestamp="2011-01-03T06:27:56Z" user="adivik2000" uid="250196" lat="12.9694649" lon="79.1570063"/>
 <node id="1080144880" visible="true" version="1" changeset="6846419" timestamp="2011-01-03T06:27:56Z" user="adivik2000" uid="250196" lat="12.9691460" lon="79.1567649"/>
 <node id="1080144881" visible="true" version="1" changeset="6846419" timestamp="2011-01-03T06:27:56Z" user="adivik2000" uid="250196" lat="12.9706605" lon="79.1552398"/>
 <node id="1080144883" visible="true" version="1" changeset="6846419" timestamp="2011-01-03T06:27:56Z" user="adivik2000" uid="250196" lat="12.9691748" lon="79.1567005"/>
 <node id="1080144885" visible="true" version="1" changeset="6846419" timestamp="2011-01-03T06:27:56Z" user="adivik2000" uid="250196" lat="12.9692820" lon="79.1566469"/>
 <node id="1080144888" visible="true" version="1" changeset="6846419" timestamp="2011-01-03T06:27:56Z" user="adivik2000" uid="250196" lat="12.9704566" lon="79.1552376"/>
 <node id="1080145672" visible="true" version="3" changeset="174897320" timestamp="2025-11-20T09:22:40Z" user="PalMaper" uid="13262539" lat="12.9691072" lon="79.1585105"/>
 <node id="1080145675" visible="true" version="3" changeset="174897320" timestamp="2025-11-20T09:22:40Z" user="PalMaper" uid="13262539" lat="12.9691109" lon="79.1581578"/>
 <node id="1080145676" visible="true" version="3" changeset="174897320" timestamp="2025-11-20T09:22:40Z" user="PalMaper" uid="13262539" lat="12.9688563" lon="79.1585077"/>
 <node id="1080145677" visible="true" version="3" changeset="174897320" timestamp="2025-11-20T09:22:40Z" user="PalMaper" uid="13262539" lat="12.9688601" lon="79.1581550"/>
 <node id="1105983755" visible="true" version="6" changeset="63562159" timestamp="2018-10-16T04:15:37Z" user="Deepak Saravanan" uid="664208" lat="12.9711312" lon="79.1456160">
  <tag k="railway" v="switch"/>
 </node>
 <node id="1619805362" visible="true" version="3" changeset="150712063" timestamp="2024-04-30T14:42:02Z" user="tg1239" uid="21373336" lat="12.9721701" lon="79.1579962">
  <tag k="amenity" v="restaurant"/>
  <tag k="cuisine" v="regional"/>
  <tag k="name" v="Food Park"/>
 </node>
 <node id="1619807760" visible="true" version="6" changeset="163165355" timestamp="2025-03-03T15:10:12Z" user="anirudh-ramesh-irasus" uid="19635258" lat="12.9697492" lon="79.1551859">
  <tag k="amenity" v="atm"/>
  <tag k="brand" v="HDFC Bank"/>
  <tag k="brand:en" v="HDFC Bank"/>
  <tag k="brand:wikidata" v="Q631047"/>
  <tag k="cash_in" v="yes"/>
  <tag k="currency:INR" v="yes"/>
  <tag k="drive_through" v="no"/>
  <tag k="indoor" v="yes"/>
  <tag k="name" v="HDFC Bank"/>
  <tag k="note" v="Contributors are requested to not edit the &quot;brand&quot;, &quot;brand:en&quot;, &quot;brand:wikidata&quot;, &quot;operator&quot;, &quot;operator:en&quot; and &quot;operator:wikidata&quot; tags. (2025/03/03)"/>
  <tag k="opening_hours" v="24/7"/>
  <tag k="operator" v="HDFC Bank"/>
  <tag k="operator:en" v="HDFC Bank"/>
  <tag k="operator:wikidata" v="Q631047"/>
  <tag k="short_name" v="HDFC"/>
 </node>
 <node id="1619807763" visible="true" version="1" changeset="10600310" timestamp="2012-02-06T05:47:34Z" user="VivekSagar" uid="600163" lat="12.9687146" lon="79.1558854">
  <tag k="amenity" v="fountain"/>
  <tag k="name" v="Main Gate Fountain"/>
 </node>
 <node id="1626922616" visible="true" version="2" changeset="57298676" timestamp="2018-03-18T18:59:27Z" user="adivik2000" uid="250196" lat="12.9711234" lon="79.1601379"/>
 <node id="1626922617" visible="true" version="2" changeset="57298676" timestamp="2018-03-18T18:59:27Z" user="adivik2000" uid="250196" lat="12.9711402" lon="79.1602727"/>
 <node id="1626922619" visible="true" version="3" changeset="57298676" timestamp="2018-03-18T18:59:27Z" user="adivik2000" uid="250196" lat="12.9710256" lon="79.1602878"/>
 <node id="1626922622" visible="true" version="2" changeset="57298676" timestamp="2018-03-18T18:59:27Z" user="adivik2000" uid="250196" lat="12.9710088" lon="79.1601530"/>
 <node id="1626932588" visible="true" version="3" changeset="74723296" timestamp="2019-09-20T15:14:15Z" user="dkrish24" uid="10235055" lat="12.9697719" lon="79.1590712"/>
 <node id="1626932592" visible="true" version="2" changeset="74723296" timestamp="2019-09-20T15:14:15Z" user="dkrish24" uid="10235055" lat="12.9698252" lon="79.1621547"/>
 <node id="1626932603" visible="true" version="2" changeset="74723296" timestamp="2019-09-20T15:14:15Z" user="dkrish24" uid="10235055" lat="12.9704234" lon="79.1613147"/>
 <node id="1626932606" visible="true" version="2" changeset="74723296" timestamp="2019-09-20T15:14:15Z" user="dkrish24" uid="10235055" lat="12.9702485" lon="79.1598543"/>
 <node id="1626932613" visible="true" version="3" changeset="74723296" timestamp="2019-09-20T15:14:15Z" user="dkrish24" uid="10235055" lat="12.9689180" lon="79.1602147"/>
 <node id="1626932624" visible="true" version="2" changeset="74723296" timestamp="2019-09-20T15:14:15Z" user="dkrish24" uid="10235055" lat="12.9697941" lon="79.1597944"/>
 <node id="1626932629" visible="true" version="3" changeset="74723296" timestamp="2019-09-20T15:14:15Z" user="dkrish24" uid="10235055" lat="12.9686751" lon="79.1588839"/>
 <node id="1626933708" visible="true" version="2" changeset="57298676" timestamp="2018-03-18T18:59:27Z" user="adivik2000" uid="250196" lat="12.9708298" lon="79.1616712"/>
 <node id="1626933709" visible="true" version="2" changeset="57298676" timestamp="2018-03-18T18:59:27Z" user="adivik2000" uid="250196" lat="12.9704968" lon="79.1614728"/>
 <node id="1626933710" visible="true" version="2" changeset="57298676" timestamp="2018-03-18T18:59:27Z" user="adivik2000" uid="250196" lat="12.9705348" lon="79.1617191"/>
 <node id="1626933711" visible="true" version="2" changeset="57298676" timestamp="2018-03-18T18:59:27Z" user="adivik2000" uid="250196" lat="12.9707918" lon="79.1614249"/>
 <node id="1626952116" visible="true" version="3" changeset="57298676" timestamp="2018-03-18T18:59:27Z" user="adivik2000" uid="250196" lat="12.9709132" lon="79.1583162"/>
 <node id="1626952136" visible="true" version="3" changeset="57298676" timestamp="2018-03-18T18:59:27Z" user="adivik2000" uid="250196" lat="12.9718687" lon="79.1581701"/>
 <node id="1626952168" visible="true" version="3" changeset="57298676" timestamp="2018-03-18T18:59:27Z" user="adivik2000" uid="250196" lat="12.9705737" lon="79.1582001"/>
 <node id="1626952183" visible="true" version="4" changeset="57298676" timestamp="2018-03-18T18:59:27Z" user="adivik2000" uid="250196" lat="12.9718939" lon="79.1580983"/>
 <node id="1626955129" visible="true" version="2" changeset="57298676" timestamp="2018-03-18T18:59:27Z" user="adivik2000" uid="250196" lat="12.9708712" lon="79.1573097"/>
 <node id="1626955132" visible="true" version="1" changeset="10643787" timestamp="2012-02-10T14:21:47Z" user="Vinaychalluru" uid="602788" lat="12.9710046" lon="79.1585808"/>
 <node id="1626955135" visible="true" version="2" changeset="57298676" timestamp="2018-03-18T18:59:27Z" user="adivik2000" uid="250196" lat="12.9708632" lon="79.1569110"/>
 <node id="1626955138" visible="true" version="2" changeset="57298676" timestamp="2018-03-18T18:59:27Z" user="adivik2000" uid="250196" lat="12.9709275" lon="79.1574639"/>
 <node id="2082246287" visible="true" version="6" changeset="185881561" timestamp="2026-07-17T03:42:30Z" user="TheLNL" uid="21256080" lat="12.9729212" lon="79.1639299">
  <tag k="amenity" v="bicycle_parking"/>
 </node>
 <node id="2082246288" visible="true" version="5" changeset="137233193" timestamp="2023-06-12T08:18:30Z" user="Abhimanyu Kundu" uid="19553168" lat="12.9724556" lon="79.1645454">
  <tag k="amenity" v="bicycle_parking"/>
 </node>
 <node id="2082248267" visible="true" version="5" changeset="174897320" timestamp="2025-11-20T09:22:40Z" user="PalMaper" uid="13262539" lat="12.9693843" lon="79.1581862"/>
 <node id="2082248269" visible="true" version="5" changeset="174897320" timestamp="2025-11-20T09:22:40Z" user="PalMaper" uid="13262539" lat="12.9692039" lon="79.1586192"/>
 <node id="2082248270" visible="true" version="4" changeset="174897320" timestamp="2025-11-20T09:22:40Z" user="PalMaper" uid="13262539" lat="12.9692187" lon="79.1584159"/>
 <node id="2082248271" visible="true" version="6" changeset="174897320" timestamp="2025-11-20T09:22:40Z" user="PalMaper" uid="13262539" lat="12.9695600" lon="79.1585618"/>
 <node id="2082248272" visible="true" version="6" changeset="174897320" timestamp="2025-11-20T09:22:40Z" user="PalMaper" uid="13262539" lat="12.9695651" lon="79.1581915"/>
 <node id="2082248273" visible="true" version="5" changeset="174897320" timestamp="2025-11-20T09:22:40Z" user="PalMaper" uid="13262539" lat="12.9692647" lon="79.1583217"/>
 <node id="2156022973" visible="true" version="3" changeset="33962931" timestamp="2015-09-11T16:54:45Z" user="Luis36995" uid="1829683" lat="12.9697036" lon="79.1581860"/>
 <node id="2186778171" visible="true" version="3" changeset="124638958" timestamp="2022-08-08T12:48:10Z" user="Kavithaptpm" uid="12266079" lat="12.9711446" lon="79.1468224"/>
 <node id="2186778173" visible="true" version="1" changeset="15255428" timestamp="2013-03-05T08:03:38Z" user="kingsley" uid="1233278" lat="12.9709803" lon="79.1521032"/>
 <node id="2186778174" visible="true" version="1" changeset="15255428" timestamp="2013-03-05T08:03:38Z" user="kingsley" uid="1233278" lat="12.9709803" lon="79.1528299"/>
 <node id="2186778175" visible="true" version="1" changeset="15255428" timestamp="2013-03-05T08:03:38Z" user="kingsley" uid="1233278" lat="12.9709923" lon="79.1510862"/>
 <node id="2186778176" visible="true" version="1" changeset="15255428" timestamp="2013-03-05T08:03:38Z" user="kingsley" uid="1233278" lat="12.9709958" lon="79.1500744"/>
 <node id="2186778177" visible="true" version="1" changeset="15255428" timestamp="2013-03-05T08:03:38Z" user="kingsley" uid="1233278" lat="12.9710198" lon="79.1534827"/>
 <node id="2186778179" visible="true" version="1" changeset="15255428" timestamp="2013-03-05T08:03:38Z" user="kingsley" uid="1233278" lat="12.9710369" lon="79.1488515"/>
 <node id="2186778180" visible="true" version="1" changeset="15255428" timestamp="2013-03-05T08:03:38Z" user="kingsley" uid="1233278" lat="12.9710472" lon="79.1532698"/>
 <node id="2186778181" visible="true" version="1" changeset="15255428" timestamp="2013-03-05T08:03:38Z" user="kingsley" uid="1233278" lat="12.9710523" lon="79.1483810"/>
 <node id="2186778184" visible="true" version="1" changeset="15255428" timestamp="2013-03-05T08:03:38Z" user="kingsley" uid="1233278" lat="12.9710763" lon="79.1536605"/>
 <node id="2186778186" visible="true" version="1" changeset="15255428" timestamp="2013-03-05T08:03:39Z" user="kingsley" uid="1233278" lat="12.9710901" lon="79.1472221"/>
 <node id="2186778188" visible="true" version="1" changeset="15255428" timestamp="2013-03-05T08:03:39Z" user="kingsley" uid="1233278" lat="12.9710969" lon="79.1541408"/>
 <node id="2186778189" visible="true" version="1" changeset="15255428" timestamp="2013-03-05T08:03:39Z" user="kingsley" uid="1233278" lat="12.9711278" lon="79.1468632"/>
 <node id="2186778190" visible="true" version="1" changeset="15255428" timestamp="2013-03-05T08:03:39Z" user="kingsley" uid="1233278" lat="12.9711741" lon="79.1467506"/>
 <node id="2186778191" visible="true" version="1" changeset="15255428" timestamp="2013-03-05T08:03:39Z" user="kingsley" uid="1233278" lat="12.9711978" lon="79.1466253"/>
 <node id="2186778192" visible="true" version="1" changeset="15255428" timestamp="2013-03-05T08:03:39Z" user="kingsley" uid="1233278" lat="12.9711981" lon="79.1459658"/>
 <node id="2186778193" visible="true" version="1" changeset="15255428" timestamp="2013-03-05T08:03:39Z" user="kingsley" uid="1233278" lat="12.9712187" lon="79.1465148"/>
 <node id="2186778197" visible="true" version="1" changeset="15255428" timestamp="2013-03-05T08:03:39Z" user="kingsley" uid="1233278" lat="12.9713330" lon="79.1446465"/>
 <node id="2186778202" visible="true" version="1" changeset="15255428" timestamp="2013-03-05T08:03:39Z" user="kingsley" uid="1233278" lat="12.9718762" lon="79.1447013"/>
 <node id="2186778205" visible="true" version="1" changeset="15255428" timestamp="2013-03-05T08:03:39Z" user="kingsley" uid="1233278" lat="12.9722690" lon="79.1447013"/>
 <node id="2186778211" visible="true" version="1" changeset="15255428" timestamp="2013-03-05T08:03:39Z" user="kingsley" uid="1233278" lat="12.9724830" lon="79.1447191"/>
 <node id="2186778215" visible="true" version="1" changeset="15255428" timestamp="2013-03-05T08:03:39Z" user="kingsley" uid="1233278" lat="12.9725114" lon="79.1447215"/>
 <node id="2186778232" visible="true" version="1" changeset="15255428" timestamp="2013-03-05T08:03:39Z" user="kingsley" uid="1233278" lat="12.9731238" lon="79.1447725"/>
 <node id="2186778237" visible="true" version="1" changeset="15255428" timestamp="2013-03-05T08:03:39Z" user="kingsley" uid="1233278" lat="12.9734776" lon="79.1447748"/>
 <node id="2186778277" visible="true" version="1" changeset="15255428" timestamp="2013-03-05T08:03:40Z" user="kingsley" uid="1233278" lat="12.9746660" lon="79.1447824"/>
 <node id="2460222205" visible="true" version="2" changeset="57298676" timestamp="2018-03-18T18:59:28Z" user="adivik2000" uid="250196" lat="12.9707484" lon="79.1554214"/>
 <node id="2460222206" visible="true" version="2" changeset="57298676" timestamp="2018-03-18T18:59:28Z" user="adivik2000" uid="250196" lat="12.9704008" lon="79.1554093"/>
 <node id="2538150549" visible="true" version="1" changeset="18976387" timestamp="2013-11-18T16:26:07Z" user="snj33v" uid="1227897" lat="12.9745318" lon="79.1641603"/>
 <node id="2538150553" visible="true" version="3" changeset="185881561" timestamp="2026-07-17T03:42:30Z" user="TheLNL" uid="21256080" lat="12.9752080" lon="79.1636290"/>
 <node id="2538159921" visible="true" version="2" changeset="57298676" timestamp="2018-03-18T18:59:28Z" user="adivik2000" uid="250196" lat="12.9715166" lon="79.1631735">
  <tag k="amenity" v="vending_machine"/>
  <tag k="name" v="Nescafe"/>
  <tag k="vending" v="coffee"/>
 </node>
 <node id="2538159932" visible="true" version="4" changeset="162537368" timestamp="2025-02-15T14:07:14Z" user="user_14062769" uid="14062769" lat="12.9716022" lon="79.1631515">
  <tag k="amenity" v="atm"/>
  <tag k="brand" v="Indian Bank"/>
  <tag k="brand:wikidata" v="Q2003789"/>
  <tag k="name" v="Indian Bank"/>
  <tag k="operator" v="Indian Bank"/>
  <tag k="operator:wikidata" v="Q2003789"/>
 </node>
 <node id="2715099287" visible="true" version="4" changeset="150160731" timestamp="2024-04-18T07:48:31Z" user="uknown-gryphus" uid="2425805" lat="12.9710342" lon="79.1603761">
  <tag k="amenity" v="bicycle_parking"/>
 </node>
 <node id="2715099288" visible="true" version="3" changeset="57298676" timestamp="2018-03-18T18:59:28Z" user="adivik2000" uid="250196" lat="12.9707234" lon="79.1604046"/>
 <node id="2715099289" visible="true" version="3" changeset="57298676" timestamp="2018-03-18T18:59:28Z" user="adivik2000" uid="250196" lat="12.9707953" lon="79.1609640"/>
 <node id="2715099290" visible="true" version="2" changeset="57298676" timestamp="2018-03-18T18:59:28Z" user="adivik2000" uid="250196" lat="12.9710835" lon="79.1609250"/>
 <node id="2715104001" visible="true" version="2" changeset="57298676" timestamp="2018-03-18T18:59:28Z" user="adivik2000" uid="250196" lat="12.9704215" lon="79.1603715"/>
 <node id="2715104002" visible="true" version="2" changeset="57298676" timestamp="2018-03-18T18:59:28Z" user="adivik2000" uid="250196" lat="12.9705207" lon="79.1611143"/>
 <node id="2715104003" visible="true" version="2" changeset="57298676" timestamp="2018-03-18T18:59:28Z" user="adivik2000" uid="250196" lat="12.9707516" lon="79.1610818"/>
 <node id="2715108319" visible="true" version="2" changeset="57298676" timestamp="2018-03-18T18:59:28Z" user="adivik2000" uid="250196" lat="12.9711757" lon="79.1616134"/>
 <node id="2715108320" visible="true" version="2" changeset="57298676" timestamp="2018-03-18T18:59:28Z" user="adivik2000" uid="250196" lat="12.9708879" lon="79.1616535"/>
 <node id="2715110670" visible="true" version="2" changeset="57298676" timestamp="2018-03-18T18:59:28Z" user="adivik2000" uid="250196" lat="12.9710423" lon="79.1618502"/>
 <node id="2715110674" visible="true" version="2" changeset="57298676" timestamp="2018-03-18T18:59:28Z" user="adivik2000" uid="250196" lat="12.9706251" lon="79.1619000"/>
 <node id="2715110675" visible="true" version="2" changeset="57298676" timestamp="2018-03-18T18:59:28Z" user="adivik2000" uid="250196" lat="12.9706664" lon="79.1622646"/>
 <node id="2715110678" visible="true" version="2" changeset="57298676" timestamp="2018-03-18T18:59:28Z" user="adivik2000" uid="250196" lat="12.9710836" lon="79.1622148"/>
 <node id="2715111438" visible="true" version="3" changeset="150160731" timestamp="2024-04-18T07:48:31Z" user="uknown-gryphus" uid="2425805" lat="12.9712535" lon="79.1626385"/>
 <node id="2715111441" visible="true" version="3" changeset="150160731" timestamp="2024-04-18T07:48:31Z" user="uknown-gryphus" uid="2425805" lat="12.9707812" lon="79.1626972"/>
 <node id="2715111450" visible="true" version="3" changeset="150160731" timestamp="2024-04-18T07:48:31Z" user="uknown-gryphus" uid="2425805" lat="12.9708280" lon="79.1630932"/>
 <node id="2715111452" visible="true" version="3" changeset="150160731" timestamp="2024-04-18T07:48:31Z" user="uknown-gryphus" uid="2425805" lat="12.9713003" lon="79.1630345"/>
 <node id="2715116840" visible="true" version="5" changeset="185881561" timestamp="2026-07-17T03:42:30Z" user="TheLNL" uid="21256080" lat="12.9729780" lon="79.1641150">
  <tag k="amenity" v="bicycle_parking"/>
 </node>
 <node id="2794450031" visible="true" version="2" changeset="136863351" timestamp="2023-06-02T11:03:25Z" user="Navk" uid="17769086" lat="12.9683695" lon="79.1600265"/>
 <node id="2794450032" visible="true" version="2" changeset="57298676" timestamp="2018-03-18T18:59:28Z" user="adivik2000" uid="250196" lat="12.9682839" lon="79.1586582"/>
 <node id="2794450033" visible="true" version="3" changeset="136863351" timestamp="2023-06-02T11:03:25Z" user="Navk" uid="17769086" lat="12.9685718" lon="79.1595699"/>
 <node id="3243006706" visible="true" version="2" changeset="52322436" timestamp="2017-09-24T08:24:05Z" user="sfrank" uid="18052" lat="12.9708071" lon="79.1541565"/>
 <node id="3243006707" visible="true" version="3" changeset="57298676" timestamp="2018-03-18T18:59:28Z" user="adivik2000" uid="250196" lat="12.9710158" lon="79.1569132"/>
 <node id="3243015080" visible="true" version="2" changeset="174897320" timestamp="2025-11-20T09:22:40Z" user="PalMaper" uid="13262539" lat="12.9696764" lon="79.1577014"/>
 <node id="3744527933" visible="true" version="3" changeset="184217568" timestamp="2026-06-17T09:33:53Z" user="TheLNL" uid="21256080" lat="12.9692280" lon="79.1547036"/>
 <node id="3744527934" visible="true" version="3" changeset="184217568" timestamp="2026-06-17T09:33:53Z" user="TheLNL" uid="21256080" lat="12.9691042" lon="79.1547015"/>
 <node id="3744527935" visible="true" version="3" changeset="184217568" timestamp="2026-06-17T09:33:53Z" user="TheLNL" uid="21256080" lat="12.9690960" lon="79.1552223"/>
 <node id="3744527936" visible="true" version="3" changeset="184217568" timestamp="2026-06-17T09:33:53Z" user="TheLNL" uid="21256080" lat="12.9692196" lon="79.1552244"/>
 <node id="3744530425" visible="true" version="4" changeset="184217568" timestamp="2026-06-17T09:33:53Z" user="TheLNL" uid="21256080" lat="12.9696407" lon="79.1545240"/>
 <node id="3744530426" visible="true" version="4" changeset="184217568" timestamp="2026-06-17T09:33:53Z" user="TheLNL" uid="21256080" lat="12.9693708" lon="79.1545194"/>
 <node id="3744530427" visible="true" version="2" changeset="57298676" timestamp="2018-03-18T18:59:28Z" user="adivik2000" uid="250196" lat="12.9692540" lon="79.1548504"/>
 <node id="3744530428" visible="true" version="4" changeset="184217568" timestamp="2026-06-17T09:33:53Z" user="TheLNL" uid="21256080" lat="12.9696395" lon="79.1546013"/>
 <node id="3744539944" visible="true" version="3" changeset="184197722" timestamp="2026-06-16T19:38:38Z" user="TheLNL" uid="21256080" lat="12.9685518" lon="79.1578334"/>
 <node id="3744539945" visible="true" version="3" changeset="184197722" timestamp="2026-06-16T19:38:38Z" user="TheLNL" uid="21256080" lat="12.9681276" lon="79.1578241"/>
 <node id="3744539946" visible="true" version="3" changeset="184197722" timestamp="2026-06-16T19:38:38Z" user="TheLNL" uid="21256080" lat="12.9681185" lon="79.1584958"/>
 <node id="3744539947" visible="true" version="3" changeset="184197722" timestamp="2026-06-16T19:38:38Z" user="TheLNL" uid="21256080" lat="12.9685443" lon="79.1583795"/>
 <node id="3787088657" visible="true" version="3" changeset="184217568" timestamp="2026-06-17T09:33:53Z" user="TheLNL" uid="21256080" lat="12.9699081" lon="79.1543012"/>
 <node id="3787088658" visible="true" version="3" changeset="184217568" timestamp="2026-06-17T09:33:53Z" user="TheLNL" uid="21256080" lat="12.9698730" lon="79.1542971"/>
 <node id="3787088659" visible="true" version="3" changeset="184217568" timestamp="2026-06-17T09:33:53Z" user="TheLNL" uid="21256080" lat="12.9698299" lon="79.1542947"/>
 <node id="3787088660" visible="true" version="3" changeset="184217568" timestamp="2026-06-17T09:33:53Z" user="TheLNL" uid="21256080" lat="12.9698800" lon="79.1542869"/>
 <node id="3787088661" visible="true" version="3" changeset="184217568" timestamp="2026-06-17T09:33:53Z" user="TheLNL" uid="21256080" lat="12.9698896" lon="79.1542837"/>
 <node id="3787088662" visible="true" version="3" changeset="184217568" timestamp="2026-06-17T09:33:53Z" user="TheLNL" uid="21256080" lat="12.9701808" lon="79.1543038"/>
 <node id="4137466085" visible="true" version="1" changeset="38743388" timestamp="2016-04-21T01:25:43Z" user="Kartheek Javvaji" uid="3853903" lat="12.9712508" lon="79.1603669"/>
 <node id="4137466086" visible="true" version="1" changeset="38743388" timestamp="2016-04-21T01:25:43Z" user="Kartheek Javvaji" uid="3853903" lat="12.9725335" lon="79.1603560"/>
 <node id="4137696558" visible="true" version="1" changeset="38746268" timestamp="2016-04-21T05:20:46Z" user="pratikyadav" uid="2905914" lat="12.9704011" lon="79.1640865"/>
 <node id="4137696559" visible="true" version="3" changeset="184231187" timestamp="2026-06-17T15:12:52Z" user="TheLNL" uid="21256080" lat="12.9704826" lon="79.1638663"/>
 <node id="4137696560" visible="true" version="1" changeset="38746268" timestamp="2016-04-21T05:20:46Z" user="pratikyadav" uid="2905914" lat="12.9704324" lon="79.1632923"/>
 <node id="4137696562" visible="true" version="1" changeset="38746268" timestamp="2016-04-21T05:20:46Z" user="pratikyadav" uid="2905914" lat="12.9704656" lon="79.1638313"/>
 <node id="4137696564" visible="true" version="1" changeset="38746268" timestamp="2016-04-21T05:20:46Z" user="pratikyadav" uid="2905914" lat="12.9704958" lon="79.1634075"/>
 <node id="4137696565" visible="true" version="1" changeset="38746268" timestamp="2016-04-21T05:20:46Z" user="pratikyadav" uid="2905914" lat="12.9705262" lon="79.1636079"/>
 <node id="4137696566" visible="true" version="1" changeset="38746268" timestamp="2016-04-21T05:20:46Z" user="pratikyadav" uid="2905914" lat="12.9706010" lon="79.1633907"/>
 <node id="4137696567" visible="true" version="1" changeset="38746268" timestamp="2016-04-21T05:20:46Z" user="pratikyadav" uid="2905914" lat="12.9706314" lon="79.1635911"/>
 <node id="4137696568" visible="true" version="1" changeset="38746268" timestamp="2016-04-21T05:20:46Z" user="pratikyadav" uid="2905914" lat="12.9706387" lon="79.1632589"/>
 <node id="4137696570" visible="true" version="1" changeset="38746268" timestamp="2016-04-21T05:20:46Z" user="pratikyadav" uid="2905914" lat="12.9706904" lon="79.1636412"/>
 <node id="4137696572" visible="true" version="1" changeset="38746268" timestamp="2016-04-21T05:20:47Z" user="pratikyadav" uid="2905914" lat="12.9707917" lon="79.1645952"/>
 <node id="4137696573" visible="true" version="3" changeset="184231187" timestamp="2026-06-17T15:12:52Z" user="TheLNL" uid="21256080" lat="12.9708815" lon="79.1643819"/>
 <node id="4137696574" visible="true" version="3" changeset="184231187" timestamp="2026-06-17T15:12:52Z" user="TheLNL" uid="21256080" lat="12.9710508" lon="79.1634197"/>
 <node id="4137696577" visible="true" version="1" changeset="38746268" timestamp="2016-04-21T05:20:47Z" user="pratikyadav" uid="2905914" lat="12.9713160" lon="79.1635230"/>
 <node id="4137696578" visible="true" version="1" changeset="38746268" timestamp="2016-04-21T05:20:47Z" user="pratikyadav" uid="2905914" lat="12.9713491" lon="79.1634569"/>
 <node id="4137696580" visible="true" version="3" changeset="150160731" timestamp="2024-04-18T07:48:31Z" user="uknown-gryphus" uid="2425805" lat="12.9714670" lon="79.1637290">
  <tag k="amenity" v="bicycle_parking"/>
 </node>
 <node id="4137696581" visible="true" version="1" changeset="38746268" timestamp="2016-04-21T05:20:47Z" user="pratikyadav" uid="2905914" lat="12.9714265" lon="79.1636753"/>
 <node id="4137696583" visible="true" version="1" changeset="38746268" timestamp="2016-04-21T05:20:47Z" user="pratikyadav" uid="2905914" lat="12.9716624" lon="79.1637131"/>
 <node id="4137696584" visible="true" version="1" changeset="38746268" timestamp="2016-04-21T05:20:47Z" user="pratikyadav" uid="2905914" lat="12.9717131" lon="79.1630847"/>
 <node id="4137696585" visible="true" version="1" changeset="38746268" timestamp="2016-04-21T05:20:47Z" user="pratikyadav" uid="2905914" lat="12.9717284" lon="79.1631659"/>
 <node id="4137696586" visible="true" version="1" changeset="38746268" timestamp="2016-04-21T05:20:47Z" user="pratikyadav" uid="2905914" lat="12.9718350" lon="79.1637317"/>
 <node id="4137696587" visible="true" version="1" changeset="38746268" timestamp="2016-04-21T05:20:47Z" user="pratikyadav" uid="2905914" lat="12.9719404" lon="79.1642914"/>
 <node id="4415005413" visible="true" version="2" changeset="57298676" timestamp="2018-03-18T18:59:29Z" user="adivik2000" uid="250196" lat="12.9715772" lon="79.1582259"/>
 <node id="4533468631" visible="true" version="3" changeset="63562159" timestamp="2018-10-16T04:15:37Z" user="Deepak Saravanan" uid="664208" lat="12.9713963" lon="79.1429077">
  <tag k="railway" v="switch"/>
 </node>
 <node id="4533468674" visible="true" version="3" changeset="63562159" timestamp="2018-10-16T04:15:37Z" user="Deepak Saravanan" uid="664208" lat="12.9714025" lon="79.1422401">
  <tag k="railway" v="switch"/>
 </node>
 <node id="4681989722" visible="true" version="3" changeset="159998329" timestamp="2024-12-06T15:05:54Z" user="IndiaKW2Gf7rTBt5C" uid="21614166" lat="12.9722365" lon="79.1641972"/>
 <node id="4681989723" visible="true" version="3" changeset="159998329" timestamp="2024-12-06T15:05:54Z" user="IndiaKW2Gf7rTBt5C" uid="21614166" lat="12.9708724" lon="79.1512230"/>
 <node id="5064786972" visible="true" version="3" changeset="159998329" timestamp="2024-12-06T15:05:54Z" user="IndiaKW2Gf7rTBt5C" uid="21614166" lat="12.9708549" lon="79.1494685"/>
 <node id="5064786973" visible="true" version="2" changeset="159998329" timestamp="2024-12-06T15:05:54Z" user="IndiaKW2Gf7rTBt5C" uid="21614166" lat="12.9709398" lon="79.1476044"/>
 <node id="5064786974" visible="true" version="2" changeset="63562159" timestamp="2018-10-16T04:15:37Z" user="Deepak Saravanan" uid="664208" lat="12.9711468" lon="79.1446800">
  <tag k="railway" v="switch"/>
 </node>
 <node id="5064786975" visible="true" version="2" changeset="77279192" timestamp="2019-11-19T14:49:12Z" user="jaimemd" uid="404532" lat="12.9712045" lon="79.1439196"/>
 <node id="5064786976" visible="true" version="2" changeset="63562159" timestamp="2018-10-16T04:15:37Z" user="Deepak Saravanan" uid="664208" lat="12.9712002" lon="79.1446295"/>
 <node id="5064786977" visible="true" version="3" changeset="77279192" timestamp="2019-11-19T14:49:12Z" user="jaimemd" uid="404532" lat="12.9712178" lon="79.1444192"/>
 <node id="5064786978" visible="true" version="3" changeset="77279192" timestamp="2019-11-19T14:49:12Z" user="jaimemd" uid="404532" lat="12.9712764" lon="79.1432785">
  <tag k="railway" v="switch"/>
 </node>
 <node id="5064786979" visible="true" version="2" changeset="63562159" timestamp="2018-10-16T04:15:37Z" user="Deepak Saravanan" uid="664208" lat="12.9713726" lon="79.1430789"/>
 <node id="5125995846" visible="true" version="2" changeset="159998329" timestamp="2024-12-06T15:05:54Z" user="IndiaKW2Gf7rTBt5C" uid="21614166" lat="12.9724704" lon="79.1652037"/>
 <node id="5125995847" visible="true" version="1" changeset="52322436" timestamp="2017-09-24T08:23:50Z" user="sfrank" uid="18052" lat="12.9709313" lon="79.1553166"/>
 <node id="5125995848" visible="true" version="2" changeset="159998329" timestamp="2024-12-06T15:05:54Z" user="IndiaKW2Gf7rTBt5C" uid="21614166" lat="12.9708759" lon="79.1541400">
  <tag k="crossing:barrier" v="full"/>
  <tag k="railway" v="level_crossing"/>
  <tag k="source" v="bing"/>
 </node>
 <node id="5125995849" visible="true" version="2" changeset="159998329" timestamp="2024-12-06T15:05:54Z" user="IndiaKW2Gf7rTBt5C" uid="21614166" lat="12.9708428" lon="79.1530874"/>
 <node id="5125995850" visible="true" version="2" changeset="159998329" timestamp="2024-12-06T15:05:54Z" user="IndiaKW2Gf7rTBt5C" uid="21614166" lat="12.9708228" lon="79.1512169"/>
 <node id="5125995851" visible="true" version="2" changeset="159998329" timestamp="2024-12-06T15:05:54Z" user="IndiaKW2Gf7rTBt5C" uid="21614166" lat="12.9709293" lon="79.1541385">
  <tag k="crossing:barrier" v="full"/>
  <tag k="railway" v="level_crossing"/>
  <tag k="source" v="bing"/>
 </node>
 <node id="5125995857" visible="true" version="2" changeset="52322915" timestamp="2017-09-24T08:49:10Z" user="sfrank" uid="18052" lat="12.9740390" lon="79.1713428"/>
 <node id="5125995858" visible="true" version="1" changeset="52322436" timestamp="2017-09-24T08:23:51Z" user="sfrank" uid="18052" lat="12.9736208" lon="79.1695873"/>
 <node id="5125995860" visible="true" version="2" changeset="159998329" timestamp="2024-12-06T15:05:54Z" user="IndiaKW2Gf7rTBt5C" uid="21614166" lat="12.9712763" lon="79.1583837"/>
 <node id="5125995861" visible="true" version="2" changeset="57298676" timestamp="2018-03-18T18:59:29Z" user="adivik2000" uid="250196" lat="12.9719141" lon="79.1576757"/>
 <node id="5125995862" visible="true" version="2" changeset="159998329" timestamp="2024-12-06T15:05:54Z" user="IndiaKW2Gf7rTBt5C" uid="21614166" lat="12.9711495" lon="79.1573189"/>
 <node id="5126039565" visible="true" version="2" changeset="159998329" timestamp="2024-12-06T15:05:54Z" user="IndiaKW2Gf7rTBt5C" uid="21614166" lat="12.9722025" lon="79.1641939"/>
 <node id="5126040184" visible="true" version="1" changeset="52323187" timestamp="2017-09-24T09:00:35Z" user="sfrank" uid="18052" lat="12.9741984" lon="79.1724104"/>
 <node id="5126040185" visible="true" version="1" changeset="52323187" timestamp="2017-09-24T09:00:35Z" user="sfrank" uid="18052" lat="12.9739867" lon="79.1713375"/>
 <node id="5126040186" visible="true" version="1" changeset="52323187" timestamp="2017-09-24T09:00:35Z" user="sfrank" uid="18052" lat="12.9738012" lon="79.1705060"/>
 <node id="5126040187" visible="true" version="1" changeset="52323187" timestamp="2017-09-24T09:00:35Z" user="sfrank" uid="18052" lat="12.9735685" lon="79.1695914"/>
 <node id="5126040189" visible="true" version="2" changeset="159998329" timestamp="2024-12-06T15:05:54Z" user="IndiaKW2Gf7rTBt5C" uid="21614166" lat="12.9726155" lon="79.1659923"/>
 <node id="5126040190" visible="true" version="2" changeset="159998329" timestamp="2024-12-06T15:05:54Z" user="IndiaKW2Gf7rTBt5C" uid="21614166" lat="12.9724325" lon="79.1652198"/>
 <node id="5126040191" visible="true" version="2" changeset="159998329" timestamp="2024-12-06T15:05:54Z" user="IndiaKW2Gf7rTBt5C" uid="21614166" lat="12.9718549" lon="79.1624893"/>
 <node id="5126040192" visible="true" version="2" changeset="159998329" timestamp="2024-12-06T15:05:54Z" user="IndiaKW2Gf7rTBt5C" uid="21614166" lat="12.9716222" lon="79.1611804"/>
 <node id="5126040193" visible="true" version="2" changeset="159998329" timestamp="2024-12-06T15:05:54Z" user="IndiaKW2Gf7rTBt5C" uid="21614166" lat="12.9714549" lon="79.1601692"/>
 <node id="5126040194" visible="true" version="2" changeset="159998329" timestamp="2024-12-06T15:05:54Z" user="IndiaKW2Gf7rTBt5C" uid="21614166" lat="12.9713530" lon="79.1594370"/>
 <node id="5126040195" visible="true" version="2" changeset="159998329" timestamp="2024-12-06T15:05:54Z" user="IndiaKW2Gf7rTBt5C" uid="21614166" lat="12.9712240" lon="79.1584052"/>
 <node id="5126040196" visible="true" version="2" changeset="159998329" timestamp="2024-12-06T15:05:54Z" user="IndiaKW2Gf7rTBt5C" uid="21614166" lat="12.9711038" lon="79.1573082"/>
 <node id="5317971757" visible="true" version="3" changeset="57308710" timestamp="2018-03-19T07:17:48Z" user="Pushan Srivastava" uid="7414720" lat="12.9693140" lon="79.1586420"/>
 <node id="5317971758" visible="true" version="4" changeset="174897320" timestamp="2025-11-20T09:22:40Z" user="PalMaper" uid="13262539" lat="12.9694989" lon="79.1581525"/>
 <node id="5318046592" visible="true" version="1" changeset="55123027" timestamp="2018-01-03T09:12:54Z" user="Sai Shivankar" uid="7414850" lat="12.9737873" lon="79.1603592"/>
 <node id="5357881921" visible="true" version="2" changeset="63562159" timestamp="2018-10-16T04:15:37Z" user="Deepak Saravanan" uid="664208" lat="12.9712869" lon="79.1436810">
  <tag k="railway" v="switch"/>
 </node>
 <node id="5357881922" visible="true" version="2" changeset="63562159" timestamp="2018-10-16T04:15:37Z" user="Deepak Saravanan" uid="664208" lat="12.9711515" lon="79.1445760">
  <tag k="railway" v="switch"/>
 </node>
 <node id="5368672133" visible="true" version="1" changeset="55838330" timestamp="2018-01-28T19:08:37Z" user="Revant Mishra" uid="7540209" lat="12.9728658" lon="79.1593786"/>
 <node id="5368672134" visible="true" version="1" changeset="55838330" timestamp="2018-01-28T19:08:37Z" user="Revant Mishra" uid="7540209" lat="12.9728554" lon="79.1594537"/>
 <node id="5368672135" visible="true" version="1" changeset="55838330" timestamp="2018-01-28T19:08:37Z" user="Revant Mishra" uid="7540209" lat="12.9728305" lon="79.1594564"/>
 <node id="5368672136" visible="true" version="1" changeset="55838330" timestamp="2018-01-28T19:08:37Z" user="Revant Mishra" uid="7540209" lat="12.9728227" lon="79.1594256"/>
 <node id="5368672137" visible="true" version="1" changeset="55838330" timestamp="2018-01-28T19:08:37Z" user="Revant Mishra" uid="7540209" lat="12.9727652" lon="79.1594242"/>
 <node id="5368672138" visible="true" version="1" changeset="55838330" timestamp="2018-01-28T19:08:37Z" user="Revant Mishra" uid="7540209" lat="12.9727443" lon="79.1597354"/>
 <node id="5368672139" visible="true" version="1" changeset="55838330" timestamp="2018-01-28T19:08:37Z" user="Revant Mishra" uid="7540209" lat="12.9727155" lon="79.1597327"/>
 <node id="5368672140" visible="true" version="1" changeset="55838330" timestamp="2018-01-28T19:08:37Z" user="Revant Mishra" uid="7540209" lat="12.9727064" lon="79.1598038"/>
 <node id="5368672141" visible="true" version="1" changeset="55838330" timestamp="2018-01-28T19:08:37Z" user="Revant Mishra" uid="7540209" lat="12.9727312" lon="79.1598038"/>
 <node id="5368672142" visible="true" version="1" changeset="55838330" timestamp="2018-01-28T19:08:37Z" user="Revant Mishra" uid="7540209" lat="12.9727325" lon="79.1601337"/>
 <node id="5368672143" visible="true" version="1" changeset="55838330" timestamp="2018-01-28T19:08:37Z" user="Revant Mishra" uid="7540209" lat="12.9727939" lon="79.1601364"/>
 <node id="5368672144" visible="true" version="1" changeset="55838330" timestamp="2018-01-28T19:08:37Z" user="Revant Mishra" uid="7540209" lat="12.9727939" lon="79.1601069"/>
 <node id="5368672145" visible="true" version="1" changeset="55838330" timestamp="2018-01-28T19:08:37Z" user="Revant Mishra" uid="7540209" lat="12.9728344" lon="79.1601028"/>
 <node id="5368672146" visible="true" version="1" changeset="55838330" timestamp="2018-01-28T19:08:37Z" user="Revant Mishra" uid="7540209" lat="12.9728318" lon="79.1601820"/>
 <node id="5368672148" visible="true" version="2" changeset="57298676" timestamp="2018-03-18T18:59:29Z" user="adivik2000" uid="250196" lat="12.9729534" lon="79.1601793"/>
 <node id="5368672149" visible="true" version="1" changeset="55838330" timestamp="2018-01-28T19:08:37Z" user="Revant Mishra" uid="7540209" lat="12.9729560" lon="79.1601176"/>
 <node id="5368672150" visible="true" version="1" changeset="55838330" timestamp="2018-01-28T19:08:37Z" user="Revant Mishra" uid="7540209" lat="12.9729834" lon="79.1601163"/>
 <node id="5368672151" visible="true" version="1" changeset="55838330" timestamp="2018-01-28T19:08:37Z" user="Revant Mishra" uid="7540209" lat="12.9729900" lon="79.1601444"/>
 <node id="5368672152" visible="true" version="1" changeset="55838330" timestamp="2018-01-28T19:08:37Z" user="Revant Mishra" uid="7540209" lat="12.9730462" lon="79.1601444"/>
 <node id="5368672153" visible="true" version="1" changeset="55838330" timestamp="2018-01-28T19:08:37Z" user="Revant Mishra" uid="7540209" lat="12.9730736" lon="79.1594377"/>
 <node id="5368672154" visible="true" version="1" changeset="55838330" timestamp="2018-01-28T19:08:37Z" user="Revant Mishra" uid="7540209" lat="12.9730187" lon="79.1594336"/>
 <node id="5368672155" visible="true" version="1" changeset="55838330" timestamp="2018-01-28T19:08:37Z" user="Revant Mishra" uid="7540209" lat="12.9730122" lon="79.1594564"/>
 <node id="5368672156" visible="true" version="1" changeset="55838330" timestamp="2018-01-28T19:08:37Z" user="Revant Mishra" uid="7540209" lat="12.9729795" lon="79.1594564"/>
 <node id="5368672180" visible="true" version="1" changeset="55838330" timestamp="2018-01-28T19:08:38Z" user="Revant Mishra" uid="7540209" lat="12.9729782" lon="79.1594430"/>
 <node id="5368672181" visible="true" version="1" changeset="55838330" timestamp="2018-01-28T19:08:38Z" user="Revant Mishra" uid="7540209" lat="12.9729808" lon="79.1593867"/>
 <node id="5368672182" visible="true" version="3" changeset="137233193" timestamp="2023-06-12T08:18:30Z" user="Abhimanyu Kundu" uid="19553168" lat="12.9700343" lon="79.1588384">
  <tag k="amenity" v="bicycle_parking"/>
 </node>
 <node id="5368672183" visible="true" version="2" changeset="57298676" timestamp="2018-03-18T18:59:29Z" user="adivik2000" uid="250196" lat="12.9701102" lon="79.1588923"/>
 <node id="5368672184" visible="true" version="2" changeset="57298676" timestamp="2018-03-18T18:59:29Z" user="adivik2000" uid="250196" lat="12.9700556" lon="79.1589732"/>
 <node id="5368672185" visible="true" version="2" changeset="57298676" timestamp="2018-03-18T18:59:29Z" user="adivik2000" uid="250196" lat="12.9699797" lon="79.1589193"/>
 <node id="5368672186" visible="true" version="2" changeset="57298676" timestamp="2018-03-18T18:59:29Z" user="adivik2000" uid="250196" lat="12.9699866" lon="79.1589428"/>
 <node id="5368672187" visible="true" version="2" changeset="57298676" timestamp="2018-03-18T18:59:29Z" user="adivik2000" uid="250196" lat="12.9700435" lon="79.1589939"/>
 <node id="5368672188" visible="true" version="2" changeset="57298676" timestamp="2018-03-18T18:59:29Z" user="adivik2000" uid="250196" lat="12.9699904" lon="79.1590563"/>
 <node id="5368672189" visible="true" version="2" changeset="57298676" timestamp="2018-03-18T18:59:29Z" user="adivik2000" uid="250196" lat="12.9699335" lon="79.1590052"/>
 <node id="5368672190" visible="true" version="2" changeset="57298676" timestamp="2018-03-18T18:59:29Z" user="adivik2000" uid="250196" lat="12.9700510" lon="79.1590022"/>
 <node id="5368672191" visible="true" version="2" changeset="57298676" timestamp="2018-03-18T18:59:29Z" user="adivik2000" uid="250196" lat="12.9701603" lon="79.1590812"/>
 <node id="5368672192" visible="true" version="2" changeset="57298676" timestamp="2018-03-18T18:59:29Z" user="adivik2000" uid="250196" lat="12.9700841" lon="79.1591921"/>
 <node id="5368672193" visible="true" version="2" changeset="57298676" timestamp="2018-03-18T18:59:29Z" user="adivik2000" uid="250196" lat="12.9699748" lon="79.1591131"/>
 <node id="5368672194" visible="true" version="2" changeset="57298676" timestamp="2018-03-18T18:59:29Z" user="adivik2000" uid="250196" lat="12.9701221" lon="79.1589189"/>
 <node id="5368672195" visible="true" version="2" changeset="57298676" timestamp="2018-03-18T18:59:29Z" user="adivik2000" uid="250196" lat="12.9701882" lon="79.1589681"/>
 <node id="5368672196" visible="true" version="2" changeset="57298676" timestamp="2018-03-18T18:59:29Z" user="adivik2000" uid="250196" lat="12.9701365" lon="79.1590414"/>
 <node id="5368672197" visible="true" version="2" changeset="57298676" timestamp="2018-03-18T18:59:29Z" user="adivik2000" uid="250196" lat="12.9700704" lon="79.1589922"/>
 <node id="5368672198" visible="true" version="2" changeset="126317147" timestamp="2022-09-18T03:56:21Z" user="Arun Balaji" uid="3427745" lat="12.9718794" lon="79.1573404"/>
 <node id="5368672199" visible="true" version="2" changeset="126317147" timestamp="2022-09-18T03:56:21Z" user="Arun Balaji" uid="3427745" lat="12.9716321" lon="79.1573262"/>
 <node id="5368672200" visible="true" version="2" changeset="126317147" timestamp="2022-09-18T03:56:21Z" user="Arun Balaji" uid="3427745" lat="12.9716237" lon="79.1574815"/>
 <node id="5368672201" visible="true" version="2" changeset="126317147" timestamp="2022-09-18T03:56:21Z" user="Arun Balaji" uid="3427745" lat="12.9718710" lon="79.1574957"/>
 <node id="5368672202" visible="true" version="3" changeset="150710775" timestamp="2024-04-30T14:17:05Z" user="tg1239" uid="21373336" lat="12.9718631" lon="79.1576429"/>
 <node id="5368672203" visible="true" version="3" changeset="150710775" timestamp="2024-04-30T14:17:05Z" user="tg1239" uid="21373336" lat="12.9718572" lon="79.1579657"/>
 <node id="5368672204" visible="true" version="3" changeset="150710775" timestamp="2024-04-30T14:17:05Z" user="tg1239" uid="21373336" lat="12.9715440" lon="79.1579767"/>
 <node id="5368672205" visible="true" version="2" changeset="126317147" timestamp="2022-09-18T03:56:21Z" user="Arun Balaji" uid="3427745" lat="12.9715278" lon="79.1576369"/>
 <node id="5368672210" visible="true" version="2" changeset="150160731" timestamp="2024-04-18T07:48:31Z" user="uknown-gryphus" uid="2425805" lat="12.9721388" lon="79.1578745"/>
 <node id="5368672211" visible="true" version="2" changeset="150160731" timestamp="2024-04-18T07:48:31Z" user="uknown-gryphus" uid="2425805" lat="12.9720734" lon="79.1579443"/>
 <node id="5368672212" visible="true" version="2" changeset="150160731" timestamp="2024-04-18T07:48:31Z" user="uknown-gryphus" uid="2425805" lat="12.9722224" lon="79.1581025"/>
 <node id="5368672213" visible="true" version="2" changeset="150160731" timestamp="2024-04-18T07:48:31Z" user="uknown-gryphus" uid="2425805" lat="12.9722198" lon="79.1581937"/>
 <node id="5368672214" visible="true" version="2" changeset="150160731" timestamp="2024-04-18T07:48:31Z" user="uknown-gryphus" uid="2425805" lat="12.9720839" lon="79.1583171"/>
 <node id="5368672215" visible="true" version="2" changeset="150160731" timestamp="2024-04-18T07:48:31Z" user="uknown-gryphus" uid="2425805" lat="12.9721597" lon="79.1584297"/>
 <node id="5368672216" visible="true" version="2" changeset="150160731" timestamp="2024-04-18T07:48:31Z" user="uknown-gryphus" uid="2425805" lat="12.9722773" lon="79.1583090"/>
 <node id="5368672217" visible="true" version="2" changeset="150160731" timestamp="2024-04-18T07:48:31Z" user="uknown-gryphus" uid="2425805" lat="12.9723270" lon="79.1583439"/>
 <node id="5368672218" visible="true" version="2" changeset="150160731" timestamp="2024-04-18T07:48:31Z" user="uknown-gryphus" uid="2425805" lat="12.9723740" lon="79.1583198"/>
 <node id="5368672219" visible="true" version="2" changeset="150160731" timestamp="2024-04-18T07:48:31Z" user="uknown-gryphus" uid="2425805" lat="12.9724995" lon="79.1584297"/>
 <node id="5368672220" visible="true" version="2" changeset="150160731" timestamp="2024-04-18T07:48:31Z" user="uknown-gryphus" uid="2425805" lat="12.9725779" lon="79.1583439"/>
 <node id="5368672921" visible="true" version="2" changeset="150160731" timestamp="2024-04-18T07:48:31Z" user="uknown-gryphus" uid="2425805" lat="12.9724368" lon="79.1582071"/>
 <node id="5368672922" visible="true" version="2" changeset="150160731" timestamp="2024-04-18T07:48:31Z" user="uknown-gryphus" uid="2425805" lat="12.9724629" lon="79.1581883"/>
 <node id="5368672923" visible="true" version="2" changeset="150160731" timestamp="2024-04-18T07:48:31Z" user="uknown-gryphus" uid="2425805" lat="12.9724158" lon="79.1581427"/>
 <node id="5368672924" visible="true" version="2" changeset="150160731" timestamp="2024-04-18T07:48:31Z" user="uknown-gryphus" uid="2425805" lat="12.9726014" lon="79.1579872"/>
 <node id="5368672925" visible="true" version="2" changeset="150160731" timestamp="2024-04-18T07:48:31Z" user="uknown-gryphus" uid="2425805" lat="12.9725256" lon="79.1578852"/>
 <node id="5368672926" visible="true" version="2" changeset="150160731" timestamp="2024-04-18T07:48:31Z" user="uknown-gryphus" uid="2425805" lat="12.9723570" lon="79.1580529"/>
 <node id="5368672927" visible="true" version="2" changeset="150160731" timestamp="2024-04-18T07:48:31Z" user="uknown-gryphus" uid="2425805" lat="12.9723544" lon="79.1580274"/>
 <node id="5368672928" visible="true" version="2" changeset="150160731" timestamp="2024-04-18T07:48:31Z" user="uknown-gryphus" uid="2425805" lat="12.9723191" lon="79.1580301"/>
 <node id="5368672929" visible="true" version="2" changeset="150160731" timestamp="2024-04-18T07:48:31Z" user="uknown-gryphus" uid="2425805" lat="12.9723231" lon="79.1580582"/>
 <node id="5368672930" visible="true" version="2" changeset="150160731" timestamp="2024-04-18T07:48:31Z" user="uknown-gryphus" uid="2425805" lat="12.9722969" lon="79.1580703"/>
 <node id="5368672931" visible="true" version="2" changeset="150160731" timestamp="2024-04-18T07:48:31Z" user="uknown-gryphus" uid="2425805" lat="12.9722392" lon="79.1571582"/>
 <node id="5368672932" visible="true" version="2" changeset="150160731" timestamp="2024-04-18T07:48:31Z" user="uknown-gryphus" uid="2425805" lat="12.9721607" lon="79.1572306"/>
 <node id="5368672933" visible="true" version="2" changeset="150160731" timestamp="2024-04-18T07:48:31Z" user="uknown-gryphus" uid="2425805" lat="12.9722784" lon="79.1573647"/>
 <node id="5368672934" visible="true" version="2" changeset="150160731" timestamp="2024-04-18T07:48:31Z" user="uknown-gryphus" uid="2425805" lat="12.9722836" lon="79.1574479"/>
 <node id="5368672935" visible="true" version="2" changeset="150160731" timestamp="2024-04-18T07:48:31Z" user="uknown-gryphus" uid="2425805" lat="12.9721085" lon="79.1575873"/>
 <node id="5368672936" visible="true" version="2" changeset="150160731" timestamp="2024-04-18T07:48:31Z" user="uknown-gryphus" uid="2425805" lat="12.9722052" lon="79.1576893"/>
 <node id="5368672937" visible="true" version="2" changeset="150160731" timestamp="2024-04-18T07:48:31Z" user="uknown-gryphus" uid="2425805" lat="12.9723568" lon="79.1575391"/>
 <node id="5368672938" visible="true" version="2" changeset="150160731" timestamp="2024-04-18T07:48:31Z" user="uknown-gryphus" uid="2425805" lat="12.9724509" lon="79.1575471"/>
 <node id="5368672939" visible="true" version="2" changeset="150160731" timestamp="2024-04-18T07:48:31Z" user="uknown-gryphus" uid="2425805" lat="12.9725554" lon="79.1576920"/>
 <node id="5368672940" visible="true" version="2" changeset="150160731" timestamp="2024-04-18T07:48:31Z" user="uknown-gryphus" uid="2425805" lat="12.9726234" lon="79.1576142"/>
 <node id="5368672941" visible="true" version="2" changeset="150160731" timestamp="2024-04-18T07:48:31Z" user="uknown-gryphus" uid="2425805" lat="12.9725032" lon="79.1574586"/>
 <node id="5368672942" visible="true" version="2" changeset="150160731" timestamp="2024-04-18T07:48:31Z" user="uknown-gryphus" uid="2425805" lat="12.9724875" lon="79.1573889"/>
 <node id="5368672943" visible="true" version="2" changeset="150160731" timestamp="2024-04-18T07:48:31Z" user="uknown-gryphus" uid="2425805" lat="12.9726365" lon="79.1572548"/>
 <node id="5368672944" visible="true" version="2" changeset="150160731" timestamp="2024-04-18T07:48:31Z" user="uknown-gryphus" uid="2425805" lat="12.9725763" lon="79.1571743"/>
 <node id="5368672945" visible="true" version="2" changeset="150160731" timestamp="2024-04-18T07:48:31Z" user="uknown-gryphus" uid="2425805" lat="12.9724274" lon="79.1573057"/>
 <node id="5368672946" visible="true" version="2" changeset="150160731" timestamp="2024-04-18T07:48:31Z" user="uknown-gryphus" uid="2425805" lat="12.9723672" lon="79.1573111"/>
 <node id="5368672947" visible="true" version="2" changeset="150710489" timestamp="2024-04-30T14:10:33Z" user="tg1239" uid="21373336" lat="12.9723106" lon="79.1611410"/>
 <node id="5368672948" visible="true" version="2" changeset="150710489" timestamp="2024-04-30T14:10:33Z" user="tg1239" uid="21373336" lat="12.9722059" lon="79.1611484"/>
 <node id="5368672949" visible="true" version="2" changeset="150710489" timestamp="2024-04-30T14:10:33Z" user="tg1239" uid="21373336" lat="12.9722200" lon="79.1612693"/>
 <node id="5368672950" visible="true" version="2" changeset="150710489" timestamp="2024-04-30T14:10:33Z" user="tg1239" uid="21373336" lat="12.9720866" lon="79.1612962"/>
 <node id="5368672951" visible="true" version="2" changeset="150710489" timestamp="2024-04-30T14:10:33Z" user="tg1239" uid="21373336" lat="12.9721251" lon="79.1616223"/>
 <node id="5368672952" visible="true" version="1" changeset="55838330" timestamp="2018-01-28T19:08:39Z" user="Revant Mishra" uid="7540209" lat="12.9721421" lon="79.1617179"/>
 <node id="5368672953" visible="true" version="2" changeset="150710489" timestamp="2024-04-30T14:10:33Z" user="tg1239" uid="21373336" lat="12.9721540" lon="79.1617930"/>
 <node id="5368672954" visible="true" version="1" changeset="55838330" timestamp="2018-01-28T19:08:39Z" user="Revant Mishra" uid="7540209" lat="12.9723120" lon="79.1617769"/>
 <node id="5368672955" visible="true" version="2" changeset="150710489" timestamp="2024-04-30T14:10:33Z" user="tg1239" uid="21373336" lat="12.9724011" lon="79.1617686"/>
 <node id="5368672956" visible="true" version="2" changeset="150710489" timestamp="2024-04-30T14:10:33Z" user="tg1239" uid="21373336" lat="12.9725161" lon="79.1617469"/>
 <node id="5368672957" visible="true" version="3" changeset="150710489" timestamp="2024-04-30T14:10:33Z" user="tg1239" uid="21373336" lat="12.9724353" lon="79.1612228">
  <tag k="amenity" v="bicycle_parking"/>
 </node>
 <node id="5368672958" visible="true" version="2" changeset="150710489" timestamp="2024-04-30T14:10:33Z" user="tg1239" uid="21373336" lat="12.9723247" lon="79.1612404"/>
 <node id="5368672965" visible="true" version="2" changeset="150710489" timestamp="2024-04-30T14:10:33Z" user="tg1239" uid="21373336" lat="12.9725669" lon="79.1617961"/>
 <node id="5368672966" visible="true" version="2" changeset="150710489" timestamp="2024-04-30T14:10:33Z" user="tg1239" uid="21373336" lat="12.9721370" lon="79.1618433"/>
 <node id="5368672967" visible="true" version="3" changeset="150712282" timestamp="2024-04-30T14:46:27Z" user="tg1239" uid="21373336" lat="12.9722536" lon="79.1624199"/>
 <node id="5368672968" visible="true" version="2" changeset="150712282" timestamp="2024-04-30T14:46:27Z" user="tg1239" uid="21373336" lat="12.9723020" lon="79.1624095"/>
 <node id="5368672969" visible="true" version="3" changeset="150712282" timestamp="2024-04-30T14:46:27Z" user="tg1239" uid="21373336" lat="12.9723424" lon="79.1624064"/>
 <node id="5368672970" visible="true" version="2" changeset="150710489" timestamp="2024-04-30T14:10:33Z" user="tg1239" uid="21373336" lat="12.9726671" lon="79.1623480"/>
 <node id="5368672972" visible="true" version="2" changeset="150712282" timestamp="2024-04-30T14:46:27Z" user="tg1239" uid="21373336" lat="12.9723992" lon="79.1624673"/>
 <node id="5368672973" visible="true" version="3" changeset="150712282" timestamp="2024-04-30T14:46:27Z" user="tg1239" uid="21373336" lat="12.9724972" lon="79.1624448">
  <tag k="amenity" v="bicycle_parking"/>
 </node>
 <node id="5368672974" visible="true" version="3" changeset="150712282" timestamp="2024-04-30T14:46:27Z" user="tg1239" uid="21373336" lat="12.9727098" lon="79.1630613"/>
 <node id="5368672975" visible="true" version="4" changeset="150712282" timestamp="2024-04-30T14:46:27Z" user="tg1239" uid="21373336" lat="12.9723671" lon="79.1631202"/>
 <node id="5368672976" visible="true" version="2" changeset="150710255" timestamp="2024-04-30T14:06:03Z" user="tg1239" uid="21373336" lat="12.9722546" lon="79.1624960"/>
 <node id="5368672978" visible="true" version="2" changeset="150710255" timestamp="2024-04-30T14:06:03Z" user="tg1239" uid="21373336" lat="12.9722964" lon="79.1624867"/>
 <node id="5368672979" visible="true" version="2" changeset="150160731" timestamp="2024-04-18T07:48:31Z" user="uknown-gryphus" uid="2425805" lat="12.9741038" lon="79.1578832"/>
 <node id="5368672980" visible="true" version="2" changeset="150160731" timestamp="2024-04-18T07:48:31Z" user="uknown-gryphus" uid="2425805" lat="12.9740960" lon="79.1579717"/>
 <node id="5368672981" visible="true" version="2" changeset="150160731" timestamp="2024-04-18T07:48:31Z" user="uknown-gryphus" uid="2425805" lat="12.9741535" lon="79.1579824"/>
 <node id="5368672982" visible="true" version="2" changeset="150160731" timestamp="2024-04-18T07:48:31Z" user="uknown-gryphus" uid="2425805" lat="12.9741169" lon="79.1586852"/>
 <node id="5368672983" visible="true" version="2" changeset="150160731" timestamp="2024-04-18T07:48:31Z" user="uknown-gryphus" uid="2425805" lat="12.9740516" lon="79.1586878"/>
 <node id="5368672984" visible="true" version="2" changeset="150160731" timestamp="2024-04-18T07:48:31Z" user="uknown-gryphus" uid="2425805" lat="12.9740542" lon="79.1588112"/>
 <node id="5368672985" visible="true" version="2" changeset="150160731" timestamp="2024-04-18T07:48:31Z" user="uknown-gryphus" uid="2425805" lat="12.9738399" lon="79.1588166"/>
 <node id="5368672986" visible="true" version="2" changeset="150160731" timestamp="2024-04-18T07:48:31Z" user="uknown-gryphus" uid="2425805" lat="12.9738346" lon="79.1586878"/>
 <node id="5368672987" visible="true" version="2" changeset="150160731" timestamp="2024-04-18T07:48:31Z" user="uknown-gryphus" uid="2425805" lat="12.9737954" lon="79.1586825"/>
 <node id="5368672988" visible="true" version="3" changeset="150160731" timestamp="2024-04-18T07:48:31Z" user="uknown-gryphus" uid="2425805" lat="12.9738216" lon="79.1579637">
  <tag k="amenity" v="bicycle_parking"/>
 </node>
 <node id="5368672989" visible="true" version="2" changeset="150160731" timestamp="2024-04-18T07:48:31Z" user="uknown-gryphus" uid="2425805" lat="12.9738765" lon="79.1579663"/>
 <node id="5368672990" visible="true" version="2" changeset="150160731" timestamp="2024-04-18T07:48:31Z" user="uknown-gryphus" uid="2425805" lat="12.9738895" lon="79.1578751"/>
 <node id="5368672991" visible="true" version="2" changeset="129405933" timestamp="2022-11-26T15:12:27Z" user="uknown-gryphus" uid="2425805" lat="12.9741884" lon="79.1591931"/>
 <node id="5368672992" visible="true" version="2" changeset="129405933" timestamp="2022-11-26T15:12:27Z" user="uknown-gryphus" uid="2425805" lat="12.9737931" lon="79.1591739"/>
 <node id="5368672993" visible="true" version="2" changeset="129405933" timestamp="2022-11-26T15:12:27Z" user="uknown-gryphus" uid="2425805" lat="12.9737866" lon="79.1593131"/>
 <node id="5368672994" visible="true" version="2" changeset="129405933" timestamp="2022-11-26T15:12:27Z" user="uknown-gryphus" uid="2425805" lat="12.9739267" lon="79.1593199"/>
 <node id="5368672995" visible="true" version="2" changeset="129405933" timestamp="2022-11-26T15:12:27Z" user="uknown-gryphus" uid="2425805" lat="12.9739246" lon="79.1593649"/>
 <node id="5368672996" visible="true" version="2" changeset="129405933" timestamp="2022-11-26T15:12:27Z" user="uknown-gryphus" uid="2425805" lat="12.9741799" lon="79.1593773"/>
 <node id="5368672997" visible="true" version="1" changeset="55838330" timestamp="2018-01-28T19:08:40Z" user="Revant Mishra" uid="7540209" lat="12.9734294" lon="79.1593068"/>
 <node id="5368672998" visible="true" version="1" changeset="55838330" timestamp="2018-01-28T19:08:40Z" user="Revant Mishra" uid="7540209" lat="12.9734241" lon="79.1594006"/>
 <node id="5368672999" visible="true" version="1" changeset="55838330" timestamp="2018-01-28T19:08:40Z" user="Revant Mishra" uid="7540209" lat="12.9734712" lon="79.1593980"/>
 <node id="5368673000" visible="true" version="1" changeset="55838330" timestamp="2018-01-28T19:08:40Z" user="Revant Mishra" uid="7540209" lat="12.9734581" lon="79.1599129"/>
 <node id="5368673001" visible="true" version="1" changeset="55838330" timestamp="2018-01-28T19:08:40Z" user="Revant Mishra" uid="7540209" lat="12.9734895" lon="79.1599290"/>
 <node id="5368673002" visible="true" version="1" changeset="55838330" timestamp="2018-01-28T19:08:40Z" user="Revant Mishra" uid="7540209" lat="12.9734947" lon="79.1600497"/>
 <node id="5368673003" visible="true" version="1" changeset="55838330" timestamp="2018-01-28T19:08:40Z" user="Revant Mishra" uid="7540209" lat="12.9734137" lon="79.1600631"/>
 <node id="5368673004" visible="true" version="1" changeset="55838330" timestamp="2018-01-28T19:08:40Z" user="Revant Mishra" uid="7540209" lat="12.9734006" lon="79.1600900"/>
 <node id="5368673005" visible="true" version="1" changeset="55838330" timestamp="2018-01-28T19:08:40Z" user="Revant Mishra" uid="7540209" lat="12.9734581" lon="79.1600953"/>
 <node id="5368673006" visible="true" version="1" changeset="55838330" timestamp="2018-01-28T19:08:40Z" user="Revant Mishra" uid="7540209" lat="12.9734607" lon="79.1602026"/>
 <node id="5368673007" visible="true" version="1" changeset="55838330" timestamp="2018-01-28T19:08:40Z" user="Revant Mishra" uid="7540209" lat="12.9733483" lon="79.1602107"/>
 <node id="5368673008" visible="true" version="1" changeset="55838330" timestamp="2018-01-28T19:08:40Z" user="Revant Mishra" uid="7540209" lat="12.9733588" lon="79.1600819"/>
 <node id="5368673009" visible="true" version="1" changeset="55838330" timestamp="2018-01-28T19:08:40Z" user="Revant Mishra" uid="7540209" lat="12.9732725" lon="79.1600658"/>
 <node id="5368673010" visible="true" version="1" changeset="55838330" timestamp="2018-01-28T19:08:40Z" user="Revant Mishra" uid="7540209" lat="12.9732699" lon="79.1601999"/>
 <node id="5368673011" visible="true" version="1" changeset="55838330" timestamp="2018-01-28T19:08:40Z" user="Revant Mishra" uid="7540209" lat="12.9731523" lon="79.1602160"/>
 <node id="5368673012" visible="true" version="2" changeset="137233193" timestamp="2023-06-12T08:18:30Z" user="Abhimanyu Kundu" uid="19553168" lat="12.9731811" lon="79.1593980">
  <tag k="amenity" v="bicycle_parking"/>
  <tag k="bicycle_parking" v="stands"/>
  <tag k="fee" v="no"/>
 </node>
 <node id="5368673013" visible="true" version="1" changeset="55838330" timestamp="2018-01-28T19:08:40Z" user="Revant Mishra" uid="7540209" lat="12.9732307" lon="79.1594087"/>
 <node id="5368673014" visible="true" version="1" changeset="55838330" timestamp="2018-01-28T19:08:40Z" user="Revant Mishra" uid="7540209" lat="12.9732569" lon="79.1593014"/>
 <node id="5368673015" visible="true" version="2" changeset="67034333" timestamp="2019-02-08T19:23:32Z" user="pyram" uid="497849" lat="12.9729764" lon="79.1585813"/>
 <node id="5368673016" visible="true" version="2" changeset="67034333" timestamp="2019-02-08T19:23:32Z" user="pyram" uid="497849" lat="12.9730319" lon="79.1585848"/>
 <node id="5368673017" visible="true" version="3" changeset="137233193" timestamp="2023-06-12T08:18:30Z" user="Abhimanyu Kundu" uid="19553168" lat="12.9729992" lon="79.1591253">
  <tag k="amenity" v="bicycle_parking"/>
  <tag k="bicycle_parking" v="stands"/>
  <tag k="fee" v="no"/>
 </node>
 <node id="5368673018" visible="true" version="2" changeset="67034333" timestamp="2019-02-08T19:23:32Z" user="pyram" uid="497849" lat="12.9729437" lon="79.1591218"/>
 <node id="5368673019" visible="true" version="2" changeset="67034333" timestamp="2019-02-08T19:23:32Z" user="pyram" uid="497849" lat="12.9729413" lon="79.1591603"/>
 <node id="5368673020" visible="true" version="2" changeset="67034333" timestamp="2019-02-08T19:23:32Z" user="pyram" uid="497849" lat="12.9728422" lon="79.1591540"/>
 <node id="5368673121" visible="true" version="2" changeset="67034333" timestamp="2019-02-08T19:23:32Z" user="pyram" uid="497849" lat="12.9728446" lon="79.1591154"/>
 <node id="5368673122" visible="true" version="2" changeset="67034333" timestamp="2019-02-08T19:23:32Z" user="pyram" uid="497849" lat="12.9727859" lon="79.1591117"/>
 <node id="5368673123" visible="true" version="2" changeset="67034333" timestamp="2019-02-08T19:23:32Z" user="pyram" uid="497849" lat="12.9728186" lon="79.1585712"/>
 <node id="5368673124" visible="true" version="2" changeset="67034333" timestamp="2019-02-08T19:23:32Z" user="pyram" uid="497849" lat="12.9728773" lon="79.1585749"/>
 <node id="5368673125" visible="true" version="2" changeset="67034333" timestamp="2019-02-08T19:23:32Z" user="pyram" uid="497849" lat="12.9728803" lon="79.1585250"/>
 <node id="5368673126" visible="true" version="2" changeset="67034333" timestamp="2019-02-08T19:23:32Z" user="pyram" uid="497849" lat="12.9729794" lon="79.1585313"/>
 <node id="5368673127" visible="true" version="2" changeset="67034333" timestamp="2019-02-08T19:23:32Z" user="pyram" uid="497849" lat="12.9731225" lon="79.1585863"/>
 <node id="5368673128" visible="true" version="2" changeset="67034333" timestamp="2019-02-08T19:23:32Z" user="pyram" uid="497849" lat="12.9731203" lon="79.1586204"/>
 <node id="5368673129" visible="true" version="2" changeset="67034333" timestamp="2019-02-08T19:23:32Z" user="pyram" uid="497849" lat="12.9730885" lon="79.1586182"/>
 <node id="5368673130" visible="true" version="2" changeset="67034333" timestamp="2019-02-08T19:23:32Z" user="pyram" uid="497849" lat="12.9730714" lon="79.1588897"/>
 <node id="5368673131" visible="true" version="2" changeset="67034333" timestamp="2019-02-08T19:23:32Z" user="pyram" uid="497849" lat="12.9730543" lon="79.1591618"/>
 <node id="5368673132" visible="true" version="2" changeset="67034333" timestamp="2019-02-08T19:23:32Z" user="pyram" uid="497849" lat="12.9730787" lon="79.1591634"/>
 <node id="5368673135" visible="true" version="2" changeset="67034333" timestamp="2019-02-08T19:23:32Z" user="pyram" uid="497849" lat="12.9731515" lon="79.1591683"/>
 <node id="5368673136" visible="true" version="2" changeset="67034333" timestamp="2019-02-08T19:23:32Z" user="pyram" uid="497849" lat="12.9731958" lon="79.1591712"/>
 <node id="5368673137" visible="true" version="2" changeset="67034333" timestamp="2019-02-08T19:23:32Z" user="pyram" uid="497849" lat="12.9731994" lon="79.1591132"/>
 <node id="5368673138" visible="true" version="2" changeset="67034333" timestamp="2019-02-08T19:23:32Z" user="pyram" uid="497849" lat="12.9731666" lon="79.1591110"/>
 <node id="5368673139" visible="true" version="2" changeset="67034333" timestamp="2019-02-08T19:23:32Z" user="pyram" uid="497849" lat="12.9731799" lon="79.1589002"/>
 <node id="5368673140" visible="true" version="2" changeset="67034333" timestamp="2019-02-08T19:23:32Z" user="pyram" uid="497849" lat="12.9732569" lon="79.1589053"/>
 <node id="5368673141" visible="true" version="2" changeset="67034333" timestamp="2019-02-08T19:23:32Z" user="pyram" uid="497849" lat="12.9732493" lon="79.1590264"/>
 <node id="5368673142" visible="true" version="2" changeset="67034333" timestamp="2019-02-08T19:23:32Z" user="pyram" uid="497849" lat="12.9733313" lon="79.1590318"/>
 <node id="5368673143" visible="true" version="2" changeset="67034333" timestamp="2019-02-08T19:23:32Z" user="pyram" uid="497849" lat="12.9733380" lon="79.1589250"/>
 <node id="5368673144" visible="true" version="2" changeset="67034333" timestamp="2019-02-08T19:23:32Z" user="pyram" uid="497849" lat="12.9734285" lon="79.1589310"/>
 <node id="5368673145" visible="true" version="2" changeset="67034333" timestamp="2019-02-08T19:23:32Z" user="pyram" uid="497849" lat="12.9734262" lon="79.1589686"/>
 <node id="5368673146" visible="true" version="2" changeset="67034333" timestamp="2019-02-08T19:23:32Z" user="pyram" uid="497849" lat="12.9734811" lon="79.1589723"/>
 <node id="5368673147" visible="true" version="2" changeset="67034333" timestamp="2019-02-08T19:23:32Z" user="pyram" uid="497849" lat="12.9734838" lon="79.1589293"/>
 <node id="5368673148" visible="true" version="2" changeset="67034333" timestamp="2019-02-08T19:23:32Z" user="pyram" uid="497849" lat="12.9735450" lon="79.1589333"/>
 <node id="5368673149" visible="true" version="2" changeset="67034333" timestamp="2019-02-08T19:23:32Z" user="pyram" uid="497849" lat="12.9735481" lon="79.1588849"/>
 <node id="5368673150" visible="true" version="2" changeset="67034333" timestamp="2019-02-08T19:23:33Z" user="pyram" uid="497849" lat="12.9734966" lon="79.1588815"/>
 <node id="5368673151" visible="true" version="2" changeset="67034333" timestamp="2019-02-08T19:23:33Z" user="pyram" uid="497849" lat="12.9734994" lon="79.1588361"/>
 <node id="5368673152" visible="true" version="2" changeset="67034333" timestamp="2019-02-08T19:23:33Z" user="pyram" uid="497849" lat="12.9732121" lon="79.1588170"/>
 <node id="5368673153" visible="true" version="2" changeset="67034333" timestamp="2019-02-08T19:23:33Z" user="pyram" uid="497849" lat="12.9732237" lon="79.1586324"/>
 <node id="5368673154" visible="true" version="2" changeset="67034333" timestamp="2019-02-08T19:23:33Z" user="pyram" uid="497849" lat="12.9731893" lon="79.1586302"/>
 <node id="5368673155" visible="true" version="2" changeset="67034333" timestamp="2019-02-08T19:23:33Z" user="pyram" uid="497849" lat="12.9731917" lon="79.1585909"/>
 <node id="5368673156" visible="true" version="1" changeset="55838330" timestamp="2018-01-28T19:08:41Z" user="Revant Mishra" uid="7540209" lat="12.9730388" lon="79.1579164"/>
 <node id="5368673157" visible="true" version="1" changeset="55838330" timestamp="2018-01-28T19:08:41Z" user="Revant Mishra" uid="7540209" lat="12.9730362" lon="79.1579889"/>
 <node id="5368673158" visible="true" version="1" changeset="55838330" timestamp="2018-01-28T19:08:41Z" user="Revant Mishra" uid="7540209" lat="12.9730728" lon="79.1579915"/>
 <node id="5368673159" visible="true" version="1" changeset="55838330" timestamp="2018-01-28T19:08:41Z" user="Revant Mishra" uid="7540209" lat="12.9730807" lon="79.1579647"/>
 <node id="5368673160" visible="true" version="1" changeset="55838330" timestamp="2018-01-28T19:08:41Z" user="Revant Mishra" uid="7540209" lat="12.9731434" lon="79.1579620"/>
 <node id="5368673161" visible="true" version="1" changeset="55838330" timestamp="2018-01-28T19:08:41Z" user="Revant Mishra" uid="7540209" lat="12.9731172" lon="79.1584100"/>
 <node id="5368673162" visible="true" version="1" changeset="55838330" timestamp="2018-01-28T19:08:41Z" user="Revant Mishra" uid="7540209" lat="12.9730526" lon="79.1584057"/>
 <node id="5368673163" visible="true" version="1" changeset="55838330" timestamp="2018-01-28T19:08:41Z" user="Revant Mishra" uid="7540209" lat="12.9730630" lon="79.1583206"/>
 <node id="5368673164" visible="true" version="1" changeset="55838330" timestamp="2018-01-28T19:08:41Z" user="Revant Mishra" uid="7540209" lat="12.9730360" lon="79.1583195"/>
 <node id="5368673165" visible="true" version="1" changeset="55838330" timestamp="2018-01-28T19:08:41Z" user="Revant Mishra" uid="7540209" lat="12.9730308" lon="79.1583663"/>
 <node id="5368673166" visible="true" version="1" changeset="55838330" timestamp="2018-01-28T19:08:41Z" user="Revant Mishra" uid="7540209" lat="12.9729188" lon="79.1583653"/>
 <node id="5368673167" visible="true" version="1" changeset="55838330" timestamp="2018-01-28T19:08:41Z" user="Revant Mishra" uid="7540209" lat="12.9729219" lon="79.1583014"/>
 <node id="5368673168" visible="true" version="1" changeset="55838330" timestamp="2018-01-28T19:08:41Z" user="Revant Mishra" uid="7540209" lat="12.9728016" lon="79.1583025"/>
 <node id="5368673169" visible="true" version="2" changeset="137233193" timestamp="2023-06-12T08:18:30Z" user="Abhimanyu Kundu" uid="19553168" lat="12.9727995" lon="79.1582333">
  <tag k="amenity" v="bicycle_parking"/>
  <tag k="bicycle_parking" v="shed"/>
  <tag k="fee" v="no"/>
 </node>
 <node id="5368673170" visible="true" version="1" changeset="55838330" timestamp="2018-01-28T19:08:41Z" user="Revant Mishra" uid="7540209" lat="12.9728337" lon="79.1582301"/>
 <node id="5368673171" visible="true" version="1" changeset="55838330" timestamp="2018-01-28T19:08:41Z" user="Revant Mishra" uid="7540209" lat="12.9728420" lon="79.1579437"/>
 <node id="5368673172" visible="true" version="1" changeset="55838330" timestamp="2018-01-28T19:08:41Z" user="Revant Mishra" uid="7540209" lat="12.9728991" lon="79.1579480"/>
 <node id="5368673173" visible="true" version="1" changeset="55838330" timestamp="2018-01-28T19:08:41Z" user="Revant Mishra" uid="7540209" lat="12.9728991" lon="79.1579831"/>
 <node id="5368673174" visible="true" version="1" changeset="55838330" timestamp="2018-01-28T19:08:41Z" user="Revant Mishra" uid="7540209" lat="12.9729292" lon="79.1579810"/>
 <node id="5368673175" visible="true" version="1" changeset="55838330" timestamp="2018-01-28T19:08:41Z" user="Revant Mishra" uid="7540209" lat="12.9729395" lon="79.1579150"/>
 <node id="5368673176" visible="true" version="2" changeset="126317147" timestamp="2022-09-18T03:56:21Z" user="Arun Balaji" uid="3427745" lat="12.9731658" lon="79.1569629"/>
 <node id="5368673177" visible="true" version="2" changeset="126317147" timestamp="2022-09-18T03:56:21Z" user="Arun Balaji" uid="3427745" lat="12.9731586" lon="79.1570956"/>
 <node id="5368673178" visible="true" version="3" changeset="137233193" timestamp="2023-06-12T08:18:30Z" user="Abhimanyu Kundu" uid="19553168" lat="12.9729887" lon="79.1570860">
  <tag k="amenity" v="bicycle_parking"/>
  <tag k="fee" v="no"/>
 </node>
 <node id="5368673179" visible="true" version="2" changeset="126317147" timestamp="2022-09-18T03:56:21Z" user="Arun Balaji" uid="3427745" lat="12.9729859" lon="79.1571370"/>
 <node id="5368673180" visible="true" version="2" changeset="126317147" timestamp="2022-09-18T03:56:21Z" user="Arun Balaji" uid="3427745" lat="12.9729225" lon="79.1571334"/>
 <node id="5368673181" visible="true" version="2" changeset="126317147" timestamp="2022-09-18T03:56:21Z" user="Arun Balaji" uid="3427745" lat="12.9728964" lon="79.1576186"/>
 <node id="5368673182" visible="true" version="2" changeset="126317147" timestamp="2022-09-18T03:56:21Z" user="Arun Balaji" uid="3427745" lat="12.9729625" lon="79.1576223"/>
 <node id="5368673183" visible="true" version="2" changeset="126317147" timestamp="2022-09-18T03:56:21Z" user="Arun Balaji" uid="3427745" lat="12.9729640" lon="79.1575951"/>
 <node id="5368673184" visible="true" version="2" changeset="126317147" timestamp="2022-09-18T03:56:21Z" user="Arun Balaji" uid="3427745" lat="12.9731572" lon="79.1576060"/>
 <node id="5368673185" visible="true" version="2" changeset="126317147" timestamp="2022-09-18T03:56:21Z" user="Arun Balaji" uid="3427745" lat="12.9731559" lon="79.1576295"/>
 <node id="5368673186" visible="true" version="2" changeset="126317147" timestamp="2022-09-18T03:56:21Z" user="Arun Balaji" uid="3427745" lat="12.9732191" lon="79.1576331"/>
 <node id="5368673187" visible="true" version="2" changeset="126317147" timestamp="2022-09-18T03:56:21Z" user="Arun Balaji" uid="3427745" lat="12.9732549" lon="79.1569679"/>
 <node id="5368673188" visible="true" version="2" changeset="57298676" timestamp="2018-03-18T18:59:29Z" user="adivik2000" uid="250196" lat="12.9707598" lon="79.1589214"/>
 <node id="5368673197" visible="true" version="2" changeset="57298676" timestamp="2018-03-18T18:59:29Z" user="adivik2000" uid="250196" lat="12.9702497" lon="79.1589958"/>
 <node id="5368673207" visible="true" version="3" changeset="137233193" timestamp="2023-06-12T08:18:30Z" user="Abhimanyu Kundu" uid="19553168" lat="12.9709174" lon="79.1600603">
  <tag k="amenity" v="bicycle_parking"/>
 </node>
 <node id="5368673215" visible="true" version="1" changeset="55838330" timestamp="2018-01-28T19:08:42Z" user="Revant Mishra" uid="7540209" lat="12.9706622" lon="79.1568077"/>
 <node id="5368673216" visible="true" version="1" changeset="55838330" timestamp="2018-01-28T19:08:42Z" user="Revant Mishra" uid="7540209" lat="12.9707909" lon="79.1568759"/>
 <node id="5368673217" visible="true" version="1" changeset="55838330" timestamp="2018-01-28T19:08:42Z" user="Revant Mishra" uid="7540209" lat="12.9708074" lon="79.1572548"/>
 <node id="5368673218" visible="true" version="2" changeset="57298676" timestamp="2018-03-18T18:59:29Z" user="adivik2000" uid="250196" lat="12.9709103" lon="79.1575209"/>
 <node id="5368673219" visible="true" version="1" changeset="55838330" timestamp="2018-01-28T19:08:42Z" user="Revant Mishra" uid="7540209" lat="12.9709278" lon="79.1582043"/>
 <node id="5368673220" visible="true" version="1" changeset="55838330" timestamp="2018-01-28T19:08:42Z" user="Revant Mishra" uid="7540209" lat="12.9706788" lon="79.1581149"/>
 <node id="5368673321" visible="true" version="1" changeset="55838330" timestamp="2018-01-28T19:08:42Z" user="Revant Mishra" uid="7540209" lat="12.9698366" lon="79.1580978"/>
 <node id="5368673322" visible="true" version="1" changeset="55838330" timestamp="2018-01-28T19:08:42Z" user="Revant Mishra" uid="7540209" lat="12.9698366" lon="79.1576380"/>
 <node id="5368673323" visible="true" version="1" changeset="55838330" timestamp="2018-01-28T19:08:42Z" user="Revant Mishra" uid="7540209" lat="12.9697162" lon="79.1573911"/>
 <node id="5368673324" visible="true" version="1" changeset="55838330" timestamp="2018-01-28T19:08:42Z" user="Revant Mishra" uid="7540209" lat="12.9696789" lon="79.1567268"/>
 <node id="5407920499" visible="true" version="2" changeset="57308710" timestamp="2018-03-19T07:17:48Z" user="Pushan Srivastava" uid="7414720" lat="12.9694874" lon="79.1586438"/>
 <node id="5487048327" visible="true" version="1" changeset="57298676" timestamp="2018-03-18T18:59:21Z" user="adivik2000" uid="250196" lat="12.9711822" lon="79.1603431"/>
 <node id="5487048328" visible="true" version="2" changeset="172337357" timestamp="2025-09-23T10:54:03Z" user="PalMaper" uid="13262539" lat="12.9716216" lon="79.1632478">
  <tag k="highway" v="crossing"/>
 </node>
 <node id="5487048329" visible="true" version="1" changeset="57298676" timestamp="2018-03-18T18:59:21Z" user="adivik2000" uid="250196" lat="12.9714331" lon="79.1622663"/>
 <node id="5487048330" visible="true" version="1" changeset="57298676" timestamp="2018-03-18T18:59:21Z" user="adivik2000" uid="250196" lat="12.9713416" lon="79.1616775"/>
 <node id="5487048331" visible="true" version="1" changeset="57298676" timestamp="2018-03-18T18:59:22Z" user="adivik2000" uid="250196" lat="12.9713560" lon="79.1614696"/>
 <node id="5487048332" visible="true" version="1" changeset="57298676" timestamp="2018-03-18T18:59:22Z" user="adivik2000" uid="250196" lat="12.9713442" lon="79.1613771"/>
 <node id="5487048333" visible="true" version="1" changeset="57298676" timestamp="2018-03-18T18:59:22Z" user="adivik2000" uid="250196" lat="12.9712710" lon="79.1608661"/>
 <node id="5487048334" visible="true" version="1" changeset="57298676" timestamp="2018-03-18T18:59:22Z" user="adivik2000" uid="250196" lat="12.9711234" lon="79.1597624"/>
 <node id="5487048335" visible="true" version="1" changeset="57298676" timestamp="2018-03-18T18:59:22Z" user="adivik2000" uid="250196" lat="12.9709757" lon="79.1587579"/>
 <node id="5487048336" visible="true" version="1" changeset="57298676" timestamp="2018-03-18T18:59:22Z" user="adivik2000" uid="250196" lat="12.9697028" lon="79.1566122"/>
 <node id="5487048337" visible="true" version="1" changeset="57298676" timestamp="2018-03-18T18:59:22Z" user="adivik2000" uid="250196" lat="12.9697065" lon="79.1563823"/>
 <node id="5487048338" visible="true" version="1" changeset="57298676" timestamp="2018-03-18T18:59:22Z" user="adivik2000" uid="250196" lat="12.9697132" lon="79.1560529"/>
 <node id="5487048339" visible="true" version="1" changeset="57298676" timestamp="2018-03-18T18:59:22Z" user="adivik2000" uid="250196" lat="12.9697446" lon="79.1560207"/>
 <node id="5487048340" visible="true" version="1" changeset="57298676" timestamp="2018-03-18T18:59:22Z" user="adivik2000" uid="250196" lat="12.9701691" lon="79.1585499"/>
 <node id="5487048341" visible="true" version="1" changeset="57298676" timestamp="2018-03-18T18:59:22Z" user="adivik2000" uid="250196" lat="12.9698688" lon="79.1585476"/>
 <node id="5487048342" visible="true" version="1" changeset="57298676" timestamp="2018-03-18T18:59:22Z" user="adivik2000" uid="250196" lat="12.9698740" lon="79.1583545"/>
 <node id="5487048343" visible="true" version="1" changeset="57298676" timestamp="2018-03-18T18:59:22Z" user="adivik2000" uid="250196" lat="12.9701694" lon="79.1583599"/>
 <node id="5487048344" visible="true" version="1" changeset="57298676" timestamp="2018-03-18T18:59:22Z" user="adivik2000" uid="250196" lat="12.9704119" lon="79.1624683"/>
 <node id="5487048345" visible="true" version="1" changeset="57298676" timestamp="2018-03-18T18:59:22Z" user="adivik2000" uid="250196" lat="12.9701538" lon="79.1624571"/>
 <node id="5487048346" visible="true" version="1" changeset="57298676" timestamp="2018-03-18T18:59:22Z" user="adivik2000" uid="250196" lat="12.9701869" lon="79.1616538"/>
 <node id="5487048347" visible="true" version="1" changeset="57298676" timestamp="2018-03-18T18:59:22Z" user="adivik2000" uid="250196" lat="12.9704450" lon="79.1616650"/>
 <node id="5487048348" visible="true" version="1" changeset="57298676" timestamp="2018-03-18T18:59:22Z" user="adivik2000" uid="250196" lat="12.9723606" lon="79.1608140"/>
 <node id="5487048349" visible="true" version="1" changeset="57298676" timestamp="2018-03-18T18:59:22Z" user="adivik2000" uid="250196" lat="12.9718947" lon="79.1608461"/>
 <node id="5487048350" visible="true" version="1" changeset="57298676" timestamp="2018-03-18T18:59:22Z" user="adivik2000" uid="250196" lat="12.9718668" lon="79.1604184"/>
 <node id="5487048351" visible="true" version="1" changeset="57298676" timestamp="2018-03-18T18:59:22Z" user="adivik2000" uid="250196" lat="12.9723327" lon="79.1603863"/>
 <node id="5487048352" visible="true" version="1" changeset="57298676" timestamp="2018-03-18T18:59:22Z" user="adivik2000" uid="250196" lat="12.9706523" lon="79.1603390"/>
 <node id="5487048353" visible="true" version="3" changeset="150160731" timestamp="2024-04-18T07:48:31Z" user="uknown-gryphus" uid="2425805" lat="12.9711123" lon="79.1610403">
  <tag k="amenity" v="bicycle_parking"/>
 </node>
 <node id="5487048354" visible="true" version="1" changeset="57298676" timestamp="2018-03-18T18:59:22Z" user="adivik2000" uid="250196" lat="12.9708122" lon="79.1610804"/>
 <node id="5487048355" visible="true" version="1" changeset="57298676" timestamp="2018-03-18T18:59:22Z" user="adivik2000" uid="250196" lat="12.9704074" lon="79.1601347"/>
 <node id="5487048356" visible="true" version="1" changeset="57298676" timestamp="2018-03-18T18:59:22Z" user="adivik2000" uid="250196" lat="12.9701669" lon="79.1596950"/>
 <node id="5487048357" visible="true" version="1" changeset="57298676" timestamp="2018-03-18T18:59:22Z" user="adivik2000" uid="250196" lat="12.9698968" lon="79.1596848"/>
 <node id="5487048358" visible="true" version="1" changeset="57298676" timestamp="2018-03-18T18:59:22Z" user="adivik2000" uid="250196" lat="12.9699071" lon="79.1593967"/>
 <node id="5487048359" visible="true" version="1" changeset="57298676" timestamp="2018-03-18T18:59:22Z" user="adivik2000" uid="250196" lat="12.9701772" lon="79.1594069"/>
 <node id="5487048360" visible="true" version="1" changeset="57298676" timestamp="2018-03-18T18:59:22Z" user="adivik2000" uid="250196" lat="12.9723031" lon="79.1603104"/>
 <node id="5487048361" visible="true" version="1" changeset="57298676" timestamp="2018-03-18T18:59:22Z" user="adivik2000" uid="250196" lat="12.9718416" lon="79.1603060"/>
 <node id="5487048362" visible="true" version="1" changeset="57298676" timestamp="2018-03-18T18:59:22Z" user="adivik2000" uid="250196" lat="12.9718478" lon="79.1596262"/>
 <node id="5487048363" visible="true" version="1" changeset="57298676" timestamp="2018-03-18T18:59:22Z" user="adivik2000" uid="250196" lat="12.9723092" lon="79.1596306"/>
 <node id="5487048364" visible="true" version="1" changeset="57298676" timestamp="2018-03-18T18:59:22Z" user="adivik2000" uid="250196" lat="12.9697498" lon="79.1558880"/>
 <node id="5487048365" visible="true" version="1" changeset="57298676" timestamp="2018-03-18T18:59:22Z" user="adivik2000" uid="250196" lat="12.9697420" lon="79.1558518"/>
 <node id="5487048366" visible="true" version="1" changeset="57298676" timestamp="2018-03-18T18:59:22Z" user="adivik2000" uid="250196" lat="12.9697132" lon="79.1558115"/>
 <node id="5487048367" visible="true" version="1" changeset="57298676" timestamp="2018-03-18T18:59:22Z" user="adivik2000" uid="250196" lat="12.9697145" lon="79.1553837"/>
 <node id="5487048368" visible="true" version="1" changeset="57298676" timestamp="2018-03-18T18:59:22Z" user="adivik2000" uid="250196" lat="12.9702661" lon="79.1553958"/>
 <node id="5487048369" visible="true" version="1" changeset="57298676" timestamp="2018-03-18T18:59:22Z" user="adivik2000" uid="250196" lat="12.9704216" lon="79.1552858"/>
 <node id="5487048370" visible="true" version="1" changeset="57298676" timestamp="2018-03-18T18:59:22Z" user="adivik2000" uid="250196" lat="12.9704294" lon="79.1549492"/>
 <node id="5487048371" visible="true" version="1" changeset="57298676" timestamp="2018-03-18T18:59:22Z" user="adivik2000" uid="250196" lat="12.9704464" lon="79.1542813"/>
 <node id="5487048372" visible="true" version="1" changeset="57298676" timestamp="2018-03-18T18:59:22Z" user="adivik2000" uid="250196" lat="12.9703601" lon="79.1542679"/>
 <node id="5487048373" visible="true" version="1" changeset="57298676" timestamp="2018-03-18T18:59:22Z" user="adivik2000" uid="250196" lat="12.9703484" lon="79.1552469"/>
 <node id="5487048374" visible="true" version="1" changeset="57298676" timestamp="2018-03-18T18:59:22Z" user="adivik2000" uid="250196" lat="12.9703353" lon="79.1552885"/>
 <node id="5487048375" visible="true" version="1" changeset="57298676" timestamp="2018-03-18T18:59:22Z" user="adivik2000" uid="250196" lat="12.9702974" lon="79.1553046"/>
 <node id="5487048376" visible="true" version="1" changeset="57298676" timestamp="2018-03-18T18:59:22Z" user="adivik2000" uid="250196" lat="12.9694741" lon="79.1552818"/>
 <node id="5487048377" visible="true" version="1" changeset="57298676" timestamp="2018-03-18T18:59:22Z" user="adivik2000" uid="250196" lat="12.9694675" lon="79.1548017"/>
 <node id="5487048378" visible="true" version="2" changeset="150160731" timestamp="2024-04-18T07:48:31Z" user="uknown-gryphus" uid="2425805" lat="12.9720058" lon="79.1584712"/>
 <node id="5487048380" visible="true" version="1" changeset="57298676" timestamp="2018-03-18T18:59:22Z" user="adivik2000" uid="250196" lat="12.9717794" lon="79.1582161"/>
 <node id="5487048381" visible="true" version="1" changeset="57298676" timestamp="2018-03-18T18:59:22Z" user="adivik2000" uid="250196" lat="12.9718304" lon="79.1582000"/>
 <node id="5487048382" visible="true" version="2" changeset="174897746" timestamp="2025-11-20T09:33:15Z" user="PalMaper" uid="13262539" lat="12.9709846" lon="79.1582272"/>
 <node id="5487048383" visible="true" version="1" changeset="57298676" timestamp="2018-03-18T18:59:22Z" user="adivik2000" uid="250196" lat="12.9709025" lon="79.1582678"/>
 <node id="5487048384" visible="true" version="1" changeset="57298676" timestamp="2018-03-18T18:59:22Z" user="adivik2000" uid="250196" lat="12.9706098" lon="79.1581571"/>
 <node id="5487048385" visible="true" version="1" changeset="57298676" timestamp="2018-03-18T18:59:22Z" user="adivik2000" uid="250196" lat="12.9705588" lon="79.1581450"/>
 <node id="5487048386" visible="true" version="1" changeset="57298676" timestamp="2018-03-18T18:59:22Z" user="adivik2000" uid="250196" lat="12.9698459" lon="79.1581289"/>
 <node id="5487048387" visible="true" version="1" changeset="57298676" timestamp="2018-03-18T18:59:22Z" user="adivik2000" uid="250196" lat="12.9698041" lon="79.1581196"/>
 <node id="5487048388" visible="true" version="1" changeset="57298676" timestamp="2018-03-18T18:59:22Z" user="adivik2000" uid="250196" lat="12.9697897" lon="79.1580820"/>
 <node id="5487048389" visible="true" version="1" changeset="57298676" timestamp="2018-03-18T18:59:22Z" user="adivik2000" uid="250196" lat="12.9697897" lon="79.1580056"/>
 <node id="5487048390" visible="true" version="1" changeset="57298676" timestamp="2018-03-18T18:59:22Z" user="adivik2000" uid="250196" lat="12.9698028" lon="79.1576797"/>
 <node id="5487048391" visible="true" version="1" changeset="57298676" timestamp="2018-03-18T18:59:23Z" user="adivik2000" uid="250196" lat="12.9698001" lon="79.1575798"/>
 <node id="5487048392" visible="true" version="1" changeset="57298676" timestamp="2018-03-18T18:59:23Z" user="adivik2000" uid="250196" lat="12.9696897" lon="79.1573994"/>
 <node id="5487048393" visible="true" version="1" changeset="57298676" timestamp="2018-03-18T18:59:23Z" user="adivik2000" uid="250196" lat="12.9696732" lon="79.1566646"/>
 <node id="5487048394" visible="true" version="1" changeset="57298676" timestamp="2018-03-18T18:59:23Z" user="adivik2000" uid="250196" lat="12.9710097" lon="79.1586801"/>
 <node id="5487048395" visible="true" version="1" changeset="57298676" timestamp="2018-03-18T18:59:23Z" user="adivik2000" uid="250196" lat="12.9703157" lon="79.1586627"/>
 <node id="5487048396" visible="true" version="1" changeset="57298676" timestamp="2018-03-18T18:59:23Z" user="adivik2000" uid="250196" lat="12.9698139" lon="79.1586533"/>
 <node id="5487048397" visible="true" version="1" changeset="57298676" timestamp="2018-03-18T18:59:23Z" user="adivik2000" uid="250196" lat="12.9697877" lon="79.1586131"/>
 <node id="5487048398" visible="true" version="1" changeset="57298676" timestamp="2018-03-18T18:59:23Z" user="adivik2000" uid="250196" lat="12.9697655" lon="79.1585581"/>
 <node id="5487048399" visible="true" version="1" changeset="57298676" timestamp="2018-03-18T18:59:23Z" user="adivik2000" uid="250196" lat="12.9697773" lon="79.1582751"/>
 <node id="5487048400" visible="true" version="1" changeset="57298676" timestamp="2018-03-18T18:59:23Z" user="adivik2000" uid="250196" lat="12.9698047" lon="79.1582429"/>
 <node id="5487048401" visible="true" version="1" changeset="57298676" timestamp="2018-03-18T18:59:23Z" user="adivik2000" uid="250196" lat="12.9698439" lon="79.1582336"/>
 <node id="5487048402" visible="true" version="1" changeset="57298676" timestamp="2018-03-18T18:59:23Z" user="adivik2000" uid="250196" lat="12.9709920" lon="79.1583538"/>
 <node id="5487048403" visible="true" version="1" changeset="57298676" timestamp="2018-03-18T18:59:23Z" user="adivik2000" uid="250196" lat="12.9708790" lon="79.1583623"/>
 <node id="5487048404" visible="true" version="1" changeset="57298676" timestamp="2018-03-18T18:59:23Z" user="adivik2000" uid="250196" lat="12.9707012" lon="79.1582966"/>
 <node id="5487048405" visible="true" version="1" changeset="57298676" timestamp="2018-03-18T18:59:23Z" user="adivik2000" uid="250196" lat="12.9705732" lon="79.1582510"/>
 <node id="5487048413" visible="true" version="3" changeset="184217568" timestamp="2026-06-17T09:33:53Z" user="TheLNL" uid="21256080" lat="12.9696114" lon="79.1546883"/>
 <node id="5487048414" visible="true" version="3" changeset="184217568" timestamp="2026-06-17T09:33:53Z" user="TheLNL" uid="21256080" lat="12.9696128" lon="79.1546009"/>
 <node id="5487048828" visible="true" version="1" changeset="57298676" timestamp="2018-03-18T18:59:23Z" user="adivik2000" uid="250196" lat="12.9727187" lon="79.1683060"/>
 <node id="5487048829" visible="true" version="1" changeset="57298676" timestamp="2018-03-18T18:59:23Z" user="adivik2000" uid="250196" lat="12.9726929" lon="79.1678479"/>
 <node id="5487048830" visible="true" version="1" changeset="57298676" timestamp="2018-03-18T18:59:23Z" user="adivik2000" uid="250196" lat="12.9727609" lon="79.1674992"/>
 <node id="5487048831" visible="true" version="1" changeset="57298676" timestamp="2018-03-18T18:59:23Z" user="adivik2000" uid="250196" lat="12.9725570" lon="79.1667214"/>
 <node id="5487048832" visible="true" version="1" changeset="57298676" timestamp="2018-03-18T18:59:23Z" user="adivik2000" uid="250196" lat="12.9722251" lon="79.1655064"/>
 <node id="5487048833" visible="true" version="1" changeset="57298676" timestamp="2018-03-18T18:59:23Z" user="adivik2000" uid="250196" lat="12.9702321" lon="79.1559550"/>
 <node id="5487048834" visible="true" version="1" changeset="57298676" timestamp="2018-03-18T18:59:23Z" user="adivik2000" uid="250196" lat="12.9702556" lon="79.1557592"/>
 <node id="5487048835" visible="true" version="2" changeset="129405566" timestamp="2022-11-26T15:01:38Z" user="uknown-gryphus" uid="2425805" lat="12.9689650" lon="79.1547175"/>
 <node id="5487048836" visible="true" version="3" changeset="184217568" timestamp="2026-06-17T09:33:53Z" user="TheLNL" uid="21256080" lat="12.9693667" lon="79.1547709"/>
 <node id="5487048837" visible="true" version="1" changeset="57298676" timestamp="2018-03-18T18:59:23Z" user="adivik2000" uid="250196" lat="12.9751211" lon="79.1567972"/>
 <node id="5487048838" visible="true" version="1" changeset="57298676" timestamp="2018-03-18T18:59:23Z" user="adivik2000" uid="250196" lat="12.9735999" lon="79.1566604"/>
 <node id="5487048839" visible="true" version="1" changeset="57298676" timestamp="2018-03-18T18:59:23Z" user="adivik2000" uid="250196" lat="12.9719585" lon="79.1565022"/>
 <node id="5487048840" visible="true" version="2" changeset="136863016" timestamp="2023-06-02T10:54:10Z" user="Navk" uid="17769086" lat="12.9709443" lon="79.1564700"/>
 <node id="5487048841" visible="true" version="2" changeset="136864738" timestamp="2023-06-02T11:41:19Z" user="Navk" uid="17769086" lat="12.9708095" lon="79.1542059"/>
 <node id="5487048843" visible="true" version="2" changeset="136864738" timestamp="2023-06-02T11:41:19Z" user="Navk" uid="17769086" lat="12.9697195" lon="79.1540831"/>
 <node id="5487048844" visible="true" version="2" changeset="136864738" timestamp="2023-06-02T11:41:19Z" user="Navk" uid="17769086" lat="12.9703382" lon="79.1540564"/>
 <node id="5487048845" visible="true" version="1" changeset="57298676" timestamp="2018-03-18T18:59:24Z" user="adivik2000" uid="250196" lat="12.9688272" lon="79.1546246"/>
 <node id="5487048846" visible="true" version="1" changeset="57298676" timestamp="2018-03-18T18:59:24Z" user="adivik2000" uid="250196" lat="12.9681999" lon="79.1546488"/>
 <node id="5487048847" visible="true" version="1" changeset="57298676" timestamp="2018-03-18T18:59:24Z" user="adivik2000" uid="250196" lat="12.9681972" lon="79.1548499"/>
 <node id="5487048848" visible="true" version="1" changeset="57298676" timestamp="2018-03-18T18:59:24Z" user="adivik2000" uid="250196" lat="12.9682077" lon="79.1557404"/>
 <node id="5487048849" visible="true" version="1" changeset="57298676" timestamp="2018-03-18T18:59:24Z" user="adivik2000" uid="250196" lat="12.9679855" lon="79.1567382"/>
 <node id="5487048850" visible="true" version="1" changeset="57298676" timestamp="2018-03-18T18:59:24Z" user="adivik2000" uid="250196" lat="12.9675961" lon="79.1582751"/>
 <node id="5487048856" visible="true" version="3" changeset="136863016" timestamp="2023-06-02T10:54:10Z" user="Navk" uid="17769086" lat="12.9715809" lon="79.1690386"/>
 <node id="5487048857" visible="true" version="1" changeset="57298676" timestamp="2018-03-18T18:59:24Z" user="adivik2000" uid="250196" lat="12.9730406" lon="79.1680250"/>
 <node id="5487048858" visible="true" version="1" changeset="57298676" timestamp="2018-03-18T18:59:24Z" user="adivik2000" uid="250196" lat="12.9722068" lon="79.1649780"/>
 <node id="5487048859" visible="true" version="2" changeset="177345524" timestamp="2026-01-17T17:37:22Z" user="Shiva Chandran" uid="21115870" lat="12.9732541" lon="79.1679849"/>
 <node id="5487048860" visible="true" version="3" changeset="177345524" timestamp="2026-01-17T17:37:22Z" user="Shiva Chandran" uid="21115870" lat="12.9734441" lon="79.1679083"/>
 <node id="5487048861" visible="true" version="2" changeset="177345524" timestamp="2026-01-17T17:37:22Z" user="Shiva Chandran" uid="21115870" lat="12.9764466" lon="79.1678138"/>
 <node id="5487048862" visible="true" version="3" changeset="177345524" timestamp="2026-01-17T17:37:22Z" user="Shiva Chandran" uid="21115870" lat="12.9765436" lon="79.1647044"/>
 <node id="5487048865" visible="true" version="3" changeset="177345524" timestamp="2026-01-17T17:37:22Z" user="Shiva Chandran" uid="21115870" lat="12.9764425" lon="79.1634974"/>
 <node id="5487048866" visible="true" version="2" changeset="148528641" timestamp="2024-03-12T01:29:39Z" user="Asif99182" uid="20658534" lat="12.9764620" lon="79.1621911"/>
 <node id="5487048867" visible="true" version="1" changeset="57298676" timestamp="2018-03-18T18:59:24Z" user="adivik2000" uid="250196" lat="12.9764541" lon="79.1618934"/>
 <node id="5487048868" visible="true" version="1" changeset="57298676" timestamp="2018-03-18T18:59:24Z" user="adivik2000" uid="250196" lat="12.9774604" lon="79.1602063"/>
 <node id="5487048869" visible="true" version="1" changeset="57298676" timestamp="2018-03-18T18:59:24Z" user="adivik2000" uid="250196" lat="12.9754217" lon="79.1595089"/>
 <node id="5487048870" visible="true" version="1" changeset="57298676" timestamp="2018-03-18T18:59:24Z" user="adivik2000" uid="250196" lat="12.9757040" lon="79.1568160"/>
 <node id="5487948696" visible="true" version="2" changeset="184197941" timestamp="2026-06-16T19:45:33Z" user="TheLNL" uid="21256080" lat="12.9686406" lon="79.1575356"/>
 <node id="5487948697" visible="true" version="3" changeset="184197941" timestamp="2026-06-16T19:45:33Z" user="TheLNL" uid="21256080" lat="12.9686911" lon="79.1565196"/>
 <node id="5487948698" visible="true" version="3" changeset="184197941" timestamp="2026-06-16T19:45:33Z" user="TheLNL" uid="21256080" lat="12.9684678" lon="79.1562317"/>
 <node id="5487948699" visible="true" version="3" changeset="184197941" timestamp="2026-06-16T19:45:33Z" user="TheLNL" uid="21256080" lat="12.9683874" lon="79.1562329"/>
 <node id="5487948700" visible="true" version="2" changeset="184197941" timestamp="2026-06-16T19:45:33Z" user="TheLNL" uid="21256080" lat="12.9677958" lon="79.1576657"/>
 <node id="5487948701" visible="true" version="2" changeset="184197941" timestamp="2026-06-16T19:45:33Z" user="TheLNL" uid="21256080" lat="12.9685283" lon="79.1576865"/>
 <node id="5487958578" visible="true" version="1" changeset="57309193" timestamp="2018-03-19T07:42:17Z" user="Pushan Srivastava" uid="7414720" lat="12.9709597" lon="79.1587297"/>
 <node id="5487958579" visible="true" version="1" changeset="57309193" timestamp="2018-03-19T07:42:17Z" user="Pushan Srivastava" uid="7414720" lat="12.9710969" lon="79.1596765"/>
 <node id="5487958580" visible="true" version="1" changeset="57309193" timestamp="2018-03-19T07:42:17Z" user="Pushan Srivastava" uid="7414720" lat="12.9711388" lon="79.1600359"/>
 <node id="5487958581" visible="true" version="1" changeset="57309193" timestamp="2018-03-19T07:42:17Z" user="Pushan Srivastava" uid="7414720" lat="12.9709297" lon="79.1600601"/>
 <node id="5487958582" visible="true" version="1" changeset="57309193" timestamp="2018-03-19T07:42:17Z" user="Pushan Srivastava" uid="7414720" lat="12.9707402" lon="79.1587377"/>
 <node id="5487958583" visible="true" version="2" changeset="58749101" timestamp="2018-05-07T07:46:10Z" user="mapper65" uid="7859646" lat="12.9710146" lon="79.1594512">
  <tag k="amenity" v="fountain"/>
  <tag k="description" v="Water Fountain situated in a garden in front of the Technology Tower"/>
 </node>
 <node id="5494070736" visible="true" version="1" changeset="57390547" timestamp="2018-03-21T15:46:39Z" user="elninoAnshul" uid="7889283" lat="12.9727895" lon="79.1625547"/>
 <node id="5494070737" visible="true" version="1" changeset="57390547" timestamp="2018-03-21T15:46:39Z" user="elninoAnshul" uid="7889283" lat="12.9725430" lon="79.1609182"/>
 <node id="6266615737" visible="true" version="1" changeset="67034333" timestamp="2019-02-08T19:23:31Z" user="pyram" uid="497849" lat="12.9718602" lon="79.1591093"/>
 <node id="6266615738" visible="true" version="1" changeset="67034333" timestamp="2019-02-08T19:23:31Z" user="pyram" uid="497849" lat="12.9718576" lon="79.1592166"/>
 <node id="6266615739" visible="true" version="1" changeset="67034333" timestamp="2019-02-08T19:23:32Z" user="pyram" uid="497849" lat="12.9719583" lon="79.1592193"/>
 <node id="6266615740" visible="true" version="1" changeset="67034333" timestamp="2019-02-08T19:23:32Z" user="pyram" uid="497849" lat="12.9719609" lon="79.1591119"/>
 <node id="6266615741" visible="true" version="1" changeset="67034333" timestamp="2019-02-08T19:23:32Z" user="pyram" uid="497849" lat="12.9722584" lon="79.1591882"/>
 <node id="6266615742" visible="true" version="1" changeset="67034333" timestamp="2019-02-08T19:23:32Z" user="pyram" uid="497849" lat="12.9722113" lon="79.1590689"/>
 <node id="6266615743" visible="true" version="1" changeset="67034333" timestamp="2019-02-08T19:23:32Z" user="pyram" uid="497849" lat="12.9722614" lon="79.1590702"/>
 <node id="6266615744" visible="true" version="1" changeset="67034333" timestamp="2019-02-08T19:23:32Z" user="pyram" uid="497849" lat="12.9722167" lon="79.1591871"/>
 <node id="6266615745" visible="true" version="1" changeset="67034333" timestamp="2019-02-08T19:23:32Z" user="pyram" uid="497849" lat="12.9719535" lon="79.1594138"/>
 <node id="6266615746" visible="true" version="1" changeset="67034333" timestamp="2019-02-08T19:23:32Z" user="pyram" uid="497849" lat="12.9722109" lon="79.1594205"/>
 <node id="6266615747" visible="true" version="1" changeset="67034333" timestamp="2019-02-08T19:23:32Z" user="pyram" uid="497849" lat="12.9722136" lon="79.1589760"/>
 <node id="6266615748" visible="true" version="1" changeset="67034333" timestamp="2019-02-08T19:23:32Z" user="pyram" uid="497849" lat="12.9719645" lon="79.1589695"/>
 <node id="6266615749" visible="true" version="1" changeset="67034333" timestamp="2019-02-08T19:23:32Z" user="pyram" uid="497849" lat="12.9732752" lon="79.1584796"/>
 <node id="6266615750" visible="true" version="1" changeset="67034333" timestamp="2019-02-08T19:23:32Z" user="pyram" uid="497849" lat="12.9735588" lon="79.1584889"/>
 <node id="6266615751" visible="true" version="1" changeset="67034333" timestamp="2019-02-08T19:23:32Z" user="pyram" uid="497849" lat="12.9735620" lon="79.1583878"/>
 <node id="6266615752" visible="true" version="1" changeset="67034333" timestamp="2019-02-08T19:23:32Z" user="pyram" uid="497849" lat="12.9732784" lon="79.1583784"/>
 <node id="6348155509" visible="true" version="2" changeset="68417849" timestamp="2019-03-22T16:20:09Z" user="Viki_travel_weak" uid="8650769" lat="12.9741637" lon="79.1630436"/>
 <node id="6348155510" visible="true" version="2" changeset="68417849" timestamp="2019-03-22T16:20:09Z" user="Viki_travel_weak" uid="8650769" lat="12.9741513" lon="79.1639440"/>
 <node id="6348155511" visible="true" version="3" changeset="137233193" timestamp="2023-06-12T08:18:30Z" user="Abhimanyu Kundu" uid="19553168" lat="12.9735707" lon="79.1639356">
  <tag k="amenity" v="bicycle_parking"/>
 </node>
 <node id="6348155512" visible="true" version="2" changeset="68417849" timestamp="2019-03-22T16:20:09Z" user="Viki_travel_weak" uid="8650769" lat="12.9735831" lon="79.1630352"/>
 <node id="6812371437" visible="true" version="1" changeset="74723296" timestamp="2019-09-20T15:14:15Z" user="dkrish24" uid="10235055" lat="12.9692110" lon="79.1609028"/>
 <node id="6812371438" visible="true" version="1" changeset="74723296" timestamp="2019-09-20T15:14:15Z" user="dkrish24" uid="10235055" lat="12.9700112" lon="79.1620304"/>
 <node id="6812371439" visible="true" version="1" changeset="74723296" timestamp="2019-09-20T15:14:15Z" user="dkrish24" uid="10235055" lat="12.9700074" lon="79.1615602"/>
 <node id="6812371440" visible="true" version="1" changeset="74723296" timestamp="2019-09-20T15:14:15Z" user="dkrish24" uid="10235055" lat="12.9694832" lon="79.1614844"/>
 <node id="6869329073" visible="true" version="1" changeset="75551101" timestamp="2019-10-11T08:38:10Z" user="Anuj Suresh" uid="10370062" lat="12.9745916" lon="79.1640592"/>
 <node id="6869329074" visible="true" version="1" changeset="75551101" timestamp="2019-10-11T08:38:10Z" user="Anuj Suresh" uid="10370062" lat="12.9730413" lon="79.1639879"/>
 <node id="6869329075" visible="true" version="2" changeset="177345524" timestamp="2026-01-17T17:37:22Z" user="Shiva Chandran" uid="21115870" lat="12.9749501" lon="79.1678396"/>
 <node id="6869363707" visible="true" version="1" changeset="75551331" timestamp="2019-10-11T08:44:02Z" user="Anuj Suresh" uid="10370062" lat="12.9717799" lon="79.1603624"/>
 <node id="10005700616" visible="true" version="1" changeset="125884793" timestamp="2022-09-07T06:24:11Z" user="GirishPranav" uid="17057550" lat="12.9733731" lon="79.1630469"/>
 <node id="10005756917" visible="true" version="2" changeset="137233193" timestamp="2023-06-12T08:18:30Z" user="Abhimanyu Kundu" uid="19553168" lat="12.9733797" lon="79.1635677">
  <tag k="amenity" v="bicycle_parking"/>
 </node>
 <node id="10005756918" visible="true" version="1" changeset="125884793" timestamp="2022-09-07T06:24:11Z" user="GirishPranav" uid="17057550" lat="12.9730574" lon="79.1635663"/>
 <node id="10005756919" visible="true" version="1" changeset="125884793" timestamp="2022-09-07T06:24:11Z" user="GirishPranav" uid="17057550" lat="12.9730467" lon="79.1630674"/>
 <node id="10005761043" visible="true" version="3" changeset="174896414" timestamp="2025-11-20T08:58:48Z" user="PalMaper" uid="13262539" lat="12.9715524" lon="79.1655521"/>
 <node id="10005761044" visible="true" version="3" changeset="174896414" timestamp="2025-11-20T08:58:48Z" user="PalMaper" uid="13262539" lat="12.9707024" lon="79.1660736"/>
 <node id="10005761045" visible="true" version="3" changeset="174896414" timestamp="2025-11-20T08:58:48Z" user="PalMaper" uid="13262539" lat="12.9711036" lon="79.1662414"/>
 <node id="10005761046" visible="true" version="3" changeset="174896414" timestamp="2025-11-20T08:58:48Z" user="PalMaper" uid="13262539" lat="12.9710587" lon="79.1660632"/>
 <node id="10005761047" visible="true" version="3" changeset="174896414" timestamp="2025-11-20T08:58:48Z" user="PalMaper" uid="13262539" lat="12.9711932" lon="79.1660424"/>
 <node id="10005761048" visible="true" version="3" changeset="174896414" timestamp="2025-11-20T08:58:48Z" user="PalMaper" uid="13262539" lat="12.9715410" lon="79.1658879"/>
 <node id="10032723243" visible="true" version="1" changeset="126317147" timestamp="2022-09-18T03:56:21Z" user="Arun Balaji" uid="3427745" lat="12.9682515" lon="79.1607662"/>
 <node id="10032723292" visible="true" version="1" changeset="126317147" timestamp="2022-09-18T03:56:21Z" user="Arun Balaji" uid="3427745" lat="12.9685644" lon="79.1599420"/>
 <node id="10032723293" visible="true" version="1" changeset="126317147" timestamp="2022-09-18T03:56:21Z" user="Arun Balaji" uid="3427745" lat="12.9686355" lon="79.1599435"/>
 <node id="10032723294" visible="true" version="1" changeset="126317147" timestamp="2022-09-18T03:56:21Z" user="Arun Balaji" uid="3427745" lat="12.9685682" lon="79.1597523"/>
 <node id="10032723295" visible="true" version="1" changeset="126317147" timestamp="2022-09-18T03:56:21Z" user="Arun Balaji" uid="3427745" lat="12.9686328" lon="79.1600804"/>
 <node id="10032723296" visible="true" version="1" changeset="126317147" timestamp="2022-09-18T03:56:21Z" user="Arun Balaji" uid="3427745" lat="12.9684031" lon="79.1600756"/>
 <node id="10032723297" visible="true" version="1" changeset="126317147" timestamp="2022-09-18T03:56:21Z" user="Arun Balaji" uid="3427745" lat="12.9684096" lon="79.1597490"/>
 <node id="10032723298" visible="true" version="1" changeset="126317147" timestamp="2022-09-18T03:56:21Z" user="Arun Balaji" uid="3427745" lat="12.9686184" lon="79.1603123"/>
 <node id="10032723299" visible="true" version="1" changeset="126317147" timestamp="2022-09-18T03:56:21Z" user="Arun Balaji" uid="3427745" lat="12.9683488" lon="79.1603029"/>
 <node id="10032723300" visible="true" version="1" changeset="126317147" timestamp="2022-09-18T03:56:21Z" user="Arun Balaji" uid="3427745" lat="12.9683544" lon="79.1601352"/>
 <node id="10032723301" visible="true" version="1" changeset="126317147" timestamp="2022-09-18T03:56:21Z" user="Arun Balaji" uid="3427745" lat="12.9686239" lon="79.1601446"/>
 <node id="10032723310" visible="true" version="1" changeset="126317147" timestamp="2022-09-18T03:56:21Z" user="Arun Balaji" uid="3427745" lat="12.9718934" lon="79.1576233"/>
 <node id="10032723311" visible="true" version="1" changeset="126317147" timestamp="2022-09-18T03:56:21Z" user="Arun Balaji" uid="3427745" lat="12.9715850" lon="79.1576152"/>
 <node id="10032723312" visible="true" version="1" changeset="126317147" timestamp="2022-09-18T03:56:21Z" user="Arun Balaji" uid="3427745" lat="12.9715873" lon="79.1575201"/>
 <node id="10032723313" visible="true" version="1" changeset="126317147" timestamp="2022-09-18T03:56:21Z" user="Arun Balaji" uid="3427745" lat="12.9718957" lon="79.1575281"/>
 <node id="10219868294" visible="true" version="2" changeset="184548450" timestamp="2026-06-24T21:47:19Z" user="TheLNL" uid="21256080" lat="12.9685021" lon="79.1539203"/>
 <node id="10219868295" visible="true" version="2" changeset="184548450" timestamp="2026-06-24T21:47:19Z" user="TheLNL" uid="21256080" lat="12.9681892" lon="79.1539349"/>
 <node id="10219868296" visible="true" version="2" changeset="184548450" timestamp="2026-06-24T21:47:19Z" user="TheLNL" uid="21256080" lat="12.9682012" lon="79.1543161"/>
 <node id="10219868297" visible="true" version="2" changeset="184548450" timestamp="2026-06-24T21:47:19Z" user="TheLNL" uid="21256080" lat="12.9685406" lon="79.1542895"/>
 <node id="10219868309" visible="true" version="2" changeset="136864738" timestamp="2023-06-02T11:41:19Z" user="Navk" uid="17769086" lat="12.9685446" lon="79.1532377"/>
 <node id="10219868310" visible="true" version="1" changeset="129405566" timestamp="2022-11-26T15:01:38Z" user="uknown-gryphus" uid="2425805" lat="12.9684800" lon="79.1531260"/>
 <node id="10219868311" visible="true" version="2" changeset="136864738" timestamp="2023-06-02T11:41:19Z" user="Navk" uid="17769086" lat="12.9685418" lon="79.1530786"/>
 <node id="10219868318" visible="true" version="1" changeset="129405566" timestamp="2022-11-26T15:01:38Z" user="uknown-gryphus" uid="2425805" lat="12.9685068" lon="79.1547146"/>
 <node id="10219868319" visible="true" version="1" changeset="129405566" timestamp="2022-11-26T15:01:38Z" user="uknown-gryphus" uid="2425805" lat="12.9685034" lon="79.1552819"/>
 <node id="10219868320" visible="true" version="1" changeset="129405566" timestamp="2022-11-26T15:01:38Z" user="uknown-gryphus" uid="2425805" lat="12.9689616" lon="79.1552848"/>
 <node id="10219868321" visible="true" version="1" changeset="129405566" timestamp="2022-11-26T15:01:38Z" user="uknown-gryphus" uid="2425805" lat="12.9686330" lon="79.1553334"/>
 <node id="10219868322" visible="true" version="1" changeset="129405566" timestamp="2022-11-26T15:01:38Z" user="uknown-gryphus" uid="2425805" lat="12.9686312" lon="79.1546773"/>
 <node id="10219868323" visible="true" version="1" changeset="129405566" timestamp="2022-11-26T15:01:38Z" user="uknown-gryphus" uid="2425805" lat="12.9685348" lon="79.1556717"/>
 <node id="10219868324" visible="true" version="1" changeset="129405566" timestamp="2022-11-26T15:01:38Z" user="uknown-gryphus" uid="2425805" lat="12.9686381" lon="79.1555216"/>
 <node id="10219868325" visible="true" version="1" changeset="129405566" timestamp="2022-11-26T15:01:38Z" user="uknown-gryphus" uid="2425805" lat="12.9685081" lon="79.1560531"/>
 <node id="10219868326" visible="true" version="1" changeset="129405566" timestamp="2022-11-26T15:01:38Z" user="uknown-gryphus" uid="2425805" lat="12.9686873" lon="79.1563504"/>
 <node id="10219868335" visible="true" version="1" changeset="129405566" timestamp="2022-11-26T15:01:38Z" user="uknown-gryphus" uid="2425805" lat="12.9681307" lon="79.1553146"/>
 <node id="10219868336" visible="true" version="2" changeset="129980464" timestamp="2022-12-12T00:44:47Z" user="user_10603760" uid="10603760" lat="12.9681082" lon="79.1545701"/>
 <node id="10219868359" visible="true" version="1" changeset="129405566" timestamp="2022-11-26T15:01:38Z" user="uknown-gryphus" uid="2425805" lat="12.9674805" lon="79.1586019"/>
 <node id="10219880152" visible="true" version="2" changeset="174897320" timestamp="2025-11-20T09:22:40Z" user="PalMaper" uid="13262539" lat="12.9693650" lon="79.1555427"/>
 <node id="10219880153" visible="true" version="2" changeset="174897320" timestamp="2025-11-20T09:22:40Z" user="PalMaper" uid="13262539" lat="12.9694212" lon="79.1558372"/>
 <node id="10219880154" visible="true" version="2" changeset="174897320" timestamp="2025-11-20T09:22:40Z" user="PalMaper" uid="13262539" lat="12.9693790" lon="79.1558356"/>
 <node id="10219880155" visible="true" version="2" changeset="174897320" timestamp="2025-11-20T09:22:40Z" user="PalMaper" uid="13262539" lat="12.9693759" lon="79.1558564"/>
 <node id="10219880156" visible="true" version="2" changeset="174897320" timestamp="2025-11-20T09:22:40Z" user="PalMaper" uid="13262539" lat="12.9693315" lon="79.1558577"/>
 <node id="10219880157" visible="true" version="2" changeset="174897320" timestamp="2025-11-20T09:22:40Z" user="PalMaper" uid="13262539" lat="12.9693315" lon="79.1558007"/>
 <node id="10219880158" visible="true" version="2" changeset="174897320" timestamp="2025-11-20T09:22:40Z" user="PalMaper" uid="13262539" lat="12.9691667" lon="79.1558016"/>
 <node id="10219880159" visible="true" version="2" changeset="174897320" timestamp="2025-11-20T09:22:40Z" user="PalMaper" uid="13262539" lat="12.9691676" lon="79.1558568"/>
 <node id="10219880160" visible="true" version="2" changeset="174897320" timestamp="2025-11-20T09:22:40Z" user="PalMaper" uid="13262539" lat="12.9691255" lon="79.1558594"/>
 <node id="10219880161" visible="true" version="2" changeset="174897320" timestamp="2025-11-20T09:22:40Z" user="PalMaper" uid="13262539" lat="12.9691248" lon="79.1558374"/>
 <node id="10219880162" visible="true" version="2" changeset="174897320" timestamp="2025-11-20T09:22:40Z" user="PalMaper" uid="13262539" lat="12.9690741" lon="79.1558416"/>
 <node id="10219880163" visible="true" version="2" changeset="174897320" timestamp="2025-11-20T09:22:40Z" user="PalMaper" uid="13262539" lat="12.9691472" lon="79.1555137"/>
 <node id="10219880164" visible="true" version="2" changeset="174897320" timestamp="2025-11-20T09:22:40Z" user="PalMaper" uid="13262539" lat="12.9692311" lon="79.1555310"/>
 <node id="10219880165" visible="true" version="2" changeset="174897320" timestamp="2025-11-20T09:22:40Z" user="PalMaper" uid="13262539" lat="12.9693324" lon="79.1555137"/>
 <node id="10219880166" visible="true" version="2" changeset="174897320" timestamp="2025-11-20T09:22:40Z" user="PalMaper" uid="13262539" lat="12.9694315" lon="79.1559081"/>
 <node id="10219880167" visible="true" version="2" changeset="174897320" timestamp="2025-11-20T09:22:40Z" user="PalMaper" uid="13262539" lat="12.9693778" lon="79.1559090"/>
 <node id="10219880168" visible="true" version="2" changeset="174897320" timestamp="2025-11-20T09:22:40Z" user="PalMaper" uid="13262539" lat="12.9693732" lon="79.1559603"/>
 <node id="10219880169" visible="true" version="2" changeset="174897320" timestamp="2025-11-20T09:22:40Z" user="PalMaper" uid="13262539" lat="12.9691361" lon="79.1559603"/>
 <node id="10219880170" visible="true" version="2" changeset="174897320" timestamp="2025-11-20T09:22:40Z" user="PalMaper" uid="13262539" lat="12.9691306" lon="79.1559337"/>
 <node id="10219880171" visible="true" version="2" changeset="174897320" timestamp="2025-11-20T09:22:40Z" user="PalMaper" uid="13262539" lat="12.9690741" lon="79.1559356"/>
 <node id="10219880172" visible="true" version="2" changeset="174897320" timestamp="2025-11-20T09:22:40Z" user="PalMaper" uid="13262539" lat="12.9691380" lon="79.1562578"/>
 <node id="10219880173" visible="true" version="2" changeset="174897320" timestamp="2025-11-20T09:22:40Z" user="PalMaper" uid="13262539" lat="12.9692130" lon="79.1562369"/>
 <node id="10219880174" visible="true" version="2" changeset="174897320" timestamp="2025-11-20T09:22:40Z" user="PalMaper" uid="13262539" lat="12.9692741" lon="79.1562359"/>
 <node id="10219880175" visible="true" version="2" changeset="174897320" timestamp="2025-11-20T09:22:40Z" user="PalMaper" uid="13262539" lat="12.9693417" lon="79.1562587"/>
 <node id="10219880176" visible="true" version="2" changeset="174897320" timestamp="2025-11-20T09:22:40Z" user="PalMaper" uid="13262539" lat="12.9692777" lon="79.1555313"/>
 <node id="10858550788" visible="true" version="2" changeset="136863016" timestamp="2023-06-02T10:54:10Z" user="Navk" uid="17769086" lat="12.9688300" lon="79.1654892"/>
 <node id="10945966304" visible="true" version="1" changeset="136863351" timestamp="2023-06-02T11:03:25Z" user="Navk" uid="17769086" lat="12.9669627" lon="79.1609226"/>
 <node id="10946008058" visible="true" version="1" changeset="136863016" timestamp="2023-06-02T10:54:10Z" user="Navk" uid="17769086" lat="12.9662436" lon="79.1638698"/>
 <node id="10946008077" visible="true" version="1" changeset="136863016" timestamp="2023-06-02T10:54:10Z" user="Navk" uid="17769086" lat="12.9686085" lon="79.1670837"/>
 <node id="10946008078" visible="true" version="1" changeset="136863016" timestamp="2023-06-02T10:54:10Z" user="Navk" uid="17769086" lat="12.9686031" lon="79.1668872"/>
 <node id="10946008079" visible="true" version="1" changeset="136863016" timestamp="2023-06-02T10:54:10Z" user="Navk" uid="17769086" lat="12.9687579" lon="79.1668764"/>
 <node id="10946008080" visible="true" version="1" changeset="136863016" timestamp="2023-06-02T10:54:10Z" user="Navk" uid="17769086" lat="12.9678382" lon="79.1654329"/>
 <node id="10946008081" visible="true" version="1" changeset="136863016" timestamp="2023-06-02T10:54:10Z" user="Navk" uid="17769086" lat="12.9678541" lon="79.1651045"/>
 <node id="10946008082" visible="true" version="1" changeset="136863016" timestamp="2023-06-02T10:54:10Z" user="Navk" uid="17769086" lat="12.9681336" lon="79.1651172"/>
 <node id="10946008083" visible="true" version="1" changeset="136863016" timestamp="2023-06-02T10:54:10Z" user="Navk" uid="17769086" lat="12.9681407" lon="79.1647581"/>
 <node id="10946008084" visible="true" version="1" changeset="136863016" timestamp="2023-06-02T10:54:10Z" user="Navk" uid="17769086" lat="12.9674039" lon="79.1647346"/>
 <node id="10946008088" visible="true" version="1" changeset="136863016" timestamp="2023-06-02T10:54:10Z" user="Navk" uid="17769086" lat="12.9675103" lon="79.1623751"/>
 <node id="10946008105" visible="true" version="2" changeset="150649696" timestamp="2024-04-29T07:59:51Z" user="tg1239" uid="21373336" lat="12.9724908" lon="79.1650533"/>
 <node id="10946008106" visible="true" version="1" changeset="136863016" timestamp="2023-06-02T10:54:10Z" user="Navk" uid="17769086" lat="12.9723262" lon="79.1641642"/>
 <node id="10946008107" visible="true" version="1" changeset="136863016" timestamp="2023-06-02T10:54:10Z" user="Navk" uid="17769086" lat="12.9720941" lon="79.1630707"/>
 <node id="10946008108" visible="true" version="1" changeset="136863016" timestamp="2023-06-02T10:54:10Z" user="Navk" uid="17769086" lat="12.9719078" lon="79.1619267"/>
 <node id="10946008109" visible="true" version="1" changeset="136863016" timestamp="2023-06-02T10:54:10Z" user="Navk" uid="17769086" lat="12.9717249" lon="79.1607070"/>
 <node id="10946008110" visible="true" version="1" changeset="136863016" timestamp="2023-06-02T10:54:10Z" user="Navk" uid="17769086" lat="12.9716001" lon="79.1598319"/>
 <node id="10946008111" visible="true" version="1" changeset="136863016" timestamp="2023-06-02T10:54:10Z" user="Navk" uid="17769086" lat="12.9713768" lon="79.1581646"/>
 <node id="10946008112" visible="true" version="1" changeset="136863016" timestamp="2023-06-02T10:54:10Z" user="Navk" uid="17769086" lat="12.9711887" lon="79.1564775"/>
 <node id="10946008113" visible="true" version="1" changeset="136863016" timestamp="2023-06-02T10:54:10Z" user="Navk" uid="17769086" lat="12.9709967" lon="79.1572139"/>
 <node id="10946008114" visible="true" version="1" changeset="136863016" timestamp="2023-06-02T10:54:10Z" user="Navk" uid="17769086" lat="12.9710336" lon="79.1576523"/>
 <node id="10946008115" visible="true" version="1" changeset="136863016" timestamp="2023-06-02T10:54:10Z" user="Navk" uid="17769086" lat="12.9711901" lon="79.1590453"/>
 <node id="10946008116" visible="true" version="1" changeset="136863016" timestamp="2023-06-02T10:54:10Z" user="Navk" uid="17769086" lat="12.9713325" lon="79.1599998"/>
 <node id="10946008117" visible="true" version="1" changeset="136863016" timestamp="2023-06-02T10:54:10Z" user="Navk" uid="17769086" lat="12.9715646" lon="79.1614668"/>
 <node id="10946008118" visible="true" version="1" changeset="136863016" timestamp="2023-06-02T10:54:10Z" user="Navk" uid="17769086" lat="12.9717545" lon="79.1625891"/>
 <node id="10946008119" visible="true" version="1" changeset="136863016" timestamp="2023-06-02T10:54:10Z" user="Navk" uid="17769086" lat="12.9720042" lon="79.1638485"/>
 <node id="10946008120" visible="true" version="1" changeset="136863016" timestamp="2023-06-02T10:54:10Z" user="Navk" uid="17769086" lat="12.9722678" lon="79.1649752"/>
 <node id="10946008121" visible="true" version="1" changeset="136863016" timestamp="2023-06-02T10:54:10Z" user="Navk" uid="17769086" lat="12.9712408" lon="79.1569451"/>
 <node id="10946008122" visible="true" version="1" changeset="136863016" timestamp="2023-06-02T10:54:10Z" user="Navk" uid="17769086" lat="12.9709768" lon="79.1569319"/>
 <node id="10946008123" visible="true" version="1" changeset="136863016" timestamp="2023-06-02T10:54:10Z" user="Navk" uid="17769086" lat="12.9712230" lon="79.1567858"/>
 <node id="10946008124" visible="true" version="1" changeset="136863016" timestamp="2023-06-02T10:54:10Z" user="Navk" uid="17769086" lat="12.9709738" lon="79.1568891"/>
 <node id="10946016445" visible="true" version="1" changeset="136863351" timestamp="2023-06-02T11:03:25Z" user="Navk" uid="17769086" lat="12.9683225" lon="79.1607323"/>
 <node id="10946016446" visible="true" version="1" changeset="136863351" timestamp="2023-06-02T11:03:25Z" user="Navk" uid="17769086" lat="12.9685960" lon="79.1607055"/>
 <node id="10946016447" visible="true" version="1" changeset="136863351" timestamp="2023-06-02T11:03:25Z" user="Navk" uid="17769086" lat="12.9688633" lon="79.1606239"/>
 <node id="10946016448" visible="true" version="1" changeset="136863351" timestamp="2023-06-02T11:03:25Z" user="Navk" uid="17769086" lat="12.9690287" lon="79.1609747"/>
 <node id="10946016449" visible="true" version="1" changeset="136863351" timestamp="2023-06-02T11:03:25Z" user="Navk" uid="17769086" lat="12.9690449" lon="79.1611916"/>
 <node id="10946016450" visible="true" version="1" changeset="136863351" timestamp="2023-06-02T11:03:25Z" user="Navk" uid="17769086" lat="12.9689964" lon="79.1612082"/>
 <node id="10946016451" visible="true" version="1" changeset="136863351" timestamp="2023-06-02T11:03:25Z" user="Navk" uid="17769086" lat="12.9689628" lon="79.1612695"/>
 <node id="10946016452" visible="true" version="1" changeset="136863351" timestamp="2023-06-02T11:03:25Z" user="Navk" uid="17769086" lat="12.9690187" lon="79.1614047"/>
 <node id="10946016453" visible="true" version="1" changeset="136863351" timestamp="2023-06-02T11:03:25Z" user="Navk" uid="17769086" lat="12.9690486" lon="79.1615157"/>
 <node id="10946016454" visible="true" version="1" changeset="136863351" timestamp="2023-06-02T11:03:25Z" user="Navk" uid="17769086" lat="12.9691878" lon="79.1615042"/>
 <node id="10946016455" visible="true" version="1" changeset="136863351" timestamp="2023-06-02T11:03:25Z" user="Navk" uid="17769086" lat="12.9692525" lon="79.1618449"/>
 <node id="10946016456" visible="true" version="1" changeset="136863351" timestamp="2023-06-02T11:03:25Z" user="Navk" uid="17769086" lat="12.9692624" lon="79.1620031"/>
 <node id="10946016457" visible="true" version="1" changeset="136863351" timestamp="2023-06-02T11:03:25Z" user="Navk" uid="17769086" lat="12.9690809" lon="79.1620031"/>
 <node id="10946016458" visible="true" version="1" changeset="136863351" timestamp="2023-06-02T11:03:25Z" user="Navk" uid="17769086" lat="12.9690834" lon="79.1620873"/>
 <node id="10946016459" visible="true" version="1" changeset="136863351" timestamp="2023-06-02T11:03:25Z" user="Navk" uid="17769086" lat="12.9688633" lon="79.1620643"/>
 <node id="10946016460" visible="true" version="1" changeset="136863351" timestamp="2023-06-02T11:03:25Z" user="Navk" uid="17769086" lat="12.9686346" lon="79.1620898"/>
 <node id="10946016461" visible="true" version="1" changeset="136863351" timestamp="2023-06-02T11:03:25Z" user="Navk" uid="17769086" lat="12.9684617" lon="79.1621090"/>
 <node id="10946016462" visible="true" version="1" changeset="136863351" timestamp="2023-06-02T11:03:25Z" user="Navk" uid="17769086" lat="12.9684294" lon="79.1621715"/>
 <node id="10946016463" visible="true" version="1" changeset="136863351" timestamp="2023-06-02T11:03:25Z" user="Navk" uid="17769086" lat="12.9682653" lon="79.1622251"/>
 <node id="10946016464" visible="true" version="1" changeset="136863351" timestamp="2023-06-02T11:03:25Z" user="Navk" uid="17769086" lat="12.9680241" lon="79.1622761"/>
 <node id="10946016465" visible="true" version="1" changeset="136863351" timestamp="2023-06-02T11:03:25Z" user="Navk" uid="17769086" lat="12.9677381" lon="79.1623093"/>
 <node id="10946016478" visible="true" version="1" changeset="136863351" timestamp="2023-06-02T11:03:25Z" user="Navk" uid="17769086" lat="12.9684913" lon="79.1586583"/>
 <node id="10946016479" visible="true" version="1" changeset="136863351" timestamp="2023-06-02T11:03:25Z" user="Navk" uid="17769086" lat="12.9683845" lon="79.1596286"/>
 <node id="10946016480" visible="true" version="1" changeset="136863351" timestamp="2023-06-02T11:03:25Z" user="Navk" uid="17769086" lat="12.9703303" lon="79.1643524"/>
 <node id="10946016481" visible="true" version="1" changeset="136863351" timestamp="2023-06-02T11:03:25Z" user="Navk" uid="17769086" lat="12.9704218" lon="79.1643849"/>
 <node id="10946016482" visible="true" version="1" changeset="136863351" timestamp="2023-06-02T11:03:25Z" user="Navk" uid="17769086" lat="12.9705477" lon="79.1644937"/>
 <node id="10946016483" visible="true" version="1" changeset="136863351" timestamp="2023-06-02T11:03:25Z" user="Navk" uid="17769086" lat="12.9706143" lon="79.1645620"/>
 <node id="10946016484" visible="true" version="1" changeset="136863351" timestamp="2023-06-02T11:03:25Z" user="Navk" uid="17769086" lat="12.9706616" lon="79.1646060"/>
 <node id="10946016485" visible="true" version="1" changeset="136863351" timestamp="2023-06-02T11:03:25Z" user="Navk" uid="17769086" lat="12.9707104" lon="79.1646181"/>
 <node id="10946016486" visible="true" version="1" changeset="136863351" timestamp="2023-06-02T11:03:25Z" user="Navk" uid="17769086" lat="12.9664110" lon="79.1638896">
  <tag k="barrier" v="gate"/>
 </node>
 <node id="10946038081" visible="true" version="1" changeset="136864738" timestamp="2023-06-02T11:41:19Z" user="Navk" uid="17769086" lat="12.9681744" lon="79.1532258"/>
 <node id="10946038082" visible="true" version="1" changeset="136864738" timestamp="2023-06-02T11:41:19Z" user="Navk" uid="17769086" lat="12.9686196" lon="79.1533627"/>
 <node id="10946038083" visible="true" version="1" changeset="136864738" timestamp="2023-06-02T11:41:19Z" user="Navk" uid="17769086" lat="12.9686270" lon="79.1536829"/>
 <node id="10946038084" visible="true" version="1" changeset="136864738" timestamp="2023-06-02T11:41:19Z" user="Navk" uid="17769086" lat="12.9690269" lon="79.1536615"/>
 <node id="10946038085" visible="true" version="1" changeset="136864738" timestamp="2023-06-02T11:41:19Z" user="Navk" uid="17769086" lat="12.9690854" lon="79.1536400"/>
 <node id="10946038086" visible="true" version="1" changeset="136864738" timestamp="2023-06-02T11:41:19Z" user="Navk" uid="17769086" lat="12.9691440" lon="79.1536014"/>
 <node id="10946038087" visible="true" version="1" changeset="136864738" timestamp="2023-06-02T11:41:19Z" user="Navk" uid="17769086" lat="12.9692004" lon="79.1535542"/>
 <node id="10946038088" visible="true" version="1" changeset="136864738" timestamp="2023-06-02T11:41:19Z" user="Navk" uid="17769086" lat="12.9692422" lon="79.1534909"/>
 <node id="10946038089" visible="true" version="1" changeset="136864738" timestamp="2023-06-02T11:41:19Z" user="Navk" uid="17769086" lat="12.9692705" lon="79.1534459"/>
 <node id="10946038090" visible="true" version="1" changeset="136864738" timestamp="2023-06-02T11:41:19Z" user="Navk" uid="17769086" lat="12.9693604" lon="79.1533622"/>
 <node id="10946038091" visible="true" version="1" changeset="136864738" timestamp="2023-06-02T11:41:19Z" user="Navk" uid="17769086" lat="12.9694012" lon="79.1533235"/>
 <node id="10946038092" visible="true" version="1" changeset="136864738" timestamp="2023-06-02T11:41:19Z" user="Navk" uid="17769086" lat="12.9693949" lon="79.1530671"/>
 <node id="10946038093" visible="true" version="1" changeset="136864738" timestamp="2023-06-02T11:41:19Z" user="Navk" uid="17769086" lat="12.9693918" lon="79.1528837"/>
 <node id="10946038094" visible="true" version="1" changeset="136864738" timestamp="2023-06-02T11:41:19Z" user="Navk" uid="17769086" lat="12.9693761" lon="79.1527592"/>
 <node id="10946038095" visible="true" version="1" changeset="136864738" timestamp="2023-06-02T11:41:19Z" user="Navk" uid="17769086" lat="12.9693782" lon="79.1526852"/>
 <node id="10946038096" visible="true" version="1" changeset="136864738" timestamp="2023-06-02T11:41:19Z" user="Navk" uid="17769086" lat="12.9694109" lon="79.1524541"/>
 <node id="10946063205" visible="true" version="1" changeset="136864738" timestamp="2023-06-02T11:41:19Z" user="Navk" uid="17769086" lat="12.9706848" lon="79.1515221"/>
 <node id="10946063206" visible="true" version="1" changeset="136864738" timestamp="2023-06-02T11:41:19Z" user="Navk" uid="17769086" lat="12.9697881" lon="79.1514391"/>
 <node id="10946063207" visible="true" version="1" changeset="136864738" timestamp="2023-06-02T11:41:19Z" user="Navk" uid="17769086" lat="12.9697775" lon="79.1518938"/>
 <node id="10946063208" visible="true" version="1" changeset="136864738" timestamp="2023-06-02T11:41:19Z" user="Navk" uid="17769086" lat="12.9694997" lon="79.1518938"/>
 <node id="10946063209" visible="true" version="1" changeset="136864738" timestamp="2023-06-02T11:41:19Z" user="Navk" uid="17769086" lat="12.9694364" lon="79.1527960"/>
 <node id="10946063210" visible="true" version="2" changeset="184217568" timestamp="2026-06-17T09:33:53Z" user="TheLNL" uid="21256080" lat="12.9703412" lon="79.1542462"/>
 <node id="10946063211" visible="true" version="2" changeset="184217568" timestamp="2026-06-17T09:33:53Z" user="TheLNL" uid="21256080" lat="12.9697220" lon="79.1542614"/>
 <node id="11288398849" visible="true" version="1" changeset="143107235" timestamp="2023-10-25T10:17:57Z" user="rajanik" uid="18812448" lat="12.9710620" lon="79.1480829"/>
 <node id="11288398854" visible="true" version="1" changeset="143107235" timestamp="2023-10-25T10:17:57Z" user="rajanik" uid="18812448" lat="12.9711172" lon="79.1543806"/>
 <node id="11288398855" visible="true" version="1" changeset="143107235" timestamp="2023-10-25T10:17:57Z" user="rajanik" uid="18812448" lat="12.9713539" lon="79.1545361"/>
 <node id="11288398856" visible="true" version="1" changeset="143107235" timestamp="2023-10-25T10:17:57Z" user="rajanik" uid="18812448" lat="12.9714533" lon="79.1545308"/>
 <node id="11288398857" visible="true" version="1" changeset="143107235" timestamp="2023-10-25T10:17:57Z" user="rajanik" uid="18812448" lat="12.9718297" lon="79.1546005"/>
 <node id="11288398858" visible="true" version="1" changeset="143107235" timestamp="2023-10-25T10:17:57Z" user="rajanik" uid="18812448" lat="12.9721120" lon="79.1545093"/>
 <node id="11288398859" visible="true" version="1" changeset="143107235" timestamp="2023-10-25T10:17:57Z" user="rajanik" uid="18812448" lat="12.9723472" lon="79.1544074"/>
 <node id="11288398860" visible="true" version="1" changeset="143107235" timestamp="2023-10-25T10:17:57Z" user="rajanik" uid="18812448" lat="12.9726138" lon="79.1542196"/>
 <node id="11288398861" visible="true" version="1" changeset="143107235" timestamp="2023-10-25T10:17:57Z" user="rajanik" uid="18812448" lat="12.9731209" lon="79.1541874"/>
 <node id="11288398862" visible="true" version="1" changeset="143107235" timestamp="2023-10-25T10:17:57Z" user="rajanik" uid="18812448" lat="12.9731627" lon="79.1541392"/>
 <node id="11288398863" visible="true" version="1" changeset="143107235" timestamp="2023-10-25T10:17:57Z" user="rajanik" uid="18812448" lat="12.9731941" lon="79.1539246"/>
 <node id="11288398864" visible="true" version="1" changeset="143107235" timestamp="2023-10-25T10:17:57Z" user="rajanik" uid="18812448" lat="12.9731627" lon="79.1526103"/>
 <node id="11288398865" visible="true" version="1" changeset="143107235" timestamp="2023-10-25T10:17:57Z" user="rajanik" uid="18812448" lat="12.9731627" lon="79.1524279"/>
 <node id="11288398866" visible="true" version="1" changeset="143107235" timestamp="2023-10-25T10:17:57Z" user="rajanik" uid="18812448" lat="12.9731314" lon="79.1523099"/>
 <node id="11288398867" visible="true" version="1" changeset="143107235" timestamp="2023-10-25T10:17:57Z" user="rajanik" uid="18812448" lat="12.9731366" lon="79.1521704"/>
 <node id="11288398868" visible="true" version="1" changeset="143107235" timestamp="2023-10-25T10:17:57Z" user="rajanik" uid="18812448" lat="12.9731052" lon="79.1520148"/>
 <node id="11288420169" visible="true" version="1" changeset="143107235" timestamp="2023-10-25T10:17:57Z" user="rajanik" uid="18812448" lat="12.9730739" lon="79.1519827"/>
 <node id="11288420170" visible="true" version="1" changeset="143107235" timestamp="2023-10-25T10:17:57Z" user="rajanik" uid="18812448" lat="12.9728491" lon="79.1517788"/>
 <node id="11288420171" visible="true" version="1" changeset="143107235" timestamp="2023-10-25T10:17:57Z" user="rajanik" uid="18812448" lat="12.9728386" lon="79.1513765"/>
 <node id="11288420172" visible="true" version="1" changeset="143107235" timestamp="2023-10-25T10:17:57Z" user="rajanik" uid="18812448" lat="12.9729066" lon="79.1505665"/>
 <node id="11288420173" visible="true" version="1" changeset="143107235" timestamp="2023-10-25T10:17:57Z" user="rajanik" uid="18812448" lat="12.9728125" lon="79.1504377"/>
 <node id="11288420174" visible="true" version="1" changeset="143107235" timestamp="2023-10-25T10:17:57Z" user="rajanik" uid="18812448" lat="12.9727916" lon="79.1503680"/>
 <node id="11288420175" visible="true" version="1" changeset="143107235" timestamp="2023-10-25T10:17:57Z" user="rajanik" uid="18812448" lat="12.9728125" lon="79.1489357"/>
 <node id="11288420176" visible="true" version="1" changeset="143107235" timestamp="2023-10-25T10:17:57Z" user="rajanik" uid="18812448" lat="12.9727773" lon="79.1484875"/>
 <node id="11288420177" visible="true" version="1" changeset="143107235" timestamp="2023-10-25T10:17:57Z" user="rajanik" uid="18812448" lat="12.9728020" lon="79.1479325"/>
 <node id="11288420178" visible="true" version="1" changeset="143107235" timestamp="2023-10-25T10:17:57Z" user="rajanik" uid="18812448" lat="12.9727916" lon="79.1478896"/>
 <node id="11288420179" visible="true" version="1" changeset="143107235" timestamp="2023-10-25T10:17:57Z" user="rajanik" uid="18812448" lat="12.9728282" lon="79.1475084"/>
 <node id="11288420184" visible="true" version="1" changeset="143107235" timestamp="2023-10-25T10:17:57Z" user="rajanik" uid="18812448" lat="12.9709814" lon="79.1520105"/>
 <node id="11288420188" visible="true" version="1" changeset="143107235" timestamp="2023-10-25T10:17:57Z" user="rajanik" uid="18812448" lat="12.9717255" lon="79.1446861"/>
 <node id="11288420190" visible="true" version="1" changeset="143107235" timestamp="2023-10-25T10:17:57Z" user="rajanik" uid="18812448" lat="12.9721490" lon="79.1447013"/>
 <node id="11711551913" visible="true" version="1" changeset="148470439" timestamp="2024-03-10T16:33:03Z" user="Asif99182" uid="20658534" lat="12.9719410" lon="79.1570612"/>
 <node id="11711551914" visible="true" version="1" changeset="148470439" timestamp="2024-03-10T16:33:03Z" user="Asif99182" uid="20658534" lat="12.9716513" lon="79.1570504"/>
 <node id="11711551915" visible="true" version="1" changeset="148470439" timestamp="2024-03-10T16:33:03Z" user="Asif99182" uid="20658534" lat="12.9716422" lon="79.1572568"/>
 <node id="11711551916" visible="true" version="1" changeset="148470439" timestamp="2024-03-10T16:33:03Z" user="Asif99182" uid="20658534" lat="12.9719380" lon="79.1572630"/>
 <node id="11711551917" visible="true" version="1" changeset="148470439" timestamp="2024-03-10T16:33:03Z" user="Asif99182" uid="20658534" lat="12.9719463" lon="79.1567260"/>
 <node id="11711551918" visible="true" version="1" changeset="148470439" timestamp="2024-03-10T16:33:03Z" user="Asif99182" uid="20658534" lat="12.9714690" lon="79.1566955"/>
 <node id="11711551919" visible="true" version="1" changeset="148470439" timestamp="2024-03-10T16:33:03Z" user="Asif99182" uid="20658534" lat="12.9714517" lon="79.1568985"/>
 <node id="11711551920" visible="true" version="1" changeset="148470439" timestamp="2024-03-10T16:33:03Z" user="Asif99182" uid="20658534" lat="12.9719438" lon="79.1569366"/>
 <node id="11711551921" visible="true" version="1" changeset="148470439" timestamp="2024-03-10T16:33:03Z" user="Asif99182" uid="20658534" lat="12.9718403" lon="79.1568229">
  <tag k="artwork_type" v="statue"/>
  <tag k="name" v="Tiruvallur Statue"/>
  <tag k="tourism" v="artwork"/>
 </node>
 <node id="11711558396" visible="true" version="1" changeset="148470552" timestamp="2024-03-10T16:34:55Z" user="Asif99182" uid="20658534" lat="12.9722910" lon="79.1587133"/>
 <node id="11711558397" visible="true" version="1" changeset="148470552" timestamp="2024-03-10T16:34:55Z" user="Asif99182" uid="20658534" lat="12.9720275" lon="79.1586920"/>
 <node id="11711558398" visible="true" version="1" changeset="148470552" timestamp="2024-03-10T16:34:55Z" user="Asif99182" uid="20658534" lat="12.9720127" lon="79.1589034"/>
 <node id="11711558399" visible="true" version="1" changeset="148470552" timestamp="2024-03-10T16:34:55Z" user="Asif99182" uid="20658534" lat="12.9722781" lon="79.1589125"/>
 <node id="11711562130" visible="true" version="2" changeset="150710586" timestamp="2024-04-30T14:13:06Z" user="tg1239" uid="21373336" lat="12.9731602" lon="79.1644743"/>
 <node id="11711562131" visible="true" version="1" changeset="148470992" timestamp="2024-03-10T16:44:50Z" user="Asif99182" uid="20658534" lat="12.9753232" lon="79.1645336"/>
 <node id="11711562132" visible="true" version="1" changeset="148470992" timestamp="2024-03-10T16:44:50Z" user="Asif99182" uid="20658534" lat="12.9753771" lon="79.1644565"/>
 <node id="11711562133" visible="true" version="1" changeset="148470992" timestamp="2024-03-10T16:44:50Z" user="Asif99182" uid="20658534" lat="12.9753810" lon="79.1638040"/>
 <node id="11711562134" visible="true" version="1" changeset="148470992" timestamp="2024-03-10T16:44:50Z" user="Asif99182" uid="20658534" lat="12.9738174" lon="79.1644846"/>
 <node id="11711562135" visible="true" version="2" changeset="166340232" timestamp="2025-05-16T09:30:04Z" user="sovereign_quocda" uid="21732264" lat="12.9738122" lon="79.1655927"/>
 <node id="11711562136" visible="true" version="1" changeset="148470992" timestamp="2024-03-10T16:44:50Z" user="Asif99182" uid="20658534" lat="12.9738138" lon="79.1650625"/>
 <node id="11711562137" visible="true" version="1" changeset="148470992" timestamp="2024-03-10T16:44:50Z" user="Asif99182" uid="20658534" lat="12.9731141" lon="79.1650598"/>
 <node id="11711562138" visible="true" version="2" changeset="148528559" timestamp="2024-03-12T01:24:01Z" user="Asif99182" uid="20658534" lat="12.9706646" lon="79.1656339"/>
 <node id="11711562139" visible="true" version="1" changeset="148470992" timestamp="2024-03-10T16:44:50Z" user="Asif99182" uid="20658534" lat="12.9706257" lon="79.1656554"/>
 <node id="11711562140" visible="true" version="2" changeset="148528559" timestamp="2024-03-12T01:24:01Z" user="Asif99182" uid="20658534" lat="12.9706192" lon="79.1656882"/>
 <node id="11711562141" visible="true" version="2" changeset="148528559" timestamp="2024-03-12T01:24:01Z" user="Asif99182" uid="20658534" lat="12.9706355" lon="79.1657214"/>
 <node id="11711562142" visible="true" version="2" changeset="148528559" timestamp="2024-03-12T01:24:01Z" user="Asif99182" uid="20658534" lat="12.9706611" lon="79.1657280"/>
 <node id="11711562143" visible="true" version="1" changeset="148470992" timestamp="2024-03-10T16:44:50Z" user="Asif99182" uid="20658534" lat="12.9718779" lon="79.1654679"/>
 <node id="11711562144" visible="true" version="1" changeset="148470992" timestamp="2024-03-10T16:44:50Z" user="Asif99182" uid="20658534" lat="12.9722620" lon="79.1656414"/>
 <node id="11711562145" visible="true" version="1" changeset="148470992" timestamp="2024-03-10T16:44:50Z" user="Asif99182" uid="20658534" lat="12.9728370" lon="79.1651231"/>
 <node id="11711562146" visible="true" version="1" changeset="148470992" timestamp="2024-03-10T16:44:50Z" user="Asif99182" uid="20658534" lat="12.9719328" lon="79.1653296"/>
 <node id="11711562147" visible="true" version="2" changeset="150710586" timestamp="2024-04-30T14:13:06Z" user="tg1239" uid="21373336" lat="12.9731088" lon="79.1641446"/>
 <node id="11721034860" visible="true" version="2" changeset="174896414" timestamp="2025-11-20T08:58:48Z" user="PalMaper" uid="13262539" lat="12.9714655" lon="79.1658897"/>
 <node id="11721034861" visible="true" version="2" changeset="174896414" timestamp="2025-11-20T08:58:48Z" user="PalMaper" uid="13262539" lat="12.9710978" lon="79.1661248"/>
 <node id="11721034862" visible="true" version="2" changeset="174896414" timestamp="2025-11-20T08:58:48Z" user="PalMaper" uid="13262539" lat="12.9710738" lon="79.1663187"/>
 <node id="11721034863" visible="true" version="2" changeset="174896414" timestamp="2025-11-20T08:58:48Z" user="PalMaper" uid="13262539" lat="12.9711897" lon="79.1656150"/>
 <node id="11721034864" visible="true" version="2" changeset="174896414" timestamp="2025-11-20T08:58:48Z" user="PalMaper" uid="13262539" lat="12.9711164" lon="79.1657723"/>
 <node id="11721034865" visible="true" version="2" changeset="174896414" timestamp="2025-11-20T08:58:48Z" user="PalMaper" uid="13262539" lat="12.9709714" lon="79.1657916"/>
 <node id="11721034866" visible="true" version="2" changeset="174896414" timestamp="2025-11-20T08:58:48Z" user="PalMaper" uid="13262539" lat="12.9709130" lon="79.1659310"/>
 <node id="11721034867" visible="true" version="2" changeset="174896414" timestamp="2025-11-20T08:58:48Z" user="PalMaper" uid="13262539" lat="12.9709626" lon="79.1659884"/>
 <node id="11721034868" visible="true" version="2" changeset="174896414" timestamp="2025-11-20T08:58:48Z" user="PalMaper" uid="13262539" lat="12.9708932" lon="79.1660455"/>
 <node id="11721122809" visible="true" version="1" changeset="148528620" timestamp="2024-03-12T01:27:49Z" user="Asif99182" uid="20658534" lat="12.9703140" lon="79.1628661"/>
 <node id="11721122810" visible="true" version="1" changeset="148528620" timestamp="2024-03-12T01:27:49Z" user="Asif99182" uid="20658534" lat="12.9700887" lon="79.1625502"/>
 <node id="11721122811" visible="true" version="1" changeset="148528620" timestamp="2024-03-12T01:27:49Z" user="Asif99182" uid="20658534" lat="12.9693619" lon="79.1624525"/>
 <node id="11721122812" visible="true" version="1" changeset="148528620" timestamp="2024-03-12T01:27:49Z" user="Asif99182" uid="20658534" lat="12.9690477" lon="79.1625242"/>
 <node id="11721122813" visible="true" version="1" changeset="148528620" timestamp="2024-03-12T01:27:49Z" user="Asif99182" uid="20658534" lat="12.9687081" lon="79.1627912"/>
 <node id="11721122814" visible="true" version="1" changeset="148528620" timestamp="2024-03-12T01:27:49Z" user="Asif99182" uid="20658534" lat="12.9686605" lon="79.1639637"/>
 <node id="11721122815" visible="true" version="1" changeset="148528620" timestamp="2024-03-12T01:27:49Z" user="Asif99182" uid="20658534" lat="12.9687526" lon="79.1640776"/>
 <node id="11721122816" visible="true" version="1" changeset="148528620" timestamp="2024-03-12T01:27:49Z" user="Asif99182" uid="20658534" lat="12.9699332" lon="79.1641363"/>
 <node id="11721122817" visible="true" version="1" changeset="148528620" timestamp="2024-03-12T01:27:49Z" user="Asif99182" uid="20658534" lat="12.9702347" lon="79.1640092"/>
 <node id="11721122818" visible="true" version="1" changeset="148528620" timestamp="2024-03-12T01:27:49Z" user="Asif99182" uid="20658534" lat="12.9703489" lon="79.1638562"/>
 <node id="11721122819" visible="true" version="1" changeset="148528620" timestamp="2024-03-12T01:27:49Z" user="Asif99182" uid="20658534" lat="12.9703933" lon="79.1633025"/>
 <node id="11721230869" visible="true" version="2" changeset="174896414" timestamp="2025-11-20T08:58:48Z" user="PalMaper" uid="13262539" lat="12.9707918" lon="79.1660639"/>
 <node id="11721230870" visible="true" version="2" changeset="174896503" timestamp="2025-11-20T09:01:09Z" user="PalMaper" uid="13262539" lat="12.9707403" lon="79.1664617"/>
 <node id="11721230871" visible="true" version="2" changeset="174896414" timestamp="2025-11-20T08:58:48Z" user="PalMaper" uid="13262539" lat="12.9706297" lon="79.1662628"/>
 <node id="11721230872" visible="true" version="2" changeset="174896503" timestamp="2025-11-20T09:01:09Z" user="PalMaper" uid="13262539" lat="12.9715638" lon="79.1666557"/>
 <node id="11721230873" visible="true" version="3" changeset="174896503" timestamp="2025-11-20T09:01:09Z" user="PalMaper" uid="13262539" lat="12.9709380" lon="79.1663900"/>
 <node id="11721230875" visible="true" version="2" changeset="174896414" timestamp="2025-11-20T08:58:48Z" user="PalMaper" uid="13262539" lat="12.9712186" lon="79.1662899"/>
 <node id="11721230876" visible="true" version="2" changeset="174896414" timestamp="2025-11-20T08:58:48Z" user="PalMaper" uid="13262539" lat="12.9713117" lon="79.1664182"/>
 <node id="11721230877" visible="true" version="2" changeset="174896414" timestamp="2025-11-20T08:58:48Z" user="PalMaper" uid="13262539" lat="12.9712746" lon="79.1665360"/>
 <node id="11721230878" visible="true" version="2" changeset="174896414" timestamp="2025-11-20T08:58:48Z" user="PalMaper" uid="13262539" lat="12.9713288" lon="79.1665353"/>
 <node id="11721230879" visible="true" version="2" changeset="174896414" timestamp="2025-11-20T08:58:48Z" user="PalMaper" uid="13262539" lat="12.9713454" lon="79.1664876"/>
 <node id="11721230880" visible="true" version="2" changeset="174896414" timestamp="2025-11-20T08:58:48Z" user="PalMaper" uid="13262539" lat="12.9714208" lon="79.1664874"/>
 <node id="11721230881" visible="true" version="2" changeset="174896414" timestamp="2025-11-20T08:58:48Z" user="PalMaper" uid="13262539" lat="12.9714474" lon="79.1665325"/>
 <node id="11721230882" visible="true" version="2" changeset="174896414" timestamp="2025-11-20T08:58:48Z" user="PalMaper" uid="13262539" lat="12.9722632" lon="79.1664890"/>
 <node id="11721230883" visible="true" version="2" changeset="174896414" timestamp="2025-11-20T08:58:48Z" user="PalMaper" uid="13262539" lat="12.9723556" lon="79.1666225"/>
 <node id="11721230885" visible="true" version="2" changeset="174896503" timestamp="2025-11-20T09:01:09Z" user="PalMaper" uid="13262539" lat="12.9715864" lon="79.1668557"/>
 <node id="11721230886" visible="true" version="2" changeset="174896503" timestamp="2025-11-20T09:01:09Z" user="PalMaper" uid="13262539" lat="12.9714712" lon="79.1666967"/>
 <node id="11721230888" visible="true" version="2" changeset="174896503" timestamp="2025-11-20T09:01:09Z" user="PalMaper" uid="13262539" lat="12.9712269" lon="79.1665815"/>
 <node id="11827000268" visible="true" version="2" changeset="184231187" timestamp="2026-06-17T15:12:52Z" user="TheLNL" uid="21256080" lat="12.9714415" lon="79.1639342"/>
 <node id="11827076573" visible="true" version="1" changeset="150160731" timestamp="2024-04-18T07:48:31Z" user="uknown-gryphus" uid="2425805" lat="12.9710117" lon="79.1603656"/>
 <node id="11827076574" visible="true" version="1" changeset="150160731" timestamp="2024-04-18T07:48:31Z" user="uknown-gryphus" uid="2425805" lat="12.9711000" lon="79.1610403"/>
 <node id="11827076579" visible="true" version="1" changeset="150160731" timestamp="2024-04-18T07:48:31Z" user="uknown-gryphus" uid="2425805" lat="12.9767108" lon="79.1562560"/>
 <node id="11827076668" visible="true" version="1" changeset="150160731" timestamp="2024-04-18T07:48:31Z" user="uknown-gryphus" uid="2425805" lat="12.9726596" lon="79.1585129"/>
 <node id="11827076669" visible="true" version="1" changeset="150160731" timestamp="2024-04-18T07:48:31Z" user="uknown-gryphus" uid="2425805" lat="12.9736446" lon="79.1580665"/>
 <node id="11827076670" visible="true" version="1" changeset="150160731" timestamp="2024-04-18T07:48:31Z" user="uknown-gryphus" uid="2425805" lat="12.9737321" lon="79.1580864"/>
 <node id="11827076671" visible="true" version="1" changeset="150160731" timestamp="2024-04-18T07:48:31Z" user="uknown-gryphus" uid="2425805" lat="12.9737828" lon="79.1581384"/>
 <node id="11827076672" visible="true" version="1" changeset="150160731" timestamp="2024-04-18T07:48:31Z" user="uknown-gryphus" uid="2425805" lat="12.9737852" lon="79.1582114"/>
 <node id="11827076673" visible="true" version="1" changeset="150160731" timestamp="2024-04-18T07:48:31Z" user="uknown-gryphus" uid="2425805" lat="12.9737840" lon="79.1582647"/>
 <node id="11827076674" visible="true" version="1" changeset="150160731" timestamp="2024-04-18T07:48:31Z" user="uknown-gryphus" uid="2425805" lat="12.9736660" lon="79.1583603"/>
 <node id="11827076675" visible="true" version="1" changeset="150160731" timestamp="2024-04-18T07:48:31Z" user="uknown-gryphus" uid="2425805" lat="12.9737492" lon="79.1583193"/>
 <node id="11862318643" visible="true" version="1" changeset="150619753" timestamp="2024-04-28T13:53:05Z" user="tg1239" uid="21373336" lat="12.9735501" lon="79.1645716"/>
 <node id="11862318644" visible="true" version="1" changeset="150619753" timestamp="2024-04-28T13:53:05Z" user="tg1239" uid="21373336" lat="12.9731928" lon="79.1645565"/>
 <node id="11862318645" visible="true" version="1" changeset="150619753" timestamp="2024-04-28T13:53:05Z" user="tg1239" uid="21373336" lat="12.9731738" lon="79.1648974"/>
 <node id="11862318646" visible="true" version="1" changeset="150619753" timestamp="2024-04-28T13:53:05Z" user="tg1239" uid="21373336" lat="12.9735501" lon="79.1649082"/>
 <node id="11865571158" visible="true" version="2" changeset="150710586" timestamp="2024-04-30T14:13:06Z" user="tg1239" uid="21373336" lat="12.9724936" lon="79.1645940"/>
 <node id="11865602888" visible="true" version="3" changeset="150649696" timestamp="2024-04-29T07:59:51Z" user="tg1239" uid="21373336" lat="12.9724041" lon="79.1646107"/>
 <node id="11865602889" visible="true" version="2" changeset="150710586" timestamp="2024-04-30T14:13:06Z" user="tg1239" uid="21373336" lat="12.9725732" lon="79.1651295"/>
 <node id="11865602890" visible="true" version="1" changeset="150649617" timestamp="2024-04-29T07:57:34Z" user="tg1239" uid="21373336" lat="12.9726207" lon="79.1651305"/>
 <node id="11869181427" visible="true" version="1" changeset="150710489" timestamp="2024-04-30T14:10:33Z" user="tg1239" uid="21373336" lat="12.9728775" lon="79.1630945"/>
 <node id="11869181428" visible="true" version="1" changeset="150710489" timestamp="2024-04-30T14:10:33Z" user="tg1239" uid="21373336" lat="12.9724188" lon="79.1631441"/>
 <node id="11869181429" visible="true" version="1" changeset="150710489" timestamp="2024-04-30T14:10:33Z" user="tg1239" uid="21373336" lat="12.9723313" lon="79.1631360"/>
 <node id="11869181430" visible="true" version="1" changeset="150710489" timestamp="2024-04-30T14:10:33Z" user="tg1239" uid="21373336" lat="12.9722552" lon="79.1630819"/>
 <node id="11869181431" visible="true" version="1" changeset="150710489" timestamp="2024-04-30T14:10:33Z" user="tg1239" uid="21373336" lat="12.9722961" lon="79.1631080"/>
 <node id="11869181432" visible="true" version="1" changeset="150710489" timestamp="2024-04-30T14:10:33Z" user="tg1239" uid="21373336" lat="12.9723682" lon="79.1631457"/>
 <node id="11869181433" visible="true" version="1" changeset="150710489" timestamp="2024-04-30T14:10:33Z" user="tg1239" uid="21373336" lat="12.9726429" lon="79.1631179"/>
 <node id="11869184207" visible="true" version="2" changeset="150712282" timestamp="2024-04-30T14:46:27Z" user="tg1239" uid="21373336" lat="12.9726355" lon="79.1624241"/>
 <node id="11869185429" visible="true" version="3" changeset="150710489" timestamp="2024-04-30T14:10:33Z" user="tg1239" uid="21373336" lat="12.9722269" lon="79.1630246"/>
 <node id="11869185431" visible="true" version="3" changeset="150710489" timestamp="2024-04-30T14:10:33Z" user="tg1239" uid="21373336" lat="12.9721167" lon="79.1622752"/>
 <node id="11869185432" visible="true" version="3" changeset="150710489" timestamp="2024-04-30T14:10:33Z" user="tg1239" uid="21373336" lat="12.9719904" lon="79.1612722"/>
 <node id="11869185433" visible="true" version="3" changeset="150710489" timestamp="2024-04-30T14:10:33Z" user="tg1239" uid="21373336" lat="12.9720670" lon="79.1610653"/>
 <node id="11869185434" visible="true" version="2" changeset="150710489" timestamp="2024-04-30T14:10:33Z" user="tg1239" uid="21373336" lat="12.9724620" lon="79.1609920"/>
 <node id="11869190395" visible="true" version="1" changeset="150711283" timestamp="2024-04-30T14:27:21Z" user="tg1239" uid="21373336" lat="12.9693329" lon="79.1581183">
  <tag k="brand" v="Samsung"/>
  <tag k="brand:wikidata" v="Q20718"/>
  <tag k="name" v="Samsung"/>
  <tag k="shop" v="electronics"/>
 </node>
 <node id="11869193495" visible="true" version="1" changeset="150711170" timestamp="2024-04-30T14:25:29Z" user="tg1239" uid="21373336" lat="12.9697356" lon="79.1567929">
  <tag k="amenity" v="cafe"/>
  <tag k="cuisine" v="coffee_shop"/>
  <tag k="name" v="Nescafe"/>
  <tag k="outdoor_seating" v="yes"/>
 </node>
 <node id="11869193496" visible="true" version="2" changeset="174897320" timestamp="2025-11-20T09:22:40Z" user="PalMaper" uid="13262539" lat="12.9694719" lon="79.1580773">
  <tag k="amenity" v="ice_cream"/>
  <tag k="name" v="Amul"/>
  <tag k="outdoor_seating" v="no"/>
 </node>
 <node id="11869205411" visible="true" version="2" changeset="185881561" timestamp="2026-07-17T03:42:30Z" user="TheLNL" uid="21256080" lat="12.9728875" lon="79.1640070">
  <tag k="amenity" v="fast_food"/>
  <tag k="cuisine" v="sandwich;burger"/>
  <tag k="name" v="Quick Bites"/>
 </node>
 <node id="11869243769" visible="true" version="2" changeset="185881561" timestamp="2026-07-17T03:42:30Z" user="TheLNL" uid="21256080" lat="12.9732542" lon="79.1642085">
  <tag k="amenity" v="atm"/>
  <tag k="brand" v="Indian Bank"/>
  <tag k="brand:wikidata" v="Q2003789"/>
  <tag k="name" v="Indian Bank"/>
  <tag k="operator" v="Indian Bank"/>
  <tag k="operator:wikidata" v="Q2003789"/>
 </node>
 <node id="11869255665" visible="true" version="1" changeset="150711953" timestamp="2024-04-30T14:40:11Z" user="tg1239" uid="21373336" lat="12.9726778" lon="79.1620450">
  <tag k="amenity" v="cafe"/>
  <tag k="cuisine" v="coffee_shop"/>
  <tag k="name" v="Nescafe"/>
 </node>
 <node id="11869258303" visible="true" version="1" changeset="150712282" timestamp="2024-04-30T14:46:27Z" user="tg1239" uid="21373336" lat="12.9725485" lon="79.1630927"/>
 <node id="11986853366" visible="true" version="1" changeset="152785031" timestamp="2024-06-17T05:06:32Z" user="iamsaurabhc" uid="19505666" lat="12.9680609" lon="79.1545704"/>
 <node id="12185335801" visible="true" version="2" changeset="184314247" timestamp="2026-06-19T12:40:36Z" user="TheLNL" uid="21256080" lat="12.9716410" lon="79.1646292">
  <tag k="addr:housenumber" v="Shop №1"/>
  <tag k="addr:postcode" v="632014"/>
  <tag k="addr:street" v="Food Street"/>
  <tag k="amenity" v="cafe"/>
  <tag k="cuisine" v="indian"/>
  <tag k="name" v="Lassi House"/>
  <tag k="opening_hours" v="Mo-Su 09:00-19:30"/>
  <tag k="outdoor_seating" v="yes"/>
  <tag k="phone" v="+91 82484 17404"/>
 </node>
 <node id="12841559738" visible="true" version="1" changeset="166340232" timestamp="2025-05-16T09:30:04Z" user="sovereign_quocda" uid="21732264" lat="12.9738569" lon="79.1538684"/>
 <node id="12841559739" visible="true" version="1" changeset="166340232" timestamp="2025-05-16T09:30:04Z" user="sovereign_quocda" uid="21732264" lat="12.9740826" lon="79.1537787"/>
 <node id="12841559740" visible="true" version="1" changeset="166340232" timestamp="2025-05-16T09:30:04Z" user="sovereign_quocda" uid="21732264" lat="12.9742719" lon="79.1537787"/>
 <node id="12841559741" visible="true" version="1" changeset="166340232" timestamp="2025-05-16T09:30:04Z" user="sovereign_quocda" uid="21732264" lat="12.9744175" lon="79.1538161"/>
 <node id="12841559742" visible="true" version="1" changeset="166340232" timestamp="2025-05-16T09:30:04Z" user="sovereign_quocda" uid="21732264" lat="12.9743957" lon="79.1540477"/>
 <node id="12841559743" visible="true" version="1" changeset="166340232" timestamp="2025-05-16T09:30:04Z" user="sovereign_quocda" uid="21732264" lat="12.9740244" lon="79.1549593"/>
 <node id="12841559744" visible="true" version="1" changeset="166340232" timestamp="2025-05-16T09:30:04Z" user="sovereign_quocda" uid="21732264" lat="12.9738715" lon="79.1556841"/>
 <node id="12841559745" visible="true" version="1" changeset="166340232" timestamp="2025-05-16T09:30:04Z" user="sovereign_quocda" uid="21732264" lat="12.9730268" lon="79.1556841"/>
 <node id="12841559746" visible="true" version="1" changeset="166340232" timestamp="2025-05-16T09:30:04Z" user="sovereign_quocda" uid="21732264" lat="12.9718545" lon="79.1553927"/>
 <node id="12841559747" visible="true" version="1" changeset="166340232" timestamp="2025-05-16T09:30:04Z" user="sovereign_quocda" uid="21732264" lat="12.9718982" lon="79.1552433"/>
 <node id="12841559748" visible="true" version="1" changeset="166340232" timestamp="2025-05-16T09:30:04Z" user="sovereign_quocda" uid="21732264" lat="12.9717308" lon="79.1552208"/>
 <node id="12841559749" visible="true" version="1" changeset="166340232" timestamp="2025-05-16T09:30:04Z" user="sovereign_quocda" uid="21732264" lat="12.9737550" lon="79.1550863"/>
 <node id="12841559750" visible="true" version="1" changeset="166340232" timestamp="2025-05-16T09:30:04Z" user="sovereign_quocda" uid="21732264" lat="12.9735729" lon="79.1552283"/>
 <node id="12841559751" visible="true" version="1" changeset="166340232" timestamp="2025-05-16T09:30:04Z" user="sovereign_quocda" uid="21732264" lat="12.9730996" lon="79.1551760"/>
 <node id="12841559752" visible="true" version="1" changeset="166340232" timestamp="2025-05-16T09:30:04Z" user="sovereign_quocda" uid="21732264" lat="12.9721312" lon="79.1547650"/>
 <node id="12841559753" visible="true" version="1" changeset="166340232" timestamp="2025-05-16T09:30:04Z" user="sovereign_quocda" uid="21732264" lat="12.9719199" lon="79.1545714"/>
 <node id="12841584108" visible="true" version="1" changeset="166340232" timestamp="2025-05-16T09:30:04Z" user="sovereign_quocda" uid="21732264" lat="12.9738566" lon="79.1662692"/>
 <node id="12841584109" visible="true" version="1" changeset="166340232" timestamp="2025-05-16T09:30:04Z" user="sovereign_quocda" uid="21732264" lat="12.9746583" lon="79.1662963"/>
 <node id="12841584149" visible="true" version="2" changeset="183384353" timestamp="2026-05-30T06:09:39Z" user="TheLNL" uid="21256080" lat="12.9682310" lon="79.1641059"/>
 <node id="12841584150" visible="true" version="2" changeset="183384353" timestamp="2026-05-30T06:09:39Z" user="TheLNL" uid="21256080" lat="12.9682339" lon="79.1653429"/>
 <node id="12841584151" visible="true" version="2" changeset="183384353" timestamp="2026-05-30T06:09:39Z" user="TheLNL" uid="21256080" lat="12.9688923" lon="79.1654266"/>
 <node id="12841584152" visible="true" version="2" changeset="183384353" timestamp="2026-05-30T06:09:39Z" user="TheLNL" uid="21256080" lat="12.9689737" lon="79.1667300"/>
 <node id="12841584153" visible="true" version="2" changeset="183384353" timestamp="2026-05-30T06:09:39Z" user="TheLNL" uid="21256080" lat="12.9704316" lon="79.1669499"/>
 <node id="13131033545" visible="true" version="2" changeset="184548450" timestamp="2026-06-24T21:47:19Z" user="TheLNL" uid="21256080" lat="12.9686400" lon="79.1543391"/>
 <node id="13131033546" visible="true" version="2" changeset="184548450" timestamp="2026-06-24T21:47:19Z" user="TheLNL" uid="21256080" lat="12.9686484" lon="79.1544654"/>
 <node id="13131033547" visible="true" version="2" changeset="184548450" timestamp="2026-06-24T21:47:19Z" user="TheLNL" uid="21256080" lat="12.9685000" lon="79.1544759"/>
 <node id="13131033548" visible="true" version="2" changeset="184548450" timestamp="2026-06-24T21:47:19Z" user="TheLNL" uid="21256080" lat="12.9684915" lon="79.1543495"/>
 <node id="13164929546" visible="true" version="1" changeset="172336550" timestamp="2025-09-23T10:38:06Z" user="PalMaper" uid="13262539" lat="12.9709236" lon="79.1601543"/>
 <node id="13164929547" visible="true" version="1" changeset="172336550" timestamp="2025-09-23T10:38:06Z" user="PalMaper" uid="13262539" lat="12.9709403" lon="79.1602423"/>
 <node id="13164929548" visible="true" version="1" changeset="172336550" timestamp="2025-09-23T10:38:06Z" user="PalMaper" uid="13262539" lat="12.9707187" lon="79.1602895"/>
 <node id="13164929549" visible="true" version="1" changeset="172336550" timestamp="2025-09-23T10:38:06Z" user="PalMaper" uid="13262539" lat="12.9706999" lon="79.1601822"/>
 <node id="13164929555" visible="true" version="1" changeset="172336550" timestamp="2025-09-23T10:38:06Z" user="PalMaper" uid="13262539" lat="12.9743713" lon="79.1654250"/>
 <node id="13164929556" visible="true" version="1" changeset="172336550" timestamp="2025-09-23T10:38:06Z" user="PalMaper" uid="13262539" lat="12.9743713" lon="79.1660309"/>
 <node id="13164929557" visible="true" version="1" changeset="172336550" timestamp="2025-09-23T10:38:06Z" user="PalMaper" uid="13262539" lat="12.9739298" lon="79.1659970"/>
 <node id="13164929558" visible="true" version="1" changeset="172336550" timestamp="2025-09-23T10:38:06Z" user="PalMaper" uid="13262539" lat="12.9739298" lon="79.1653797"/>
 <node id="13164955308" visible="true" version="1" changeset="172337357" timestamp="2025-09-23T10:54:03Z" user="PalMaper" uid="13262539" lat="12.9714033" lon="79.1645756"/>
 <node id="13164955309" visible="true" version="1" changeset="172337357" timestamp="2025-09-23T10:54:03Z" user="PalMaper" uid="13262539" lat="12.9714535" lon="79.1647409"/>
 <node id="13164955310" visible="true" version="1" changeset="172337357" timestamp="2025-09-23T10:54:03Z" user="PalMaper" uid="13262539" lat="12.9710834" lon="79.1648589"/>
 <node id="13164955311" visible="true" version="1" changeset="172337357" timestamp="2025-09-23T10:54:03Z" user="PalMaper" uid="13262539" lat="12.9708952" lon="79.1651035"/>
 <node id="13164955312" visible="true" version="1" changeset="172337357" timestamp="2025-09-23T10:54:03Z" user="PalMaper" uid="13262539" lat="12.9708847" lon="79.1654018"/>
 <node id="13164955313" visible="true" version="1" changeset="172337357" timestamp="2025-09-23T10:54:03Z" user="PalMaper" uid="13262539" lat="12.9706442" lon="79.1655133"/>
 <node id="13164955314" visible="true" version="1" changeset="172337357" timestamp="2025-09-23T10:54:03Z" user="PalMaper" uid="13262539" lat="12.9705606" lon="79.1647645"/>
 <node id="13164955315" visible="true" version="1" changeset="172337357" timestamp="2025-09-23T10:54:03Z" user="PalMaper" uid="13262539" lat="12.9717131" lon="79.1637186">
  <tag k="highway" v="crossing"/>
 </node>
 <node id="13164955316" visible="true" version="1" changeset="172337357" timestamp="2025-09-23T10:54:03Z" user="PalMaper" uid="13262539" lat="12.9718337" lon="79.1643196">
  <tag k="highway" v="crossing"/>
 </node>
 <node id="13164955317" visible="true" version="1" changeset="172337357" timestamp="2025-09-23T10:54:03Z" user="PalMaper" uid="13262539" lat="12.9720903" lon="79.1654645"/>
 <node id="13164955318" visible="true" version="1" changeset="172337357" timestamp="2025-09-23T10:54:03Z" user="PalMaper" uid="13262539" lat="12.9719979" lon="79.1649987"/>
 <node id="13164955319" visible="true" version="1" changeset="172337357" timestamp="2025-09-23T10:54:03Z" user="PalMaper" uid="13262539" lat="12.9720407" lon="79.1651967"/>
 <node id="13164955320" visible="true" version="1" changeset="172337357" timestamp="2025-09-23T10:54:03Z" user="PalMaper" uid="13262539" lat="12.9719734" lon="79.1652172"/>
 <node id="13164955321" visible="true" version="1" changeset="172337357" timestamp="2025-09-23T10:54:03Z" user="PalMaper" uid="13262539" lat="12.9719497" lon="79.1651079"/>
 <node id="13164955322" visible="true" version="1" changeset="172337357" timestamp="2025-09-23T10:54:03Z" user="PalMaper" uid="13262539" lat="12.9719861" lon="79.1650883"/>
 <node id="13164955323" visible="true" version="1" changeset="172337357" timestamp="2025-09-23T10:54:03Z" user="PalMaper" uid="13262539" lat="12.9719725" lon="79.1650127"/>
 <node id="13164955324" visible="true" version="1" changeset="172337357" timestamp="2025-09-23T10:54:03Z" user="PalMaper" uid="13262539" lat="12.9720744" lon="79.1653358"/>
 <node id="13164955325" visible="true" version="1" changeset="172337357" timestamp="2025-09-23T10:54:03Z" user="PalMaper" uid="13262539" lat="12.9721017" lon="79.1654498"/>
 <node id="13164955326" visible="true" version="1" changeset="172337357" timestamp="2025-09-23T10:54:03Z" user="PalMaper" uid="13262539" lat="12.9720343" lon="79.1654703"/>
 <node id="13164955327" visible="true" version="1" changeset="172337357" timestamp="2025-09-23T10:54:03Z" user="PalMaper" uid="13262539" lat="12.9720107" lon="79.1653611"/>
 <node id="13164955328" visible="true" version="1" changeset="172337357" timestamp="2025-09-23T10:54:03Z" user="PalMaper" uid="13262539" lat="12.9720471" lon="79.1653414"/>
 <node id="13164955329" visible="true" version="1" changeset="172337357" timestamp="2025-09-23T10:54:03Z" user="PalMaper" uid="13262539" lat="12.9709679" lon="79.1654892"/>
 <node id="13164955330" visible="true" version="1" changeset="172337357" timestamp="2025-09-23T10:54:03Z" user="PalMaper" uid="13262539" lat="12.9719676" lon="79.1652631"/>
 <node id="13164955331" visible="true" version="1" changeset="172337357" timestamp="2025-09-23T10:54:03Z" user="PalMaper" uid="13262539" lat="12.9728710" lon="79.1650400"/>
 <node id="13164955332" visible="true" version="1" changeset="172337357" timestamp="2025-09-23T10:54:03Z" user="PalMaper" uid="13262539" lat="12.9731010" lon="79.1649777"/>
 <node id="13164955333" visible="true" version="1" changeset="172337357" timestamp="2025-09-23T10:54:03Z" user="PalMaper" uid="13262539" lat="12.9738144" lon="79.1649734"/>
 <node id="13164955334" visible="true" version="1" changeset="172337357" timestamp="2025-09-23T10:54:03Z" user="PalMaper" uid="13262539" lat="12.9715940" lon="79.1631040">
  <tag k="highway" v="crossing"/>
 </node>
 <node id="13318804116" visible="true" version="1" changeset="174896503" timestamp="2025-11-20T09:01:09Z" user="PalMaper" uid="13262539" lat="12.9710012" lon="79.1664205"/>
 <node id="13318804117" visible="true" version="1" changeset="174896503" timestamp="2025-11-20T09:01:09Z" user="PalMaper" uid="13262539" lat="12.9709781" lon="79.1664778"/>
 <node id="13318804118" visible="true" version="1" changeset="174896503" timestamp="2025-11-20T09:01:09Z" user="PalMaper" uid="13262539" lat="12.9710652" lon="79.1665951"/>
 <node id="13318804119" visible="true" version="1" changeset="174896503" timestamp="2025-11-20T09:01:09Z" user="PalMaper" uid="13262539" lat="12.9713317" lon="79.1667017"/>
 <node id="13318807450" visible="true" version="1" changeset="174896414" timestamp="2025-11-20T08:58:48Z" user="PalMaper" uid="13262539" lat="12.9714323" lon="79.1655632"/>
 <node id="13318807451" visible="true" version="1" changeset="174896414" timestamp="2025-11-20T08:58:48Z" user="PalMaper" uid="13262539" lat="12.9722913" lon="79.1668063"/>
 <node id="13318807452" visible="true" version="2" changeset="174896503" timestamp="2025-11-20T09:01:09Z" user="PalMaper" uid="13262539" lat="12.9716126" lon="79.1668986"/>
 <node id="13318807453" visible="true" version="1" changeset="174896414" timestamp="2025-11-20T08:58:48Z" user="PalMaper" uid="13262539" lat="12.9716504" lon="79.1666318"/>
 <node id="13318807454" visible="true" version="1" changeset="174896414" timestamp="2025-11-20T08:58:48Z" user="PalMaper" uid="13262539" lat="12.9718017" lon="79.1665992"/>
 <node id="13318807455" visible="true" version="1" changeset="174896414" timestamp="2025-11-20T08:58:48Z" user="PalMaper" uid="13262539" lat="12.9718646" lon="79.1664487"/>
 <node id="13318807456" visible="true" version="1" changeset="174896414" timestamp="2025-11-20T08:58:48Z" user="PalMaper" uid="13262539" lat="12.9720051" lon="79.1663932"/>
 <node id="13318807457" visible="true" version="1" changeset="174896414" timestamp="2025-11-20T08:58:48Z" user="PalMaper" uid="13262539" lat="12.9721120" lon="79.1665193"/>
 <node id="13318807458" visible="true" version="1" changeset="174896414" timestamp="2025-11-20T08:58:48Z" user="PalMaper" uid="13262539" lat="12.9715473" lon="79.1664943"/>
 <node id="13318807459" visible="true" version="1" changeset="174896414" timestamp="2025-11-20T08:58:48Z" user="PalMaper" uid="13262539" lat="12.9711897" lon="79.1656150"/>
 <node id="13318807460" visible="true" version="1" changeset="174896414" timestamp="2025-11-20T08:58:48Z" user="PalMaper" uid="13262539" lat="12.9713863" lon="79.1658875"/>
 <node id="13318807461" visible="true" version="1" changeset="174896414" timestamp="2025-11-20T08:58:48Z" user="PalMaper" uid="13262539" lat="12.9712438" lon="79.1659097"/>
 <node id="13318807462" visible="true" version="1" changeset="174896414" timestamp="2025-11-20T08:58:48Z" user="PalMaper" uid="13262539" lat="12.9719883" lon="79.1655178"/>
 <node id="13318807463" visible="true" version="1" changeset="174896414" timestamp="2025-11-20T08:58:48Z" user="PalMaper" uid="13262539" lat="12.9719329" lon="79.1654927"/>
 <node id="13318807464" visible="true" version="1" changeset="174896414" timestamp="2025-11-20T08:58:48Z" user="PalMaper" uid="13262539" lat="12.9720666" lon="79.1656156"/>
 <node id="13318807465" visible="true" version="1" changeset="174896414" timestamp="2025-11-20T08:58:48Z" user="PalMaper" uid="13262539" lat="12.9719883" lon="79.1655178"/>
 <node id="13318807466" visible="true" version="1" changeset="174896414" timestamp="2025-11-20T08:58:48Z" user="PalMaper" uid="13262539" lat="12.9720120" lon="79.1657509"/>
 <node id="13318807467" visible="true" version="1" changeset="174896414" timestamp="2025-11-20T08:58:48Z" user="PalMaper" uid="13262539" lat="12.9718834" lon="79.1657754"/>
 <node id="13318807468" visible="true" version="1" changeset="174896414" timestamp="2025-11-20T08:58:48Z" user="PalMaper" uid="13262539" lat="12.9718191" lon="79.1659139"/>
 <node id="13318807469" visible="true" version="1" changeset="174896414" timestamp="2025-11-20T08:58:48Z" user="PalMaper" uid="13262539" lat="12.9716864" lon="79.1659196"/>
 <node id="13318861531" visible="true" version="1" changeset="174896645" timestamp="2025-11-20T09:05:32Z" user="PalMaper" uid="13262539" lat="12.9708922" lon="79.1583090">
  <tag k="crossing" v="uncontrolled"/>
  <tag k="crossing:markings" v="yes"/>
  <tag k="highway" v="crossing"/>
 </node>
 <node id="13318878727" visible="true" version="1" changeset="174897320" timestamp="2025-11-20T09:22:40Z" user="PalMaper" uid="13262539" lat="12.9709732" lon="79.1586792"/>
 <node id="13318878728" visible="true" version="1" changeset="174897320" timestamp="2025-11-20T09:22:40Z" user="PalMaper" uid="13262539" lat="12.9709741" lon="79.1587075">
  <tag k="crossing" v="uncontrolled"/>
  <tag k="crossing:markings" v="yes"/>
  <tag k="highway" v="crossing"/>
 </node>
 <node id="13318878729" visible="true" version="1" changeset="174897320" timestamp="2025-11-20T09:22:40Z" user="PalMaper" uid="13262539" lat="12.9695189" lon="79.1586582"/>
 <node id="13318878730" visible="true" version="1" changeset="174897320" timestamp="2025-11-20T09:22:40Z" user="PalMaper" uid="13262539" lat="12.9688439" lon="79.1586262"/>
 <node id="13318878731" visible="true" version="1" changeset="174897320" timestamp="2025-11-20T09:22:40Z" user="PalMaper" uid="13262539" lat="12.9687863" lon="79.1585485"/>
 <node id="13318878732" visible="true" version="1" changeset="174897320" timestamp="2025-11-20T09:22:40Z" user="PalMaper" uid="13262539" lat="12.9688079" lon="79.1573013"/>
 <node id="13318878733" visible="true" version="1" changeset="174897320" timestamp="2025-11-20T09:22:40Z" user="PalMaper" uid="13262539" lat="12.9688535" lon="79.1572496"/>
 <node id="13318878734" visible="true" version="1" changeset="174897320" timestamp="2025-11-20T09:22:40Z" user="PalMaper" uid="13262539" lat="12.9695705" lon="79.1572779"/>
 <node id="13318878735" visible="true" version="1" changeset="174897320" timestamp="2025-11-20T09:22:40Z" user="PalMaper" uid="13262539" lat="12.9695994" lon="79.1573149"/>
 <node id="13318878736" visible="true" version="1" changeset="174897320" timestamp="2025-11-20T09:22:40Z" user="PalMaper" uid="13262539" lat="12.9695849" lon="79.1585683"/>
 <node id="13318878737" visible="true" version="1" changeset="174897320" timestamp="2025-11-20T09:22:40Z" user="PalMaper" uid="13262539" lat="12.9696880" lon="79.1585625">
  <tag k="crossing" v="uncontrolled"/>
  <tag k="crossing:markings" v="yes"/>
  <tag k="highway" v="crossing"/>
 </node>
 <node id="13318878738" visible="true" version="1" changeset="174897320" timestamp="2025-11-20T09:22:40Z" user="PalMaper" uid="13262539" lat="12.9687947" lon="79.1565667"/>
 <node id="13318878739" visible="true" version="1" changeset="174897320" timestamp="2025-11-20T09:22:40Z" user="PalMaper" uid="13262539" lat="12.9696238" lon="79.1571605"/>
 <node id="13318878740" visible="true" version="1" changeset="174897320" timestamp="2025-11-20T09:22:40Z" user="PalMaper" uid="13262539" lat="12.9688136" lon="79.1571582"/>
 <node id="13318878741" visible="true" version="1" changeset="174897320" timestamp="2025-11-20T09:22:40Z" user="PalMaper" uid="13262539" lat="12.9688288" lon="79.1565976"/>
 <node id="13318878742" visible="true" version="1" changeset="174897320" timestamp="2025-11-20T09:22:40Z" user="PalMaper" uid="13262539" lat="12.9696138" lon="79.1565983"/>
 <node id="13318878743" visible="true" version="1" changeset="174897320" timestamp="2025-11-20T09:22:40Z" user="PalMaper" uid="13262539" lat="12.9695938" lon="79.1571611"/>
 <node id="13318878744" visible="true" version="1" changeset="174897320" timestamp="2025-11-20T09:22:40Z" user="PalMaper" uid="13262539" lat="12.9695613" lon="79.1571872"/>
 <node id="13318878745" visible="true" version="1" changeset="174897320" timestamp="2025-11-20T09:22:40Z" user="PalMaper" uid="13262539" lat="12.9688743" lon="79.1571738"/>
 <node id="13318878746" visible="true" version="1" changeset="174897320" timestamp="2025-11-20T09:22:40Z" user="PalMaper" uid="13262539" lat="12.9688553" lon="79.1571689"/>
 <node id="13318878747" visible="true" version="1" changeset="174897320" timestamp="2025-11-20T09:22:40Z" user="PalMaper" uid="13262539" lat="12.9688545" lon="79.1572053">
  <tag k="crossing" v="uncontrolled"/>
  <tag k="crossing:markings" v="yes"/>
  <tag k="highway" v="crossing"/>
 </node>
 <node id="13318878748" visible="true" version="1" changeset="174897320" timestamp="2025-11-20T09:22:40Z" user="PalMaper" uid="13262539" lat="12.9688359" lon="79.1564459"/>
 <node id="13318878749" visible="true" version="1" changeset="174897320" timestamp="2025-11-20T09:22:40Z" user="PalMaper" uid="13262539" lat="12.9688581" lon="79.1553767"/>
 <node id="13318878750" visible="true" version="1" changeset="174897320" timestamp="2025-11-20T09:22:40Z" user="PalMaper" uid="13262539" lat="12.9696370" lon="79.1553734"/>
 <node id="13318878751" visible="true" version="1" changeset="174897320" timestamp="2025-11-20T09:22:40Z" user="PalMaper" uid="13262539" lat="12.9696338" lon="79.1557946"/>
 <node id="13318878752" visible="true" version="1" changeset="174897320" timestamp="2025-11-20T09:22:40Z" user="PalMaper" uid="13262539" lat="12.9696275" lon="79.1560434"/>
 <node id="13318878753" visible="true" version="1" changeset="174897320" timestamp="2025-11-20T09:22:40Z" user="PalMaper" uid="13262539" lat="12.9696005" lon="79.1565053"/>
 <node id="13318878754" visible="true" version="1" changeset="174897320" timestamp="2025-11-20T09:22:40Z" user="PalMaper" uid="13262539" lat="12.9695593" lon="79.1565297"/>
 <node id="13318878755" visible="true" version="1" changeset="174897320" timestamp="2025-11-20T09:22:40Z" user="PalMaper" uid="13262539" lat="12.9688914" lon="79.1565061"/>
 <node id="13318878756" visible="true" version="1" changeset="174897320" timestamp="2025-11-20T09:22:40Z" user="PalMaper" uid="13262539" lat="12.9688898" lon="79.1565977"/>
 <node id="13318878757" visible="true" version="1" changeset="174897320" timestamp="2025-11-20T09:22:40Z" user="PalMaper" uid="13262539" lat="12.9688903" lon="79.1565683">
  <tag k="crossing" v="uncontrolled"/>
  <tag k="crossing:markings" v="yes"/>
  <tag k="highway" v="crossing"/>
 </node>
 <node id="13318878758" visible="true" version="1" changeset="174897320" timestamp="2025-11-20T09:22:40Z" user="PalMaper" uid="13262539" lat="12.9695613" lon="79.1565983"/>
 <node id="13318878759" visible="true" version="1" changeset="174897320" timestamp="2025-11-20T09:22:40Z" user="PalMaper" uid="13262539" lat="12.9695608" lon="79.1565796">
  <tag k="crossing" v="uncontrolled"/>
  <tag k="crossing:markings" v="yes"/>
  <tag k="highway" v="crossing"/>
 </node>
 <node id="13318878760" visible="true" version="1" changeset="174897320" timestamp="2025-11-20T09:22:40Z" user="PalMaper" uid="13262539" lat="12.9695643" lon="79.1572167">
  <tag k="crossing" v="uncontrolled"/>
  <tag k="crossing:markings" v="yes"/>
  <tag k="highway" v="crossing"/>
 </node>
 <node id="13318878761" visible="true" version="1" changeset="174897320" timestamp="2025-11-20T09:22:40Z" user="PalMaper" uid="13262539" lat="12.9698044" lon="79.1581876">
  <tag k="crossing" v="uncontrolled"/>
  <tag k="crossing:markings" v="yes"/>
  <tag k="highway" v="crossing"/>
 </node>
 <node id="13318878762" visible="true" version="1" changeset="174897320" timestamp="2025-11-20T09:22:40Z" user="PalMaper" uid="13262539" lat="12.9716191" lon="79.1583011"/>
 <node id="13318878763" visible="true" version="1" changeset="174897320" timestamp="2025-11-20T09:22:40Z" user="PalMaper" uid="13262539" lat="12.9712567" lon="79.1583316"/>
 <node id="13318878764" visible="true" version="1" changeset="174897320" timestamp="2025-11-20T09:22:40Z" user="PalMaper" uid="13262539" lat="12.9711759" lon="79.1583384"/>
 <node id="13318878765" visible="true" version="1" changeset="174897320" timestamp="2025-11-20T09:22:40Z" user="PalMaper" uid="13262539" lat="12.9718703" lon="79.1582702"/>
 <node id="13318878766" visible="true" version="1" changeset="174897320" timestamp="2025-11-20T09:22:40Z" user="PalMaper" uid="13262539" lat="12.9719733" lon="79.1582589"/>
 <node id="13318878767" visible="true" version="1" changeset="174897320" timestamp="2025-11-20T09:22:40Z" user="PalMaper" uid="13262539" lat="12.9721172" lon="79.1585578"/>
 <node id="13318878768" visible="true" version="1" changeset="174897320" timestamp="2025-11-20T09:22:40Z" user="PalMaper" uid="13262539" lat="12.9723896" lon="79.1587901"/>
 <node id="13318878769" visible="true" version="1" changeset="174897320" timestamp="2025-11-20T09:22:40Z" user="PalMaper" uid="13262539" lat="12.9725599" lon="79.1588107"/>
 <node id="13318878770" visible="true" version="1" changeset="174897320" timestamp="2025-11-20T09:22:40Z" user="PalMaper" uid="13262539" lat="12.9725212" lon="79.1608672"/>
 <node id="13318878771" visible="true" version="1" changeset="174897320" timestamp="2025-11-20T09:22:40Z" user="PalMaper" uid="13262539" lat="12.9725188" lon="79.1596369"/>
 <node id="13318878772" visible="true" version="1" changeset="174897320" timestamp="2025-11-20T09:22:40Z" user="PalMaper" uid="13262539" lat="12.9725113" lon="79.1603562"/>
 <node id="13318878773" visible="true" version="1" changeset="174897320" timestamp="2025-11-20T09:22:40Z" user="PalMaper" uid="13262539" lat="12.9725055" lon="79.1609176"/>
 <node id="13318878774" visible="true" version="1" changeset="174897320" timestamp="2025-11-20T09:22:40Z" user="PalMaper" uid="13262539" lat="12.9725522" lon="79.1610703"/>
 <node id="13318878775" visible="true" version="1" changeset="174897320" timestamp="2025-11-20T09:22:40Z" user="PalMaper" uid="13262539" lat="12.9729317" lon="79.1635508"/>
 <node id="13318878776" visible="true" version="1" changeset="174897320" timestamp="2025-11-20T09:22:40Z" user="PalMaper" uid="13262539" lat="12.9728621" lon="79.1630960">
  <tag k="highway" v="crossing"/>
 </node>
 <node id="13318878777" visible="true" version="1" changeset="174897320" timestamp="2025-11-20T09:22:40Z" user="PalMaper" uid="13262539" lat="12.9725241" lon="79.1608860">
  <tag k="crossing" v="unmarked"/>
  <tag k="crossing:markings" v="no"/>
  <tag k="highway" v="crossing"/>
 </node>
 <node id="13318888570" visible="true" version="1" changeset="174897746" timestamp="2025-11-20T09:33:15Z" user="PalMaper" uid="13262539" lat="12.9709754" lon="79.1581115"/>
 <node id="13318888571" visible="true" version="1" changeset="174897746" timestamp="2025-11-20T09:33:15Z" user="PalMaper" uid="13262539" lat="12.9709965" lon="79.1584341"/>
 <node id="13318891524" visible="true" version="1" changeset="174897670" timestamp="2025-11-20T09:31:30Z" user="PalMaper" uid="13262539" lat="12.9712982" lon="79.1562558"/>
 <node id="13318891525" visible="true" version="1" changeset="174897670" timestamp="2025-11-20T09:31:30Z" user="PalMaper" uid="13262539" lat="12.9713824" lon="79.1562849"/>
 <node id="13318891526" visible="true" version="1" changeset="174897670" timestamp="2025-11-20T09:31:30Z" user="PalMaper" uid="13262539" lat="12.9727123" lon="79.1563246"/>
 <node id="13318891527" visible="true" version="1" changeset="174897670" timestamp="2025-11-20T09:31:30Z" user="PalMaper" uid="13262539" lat="12.9736021" lon="79.1564817"/>
 <node id="13318891528" visible="true" version="1" changeset="174897670" timestamp="2025-11-20T09:31:30Z" user="PalMaper" uid="13262539" lat="12.9745457" lon="79.1565044"/>
 <node id="13318891529" visible="true" version="1" changeset="174897670" timestamp="2025-11-20T09:31:30Z" user="PalMaper" uid="13262539" lat="12.9747968" lon="79.1565341"/>
 <node id="13318891530" visible="true" version="1" changeset="174897670" timestamp="2025-11-20T09:31:30Z" user="PalMaper" uid="13262539" lat="12.9750534" lon="79.1565837"/>
 <node id="13318891531" visible="true" version="1" changeset="174897670" timestamp="2025-11-20T09:31:30Z" user="PalMaper" uid="13262539" lat="12.9752852" lon="79.1566318"/>
 <node id="13318891532" visible="true" version="1" changeset="174897670" timestamp="2025-11-20T09:31:30Z" user="PalMaper" uid="13262539" lat="12.9755018" lon="79.1566828"/>
 <node id="13318891533" visible="true" version="1" changeset="174897670" timestamp="2025-11-20T09:31:30Z" user="PalMaper" uid="13262539" lat="12.9763005" lon="79.1564718"/>
 <node id="13318891534" visible="true" version="1" changeset="174897670" timestamp="2025-11-20T09:31:30Z" user="PalMaper" uid="13262539" lat="12.9729386" lon="79.1630406"/>
 <node id="13318891535" visible="true" version="1" changeset="174897670" timestamp="2025-11-20T09:31:30Z" user="PalMaper" uid="13262539" lat="12.9729560" lon="79.1627365"/>
 <node id="13318891536" visible="true" version="1" changeset="174897670" timestamp="2025-11-20T09:31:30Z" user="PalMaper" uid="13262539" lat="12.9732016" lon="79.1627105"/>
 <node id="13318891537" visible="true" version="1" changeset="174897670" timestamp="2025-11-20T09:31:30Z" user="PalMaper" uid="13262539" lat="12.9732412" lon="79.1626958"/>
 <node id="13318891538" visible="true" version="1" changeset="174897670" timestamp="2025-11-20T09:31:30Z" user="PalMaper" uid="13262539" lat="12.9732904" lon="79.1626731"/>
 <node id="13318891539" visible="true" version="1" changeset="174897670" timestamp="2025-11-20T09:31:30Z" user="PalMaper" uid="13262539" lat="12.9733189" lon="79.1626275"/>
 <node id="13318891540" visible="true" version="1" changeset="174897670" timestamp="2025-11-20T09:31:30Z" user="PalMaper" uid="13262539" lat="12.9733506" lon="79.1625869"/>
 <node id="13318891541" visible="true" version="1" changeset="174897670" timestamp="2025-11-20T09:31:30Z" user="PalMaper" uid="13262539" lat="12.9733633" lon="79.1625186"/>
 <node id="13318891542" visible="true" version="1" changeset="174897670" timestamp="2025-11-20T09:31:30Z" user="PalMaper" uid="13262539" lat="12.9733934" lon="79.1623381"/>
 <node id="13318891543" visible="true" version="1" changeset="174897670" timestamp="2025-11-20T09:31:30Z" user="PalMaper" uid="13262539" lat="12.9734314" lon="79.1620649"/>
 <node id="13318891544" visible="true" version="1" changeset="174897670" timestamp="2025-11-20T09:31:30Z" user="PalMaper" uid="13262539" lat="12.9734330" lon="79.1618616"/>
 <node id="13318891545" visible="true" version="1" changeset="174897670" timestamp="2025-11-20T09:31:30Z" user="PalMaper" uid="13262539" lat="12.9734520" lon="79.1617673"/>
 <node id="13318891546" visible="true" version="1" changeset="174897670" timestamp="2025-11-20T09:31:30Z" user="PalMaper" uid="13262539" lat="12.9734758" lon="79.1617429"/>
 <node id="13318891547" visible="true" version="1" changeset="174897670" timestamp="2025-11-20T09:31:30Z" user="PalMaper" uid="13262539" lat="12.9735059" lon="79.1615884"/>
 <node id="13318891548" visible="true" version="1" changeset="174897670" timestamp="2025-11-20T09:31:30Z" user="PalMaper" uid="13262539" lat="12.9735582" lon="79.1614908"/>
 <node id="13318891549" visible="true" version="1" changeset="174897670" timestamp="2025-11-20T09:31:30Z" user="PalMaper" uid="13262539" lat="12.9736152" lon="79.1613786"/>
 <node id="13318891550" visible="true" version="1" changeset="174897670" timestamp="2025-11-20T09:31:30Z" user="PalMaper" uid="13262539" lat="12.9737769" lon="79.1612892"/>
 <node id="13318891551" visible="true" version="1" changeset="174897670" timestamp="2025-11-20T09:31:30Z" user="PalMaper" uid="13262539" lat="12.9735708" lon="79.1616941"/>
 <node id="13318891552" visible="true" version="1" changeset="174897670" timestamp="2025-11-20T09:31:30Z" user="PalMaper" uid="13262539" lat="12.9736612" lon="79.1616697"/>
 <node id="13318891553" visible="true" version="1" changeset="174897670" timestamp="2025-11-20T09:31:30Z" user="PalMaper" uid="13262539" lat="12.9737357" lon="79.1616339"/>
 <node id="13318891554" visible="true" version="1" changeset="174897670" timestamp="2025-11-20T09:31:30Z" user="PalMaper" uid="13262539" lat="12.9737911" lon="79.1615510"/>
 <node id="13318895305" visible="true" version="1" changeset="174897874" timestamp="2025-11-20T09:37:15Z" user="PalMaper" uid="13262539" lat="12.9687996" lon="79.1577815"/>
 <node id="13346669077" visible="true" version="1" changeset="175376160" timestamp="2025-12-01T21:04:28Z" user="souvik234" uid="6105853" lat="12.9741872" lon="79.1723536"/>
 <node id="13462634944" visible="true" version="1" changeset="177345524" timestamp="2026-01-17T17:37:22Z" user="Shiva Chandran" uid="21115870" lat="12.9735860" lon="79.1678761"/>
 <node id="13462634945" visible="true" version="1" changeset="177345524" timestamp="2026-01-17T17:37:22Z" user="Shiva Chandran" uid="21115870" lat="12.9737772" lon="79.1678476"/>
 <node id="13462634946" visible="true" version="1" changeset="177345524" timestamp="2026-01-17T17:37:22Z" user="Shiva Chandran" uid="21115870" lat="12.9764552" lon="79.1662044"/>
 <node id="13895225263" visible="true" version="1" changeset="183384353" timestamp="2026-05-30T06:09:39Z" user="TheLNL" uid="21256080" lat="12.9696279" lon="79.1669444"/>
 <node id="13895225264" visible="true" version="1" changeset="183384353" timestamp="2026-05-30T06:09:39Z" user="TheLNL" uid="21256080" lat="12.9695559" lon="79.1669327"/>
 <node id="13895225265" visible="true" version="1" changeset="183384353" timestamp="2026-05-30T06:09:39Z" user="TheLNL" uid="21256080" lat="12.9695221" lon="79.1669186"/>
 <node id="13895225266" visible="true" version="1" changeset="183384353" timestamp="2026-05-30T06:09:39Z" user="TheLNL" uid="21256080" lat="12.9693767" lon="79.1668448"/>
 <node id="13895225267" visible="true" version="1" changeset="183384353" timestamp="2026-05-30T06:09:39Z" user="TheLNL" uid="21256080" lat="12.9692762" lon="79.1668142"/>
 <node id="13895225268" visible="true" version="1" changeset="183384353" timestamp="2026-05-30T06:09:39Z" user="TheLNL" uid="21256080" lat="12.9691068" lon="79.1667936"/>
 <node id="13895225269" visible="true" version="1" changeset="183384353" timestamp="2026-05-30T06:09:39Z" user="TheLNL" uid="21256080" lat="12.9690584" lon="79.1667823"/>
 <node id="13895225270" visible="true" version="1" changeset="183384353" timestamp="2026-05-30T06:09:39Z" user="TheLNL" uid="21256080" lat="12.9690133" lon="79.1667608"/>
 <node id="13895225271" visible="true" version="1" changeset="183384353" timestamp="2026-05-30T06:09:39Z" user="TheLNL" uid="21256080" lat="12.9689412" lon="79.1666915"/>
 <node id="13895225272" visible="true" version="1" changeset="183384353" timestamp="2026-05-30T06:09:39Z" user="TheLNL" uid="21256080" lat="12.9689173" lon="79.1666468"/>
 <node id="13895225273" visible="true" version="1" changeset="183384353" timestamp="2026-05-30T06:09:39Z" user="TheLNL" uid="21256080" lat="12.9689031" lon="79.1665979"/>
 <node id="13895225274" visible="true" version="1" changeset="183384353" timestamp="2026-05-30T06:09:39Z" user="TheLNL" uid="21256080" lat="12.9688992" lon="79.1665471"/>
 <node id="13895225275" visible="true" version="1" changeset="183384353" timestamp="2026-05-30T06:09:39Z" user="TheLNL" uid="21256080" lat="12.9689263" lon="79.1655207"/>
 <node id="13895225276" visible="true" version="1" changeset="183384353" timestamp="2026-05-30T06:09:39Z" user="TheLNL" uid="21256080" lat="12.9689230" lon="79.1654867"/>
 <node id="13895225277" visible="true" version="1" changeset="183384353" timestamp="2026-05-30T06:09:39Z" user="TheLNL" uid="21256080" lat="12.9689114" lon="79.1654546"/>
 <node id="13895225278" visible="true" version="1" changeset="183384353" timestamp="2026-05-30T06:09:39Z" user="TheLNL" uid="21256080" lat="12.9688669" lon="79.1654044"/>
 <node id="13895225279" visible="true" version="1" changeset="183384353" timestamp="2026-05-30T06:09:39Z" user="TheLNL" uid="21256080" lat="12.9688368" lon="79.1653895"/>
 <node id="13895225280" visible="true" version="1" changeset="183384353" timestamp="2026-05-30T06:09:39Z" user="TheLNL" uid="21256080" lat="12.9688041" lon="79.1653828"/>
 <node id="13895225281" visible="true" version="1" changeset="183384353" timestamp="2026-05-30T06:09:39Z" user="TheLNL" uid="21256080" lat="12.9695915" lon="79.1669413"/>
 <node id="13895225282" visible="true" version="1" changeset="183384353" timestamp="2026-05-30T06:09:39Z" user="TheLNL" uid="21256080" lat="12.9693277" lon="79.1668251"/>
 <node id="13916667486" visible="true" version="1" changeset="183765380" timestamp="2026-06-07T06:41:35Z" user="TheLNL" uid="21256080" lat="12.9688714" lon="79.1577798"/>
 <node id="13916667487" visible="true" version="1" changeset="183765380" timestamp="2026-06-07T06:41:35Z" user="TheLNL" uid="21256080" lat="12.9688728" lon="79.1577013"/>
 <node id="13916667488" visible="true" version="1" changeset="183765380" timestamp="2026-06-07T06:41:35Z" user="TheLNL" uid="21256080" lat="12.9688960" lon="79.1577803"/>
 <node id="13916667489" visible="true" version="1" changeset="183765380" timestamp="2026-06-07T06:41:35Z" user="TheLNL" uid="21256080" lat="12.9688974" lon="79.1577018"/>
 <node id="13916667490" visible="true" version="1" changeset="183765380" timestamp="2026-06-07T06:41:35Z" user="TheLNL" uid="21256080" lat="12.9693989" lon="79.1577918"/>
 <node id="13916667491" visible="true" version="1" changeset="183765380" timestamp="2026-06-07T06:41:35Z" user="TheLNL" uid="21256080" lat="12.9693989" lon="79.1577698"/>
 <node id="13916667492" visible="true" version="1" changeset="183765380" timestamp="2026-06-07T06:41:35Z" user="TheLNL" uid="21256080" lat="12.9694214" lon="79.1577699"/>
 <node id="13916667493" visible="true" version="1" changeset="183765380" timestamp="2026-06-07T06:41:35Z" user="TheLNL" uid="21256080" lat="12.9694215" lon="79.1577483"/>
 <node id="13916667494" visible="true" version="1" changeset="183765380" timestamp="2026-06-07T06:41:35Z" user="TheLNL" uid="21256080" lat="12.9694771" lon="79.1577484"/>
 <node id="13916667495" visible="true" version="1" changeset="183765380" timestamp="2026-06-07T06:41:35Z" user="TheLNL" uid="21256080" lat="12.9694697" lon="79.1578739"/>
 <node id="13916667496" visible="true" version="1" changeset="183765380" timestamp="2026-06-07T06:41:35Z" user="TheLNL" uid="21256080" lat="12.9694113" lon="79.1579083"/>
 <node id="13916667497" visible="true" version="1" changeset="183765380" timestamp="2026-06-07T06:41:35Z" user="TheLNL" uid="21256080" lat="12.9693460" lon="79.1577917"/>
 <node id="13916667498" visible="true" version="1" changeset="183765380" timestamp="2026-06-07T06:41:35Z" user="TheLNL" uid="21256080" lat="12.9691861" lon="79.1576989"/>
 <node id="13916667499" visible="true" version="1" changeset="183765380" timestamp="2026-06-07T06:41:35Z" user="TheLNL" uid="21256080" lat="12.9691845" lon="79.1577683"/>
 <node id="13916667500" visible="true" version="1" changeset="183765380" timestamp="2026-06-07T06:41:35Z" user="TheLNL" uid="21256080" lat="12.9692423" lon="79.1578043"/>
 <node id="13916669601" visible="true" version="1" changeset="183765380" timestamp="2026-06-07T06:41:35Z" user="TheLNL" uid="21256080" lat="12.9693016" lon="79.1577710"/>
 <node id="13916669602" visible="true" version="1" changeset="183765380" timestamp="2026-06-07T06:41:35Z" user="TheLNL" uid="21256080" lat="12.9693031" lon="79.1577016"/>
 <node id="13916669603" visible="true" version="1" changeset="183765380" timestamp="2026-06-07T06:41:35Z" user="TheLNL" uid="21256080" lat="12.9692454" lon="79.1576656"/>
 <node id="13916669604" visible="true" version="1" changeset="183765380" timestamp="2026-06-07T06:41:35Z" user="TheLNL" uid="21256080" lat="12.9693091" lon="79.1579727"/>
 <node id="13916669605" visible="true" version="1" changeset="183765380" timestamp="2026-06-07T06:41:35Z" user="TheLNL" uid="21256080" lat="12.9692613" lon="79.1578856"/>
 <node id="13916669606" visible="true" version="1" changeset="183765380" timestamp="2026-06-07T06:41:35Z" user="TheLNL" uid="21256080" lat="12.9692458" lon="79.1578748"/>
 <node id="13916669607" visible="true" version="1" changeset="183765380" timestamp="2026-06-07T06:41:35Z" user="TheLNL" uid="21256080" lat="12.9692310" lon="79.1580173"/>
 <node id="13916669608" visible="true" version="1" changeset="183765380" timestamp="2026-06-07T06:41:35Z" user="TheLNL" uid="21256080" lat="12.9691764" lon="79.1579791"/>
 <node id="13916669609" visible="true" version="1" changeset="183765380" timestamp="2026-06-07T06:41:35Z" user="TheLNL" uid="21256080" lat="12.9690423" lon="79.1576768"/>
 <node id="13916669610" visible="true" version="1" changeset="183765380" timestamp="2026-06-07T06:41:35Z" user="TheLNL" uid="21256080" lat="12.9690040" lon="79.1576763"/>
 <node id="13916669611" visible="true" version="1" changeset="183765380" timestamp="2026-06-07T06:41:35Z" user="TheLNL" uid="21256080" lat="12.9690851" lon="79.1575441"/>
 <node id="13916669612" visible="true" version="1" changeset="183765380" timestamp="2026-06-07T06:41:35Z" user="TheLNL" uid="21256080" lat="12.9691595" lon="79.1576797"/>
 <node id="13916669613" visible="true" version="1" changeset="183765380" timestamp="2026-06-07T06:41:35Z" user="TheLNL" uid="21256080" lat="12.9691591" lon="79.1577209"/>
 <node id="13916669614" visible="true" version="1" changeset="183765380" timestamp="2026-06-07T06:41:35Z" user="TheLNL" uid="21256080" lat="12.9690419" lon="79.1577196"/>
 <node id="13916669615" visible="true" version="1" changeset="183765380" timestamp="2026-06-07T06:41:35Z" user="TheLNL" uid="21256080" lat="12.9690049" lon="79.1575905"/>
 <node id="13916669616" visible="true" version="1" changeset="183765380" timestamp="2026-06-07T06:41:35Z" user="TheLNL" uid="21256080" lat="12.9692252" lon="79.1574981"/>
 <node id="13916669617" visible="true" version="1" changeset="183765380" timestamp="2026-06-07T06:41:35Z" user="TheLNL" uid="21256080" lat="12.9692804" lon="79.1575309"/>
 <node id="13916669618" visible="true" version="1" changeset="183765380" timestamp="2026-06-07T06:41:35Z" user="TheLNL" uid="21256080" lat="12.9692492" lon="79.1575863"/>
 <node id="13916669619" visible="true" version="1" changeset="183765380" timestamp="2026-06-07T06:41:35Z" user="TheLNL" uid="21256080" lat="12.9691924" lon="79.1574852"/>
 <node id="13916669620" visible="true" version="1" changeset="183765380" timestamp="2026-06-07T06:41:35Z" user="TheLNL" uid="21256080" lat="12.9692526" lon="79.1574497"/>
 <node id="13916669621" visible="true" version="1" changeset="183765380" timestamp="2026-06-07T06:41:35Z" user="TheLNL" uid="21256080" lat="12.9691585" lon="79.1577860"/>
 <node id="13916669622" visible="true" version="1" changeset="183765380" timestamp="2026-06-07T06:41:35Z" user="TheLNL" uid="21256080" lat="12.9691648" lon="79.1577910"/>
 <node id="13916669623" visible="true" version="1" changeset="183765380" timestamp="2026-06-07T06:41:35Z" user="TheLNL" uid="21256080" lat="12.9690745" lon="79.1579266"/>
 <node id="13916669624" visible="true" version="1" changeset="183765380" timestamp="2026-06-07T06:41:35Z" user="TheLNL" uid="21256080" lat="12.9689984" lon="79.1578782"/>
 <node id="13916669625" visible="true" version="1" changeset="183765380" timestamp="2026-06-07T06:41:35Z" user="TheLNL" uid="21256080" lat="12.9689987" lon="79.1577497"/>
 <node id="13916669626" visible="true" version="1" changeset="183765380" timestamp="2026-06-07T06:41:35Z" user="TheLNL" uid="21256080" lat="12.9691588" lon="79.1577501"/>
 <node id="13916669627" visible="true" version="1" changeset="183765380" timestamp="2026-06-07T06:41:35Z" user="TheLNL" uid="21256080" lat="12.9694081" lon="79.1576810"/>
 <node id="13916669628" visible="true" version="1" changeset="183765380" timestamp="2026-06-07T06:41:35Z" user="TheLNL" uid="21256080" lat="12.9694526" lon="79.1576811"/>
 <node id="13916669629" visible="true" version="1" changeset="183765380" timestamp="2026-06-07T06:41:35Z" user="TheLNL" uid="21256080" lat="12.9694525" lon="79.1577194"/>
 <node id="13916669630" visible="true" version="1" changeset="183765380" timestamp="2026-06-07T06:41:35Z" user="TheLNL" uid="21256080" lat="12.9694081" lon="79.1577193"/>
 <node id="13916669631" visible="true" version="1" changeset="183765380" timestamp="2026-06-07T06:41:35Z" user="TheLNL" uid="21256080" lat="12.9693304" lon="79.1576857"/>
 <node id="13916669632" visible="true" version="1" changeset="183765380" timestamp="2026-06-07T06:41:35Z" user="TheLNL" uid="21256080" lat="12.9693309" lon="79.1577191"/>
 <node id="13916669633" visible="true" version="1" changeset="183765380" timestamp="2026-06-07T06:41:35Z" user="TheLNL" uid="21256080" lat="12.9694783" lon="79.1577194"/>
 <node id="13916669634" visible="true" version="1" changeset="183765380" timestamp="2026-06-07T06:41:35Z" user="TheLNL" uid="21256080" lat="12.9694803" lon="79.1575989"/>
 <node id="13916669635" visible="true" version="1" changeset="183765380" timestamp="2026-06-07T06:41:35Z" user="TheLNL" uid="21256080" lat="12.9694042" lon="79.1575513"/>
 <node id="13916669636" visible="true" version="1" changeset="183765380" timestamp="2026-06-07T06:41:35Z" user="TheLNL" uid="21256080" lat="12.9693244" lon="79.1576817"/>
 <node id="13946181944" visible="true" version="1" changeset="184197722" timestamp="2026-06-16T19:38:38Z" user="TheLNL" uid="21256080" lat="12.9684136" lon="79.1585423"/>
 <node id="13946181945" visible="true" version="1" changeset="184197722" timestamp="2026-06-16T19:38:38Z" user="TheLNL" uid="21256080" lat="12.9684139" lon="79.1585243"/>
 <node id="13946181946" visible="true" version="1" changeset="184197722" timestamp="2026-06-16T19:38:38Z" user="TheLNL" uid="21256080" lat="12.9684139" lon="79.1584829"/>
 <node id="13946181947" visible="true" version="1" changeset="184197722" timestamp="2026-06-16T19:38:38Z" user="TheLNL" uid="21256080" lat="12.9684135" lon="79.1585136"/>
 <node id="13946181948" visible="true" version="1" changeset="184197722" timestamp="2026-06-16T19:38:38Z" user="TheLNL" uid="21256080" lat="12.9683812" lon="79.1585458"/>
 <node id="13946181949" visible="true" version="1" changeset="184197722" timestamp="2026-06-16T19:38:38Z" user="TheLNL" uid="21256080" lat="12.9683492" lon="79.1585454"/>
 <node id="13946181950" visible="true" version="1" changeset="184197722" timestamp="2026-06-16T19:38:38Z" user="TheLNL" uid="21256080" lat="12.9683815" lon="79.1585239"/>
 <node id="13946181951" visible="true" version="1" changeset="184197722" timestamp="2026-06-16T19:38:38Z" user="TheLNL" uid="21256080" lat="12.9683495" lon="79.1585234"/>
 <node id="13946181952" visible="true" version="1" changeset="184197722" timestamp="2026-06-16T19:38:38Z" user="TheLNL" uid="21256080" lat="12.9682645" lon="79.1585731"/>
 <node id="13946181953" visible="true" version="1" changeset="184197722" timestamp="2026-06-16T19:38:38Z" user="TheLNL" uid="21256080" lat="12.9682652" lon="79.1585222"/>
 <node id="13946181954" visible="true" version="1" changeset="184197722" timestamp="2026-06-16T19:38:38Z" user="TheLNL" uid="21256080" lat="12.9684399" lon="79.1584832"/>
 <node id="13946181955" visible="true" version="1" changeset="184197722" timestamp="2026-06-16T19:38:38Z" user="TheLNL" uid="21256080" lat="12.9683800" lon="79.1585132"/>
 <node id="13946181956" visible="true" version="1" changeset="184197722" timestamp="2026-06-16T19:38:38Z" user="TheLNL" uid="21256080" lat="12.9684391" lon="79.1585427"/>
 <node id="13946181957" visible="true" version="1" changeset="184197722" timestamp="2026-06-16T19:38:38Z" user="TheLNL" uid="21256080" lat="12.9683816" lon="79.1583991"/>
 <node id="13946181958" visible="true" version="1" changeset="184197722" timestamp="2026-06-16T19:38:38Z" user="TheLNL" uid="21256080" lat="12.9681208" lon="79.1583245"/>
 <node id="13946181959" visible="true" version="1" changeset="184197722" timestamp="2026-06-16T19:38:38Z" user="TheLNL" uid="21256080" lat="12.9681214" lon="79.1582854"/>
 <node id="13946181967" visible="true" version="1" changeset="184197722" timestamp="2026-06-16T19:38:38Z" user="TheLNL" uid="21256080" lat="12.9681268" lon="79.1578851"/>
 <node id="13946181968" visible="true" version="1" changeset="184197722" timestamp="2026-06-16T19:38:38Z" user="TheLNL" uid="21256080" lat="12.9681271" lon="79.1578611"/>
 <node id="13946184840" visible="true" version="1" changeset="184197722" timestamp="2026-06-16T19:38:38Z" user="TheLNL" uid="21256080" lat="12.9683860" lon="79.1579344"/>
 <node id="13946184841" visible="true" version="1" changeset="184197722" timestamp="2026-06-16T19:38:38Z" user="TheLNL" uid="21256080" lat="12.9684081" lon="79.1579342"/>
 <node id="13946184842" visible="true" version="1" changeset="184197722" timestamp="2026-06-16T19:38:38Z" user="TheLNL" uid="21256080" lat="12.9683975" lon="79.1579378"/>
 <node id="13946184843" visible="true" version="1" changeset="184197722" timestamp="2026-06-16T19:38:38Z" user="TheLNL" uid="21256080" lat="12.9683785" lon="79.1579247"/>
 <node id="13946184844" visible="true" version="1" changeset="184197722" timestamp="2026-06-16T19:38:38Z" user="TheLNL" uid="21256080" lat="12.9683789" lon="79.1578976"/>
 <node id="13946184845" visible="true" version="1" changeset="184197722" timestamp="2026-06-16T19:38:38Z" user="TheLNL" uid="21256080" lat="12.9683484" lon="79.1578972"/>
 <node id="13946184846" visible="true" version="1" changeset="184197722" timestamp="2026-06-16T19:38:38Z" user="TheLNL" uid="21256080" lat="12.9683482" lon="79.1579160"/>
 <node id="13946184847" visible="true" version="1" changeset="184197722" timestamp="2026-06-16T19:38:38Z" user="TheLNL" uid="21256080" lat="12.9683432" lon="79.1579160"/>
 <node id="13946184848" visible="true" version="1" changeset="184197722" timestamp="2026-06-16T19:38:38Z" user="TheLNL" uid="21256080" lat="12.9683430" lon="79.1579299"/>
 <node id="13946184849" visible="true" version="1" changeset="184197722" timestamp="2026-06-16T19:38:38Z" user="TheLNL" uid="21256080" lat="12.9684150" lon="79.1579252"/>
 <node id="13946184850" visible="true" version="1" changeset="184197722" timestamp="2026-06-16T19:38:38Z" user="TheLNL" uid="21256080" lat="12.9683182" lon="79.1579295"/>
 <node id="13946184851" visible="true" version="1" changeset="184197722" timestamp="2026-06-16T19:38:38Z" user="TheLNL" uid="21256080" lat="12.9684156" lon="79.1578819"/>
 <node id="13946184852" visible="true" version="1" changeset="184197722" timestamp="2026-06-16T19:38:38Z" user="TheLNL" uid="21256080" lat="12.9683189" lon="79.1578805"/>
 <node id="13946184853" visible="true" version="1" changeset="184197722" timestamp="2026-06-16T19:38:38Z" user="TheLNL" uid="21256080" lat="12.9684866" lon="79.1582808"/>
 <node id="13946184854" visible="true" version="1" changeset="184197722" timestamp="2026-06-16T19:38:38Z" user="TheLNL" uid="21256080" lat="12.9681829" lon="79.1582765"/>
 <node id="13946184855" visible="true" version="1" changeset="184197722" timestamp="2026-06-16T19:38:38Z" user="TheLNL" uid="21256080" lat="12.9681883" lon="79.1578787"/>
 <node id="13946184856" visible="true" version="1" changeset="184197722" timestamp="2026-06-16T19:38:38Z" user="TheLNL" uid="21256080" lat="12.9684920" lon="79.1578830"/>
 <node id="13946184857" visible="true" version="1" changeset="184197722" timestamp="2026-06-16T19:38:38Z" user="TheLNL" uid="21256080" lat="12.9682151" lon="79.1585724"/>
 <node id="13946184858" visible="true" version="1" changeset="184197722" timestamp="2026-06-16T19:38:38Z" user="TheLNL" uid="21256080" lat="12.9682182" lon="79.1583456"/>
 <node id="13946184859" visible="true" version="1" changeset="184197722" timestamp="2026-06-16T19:38:38Z" user="TheLNL" uid="21256080" lat="12.9684459" lon="79.1584000"/>
 <node id="13946184860" visible="true" version="1" changeset="184197722" timestamp="2026-06-16T19:38:38Z" user="TheLNL" uid="21256080" lat="12.9682114" lon="79.1583455"/>
 <node id="13946184861" visible="true" version="1" changeset="184197722" timestamp="2026-06-16T19:38:38Z" user="TheLNL" uid="21256080" lat="12.9682116" lon="79.1583269"/>
 <node id="13946184862" visible="true" version="1" changeset="184197722" timestamp="2026-06-16T19:38:38Z" user="TheLNL" uid="21256080" lat="12.9684468" lon="79.1583303"/>
 <node id="13946184863" visible="true" version="1" changeset="184197722" timestamp="2026-06-16T19:38:38Z" user="TheLNL" uid="21256080" lat="12.9681827" lon="79.1584132"/>
 <node id="13946184864" visible="true" version="1" changeset="184197722" timestamp="2026-06-16T19:38:38Z" user="TheLNL" uid="21256080" lat="12.9681874" lon="79.1584133"/>
 <node id="13946184865" visible="true" version="1" changeset="184197722" timestamp="2026-06-16T19:38:38Z" user="TheLNL" uid="21256080" lat="12.9684873" lon="79.1583787"/>
 <node id="13946184866" visible="true" version="1" changeset="184197722" timestamp="2026-06-16T19:38:38Z" user="TheLNL" uid="21256080" lat="12.9684880" lon="79.1583309"/>
 <node id="13946184867" visible="true" version="1" changeset="184197722" timestamp="2026-06-16T19:38:38Z" user="TheLNL" uid="21256080" lat="12.9681839" lon="79.1583266"/>
 <node id="13946184868" visible="true" version="1" changeset="184197722" timestamp="2026-06-16T19:38:38Z" user="TheLNL" uid="21256080" lat="12.9681863" lon="79.1584968"/>
 <node id="13946184869" visible="true" version="1" changeset="184197722" timestamp="2026-06-16T19:38:38Z" user="TheLNL" uid="21256080" lat="12.9681546" lon="79.1584091"/>
 <node id="13946184870" visible="true" version="1" changeset="184197722" timestamp="2026-06-16T19:38:38Z" user="TheLNL" uid="21256080" lat="12.9681550" lon="79.1583809"/>
 <node id="13946184871" visible="true" version="1" changeset="184197722" timestamp="2026-06-16T19:38:38Z" user="TheLNL" uid="21256080" lat="12.9681197" lon="79.1584086"/>
 <node id="13946184872" visible="true" version="1" changeset="184197722" timestamp="2026-06-16T19:38:38Z" user="TheLNL" uid="21256080" lat="12.9681201" lon="79.1583804"/>
 <node id="13946184873" visible="true" version="1" changeset="184197722" timestamp="2026-06-16T19:38:38Z" user="TheLNL" uid="21256080" lat="12.9681697" lon="79.1578247"/>
 <node id="13946184874" visible="true" version="1" changeset="184197722" timestamp="2026-06-16T19:38:38Z" user="TheLNL" uid="21256080" lat="12.9681698" lon="79.1578192"/>
 <node id="13946184875" visible="true" version="1" changeset="184197722" timestamp="2026-06-16T19:38:38Z" user="TheLNL" uid="21256080" lat="12.9685137" lon="79.1578329"/>
 <node id="13946184876" visible="true" version="1" changeset="184197722" timestamp="2026-06-16T19:38:38Z" user="TheLNL" uid="21256080" lat="12.9685138" lon="79.1578242"/>
 <node id="13946184877" visible="true" version="1" changeset="184197941" timestamp="2026-06-16T19:45:33Z" user="TheLNL" uid="21256080" lat="12.9684625" lon="79.1584960"/>
 <node id="13946184878" visible="true" version="1" changeset="184197941" timestamp="2026-06-16T19:45:33Z" user="TheLNL" uid="21256080" lat="12.9685854" lon="79.1584977"/>
 <node id="13946184879" visible="true" version="1" changeset="184197941" timestamp="2026-06-16T19:45:33Z" user="TheLNL" uid="21256080" lat="12.9681711" lon="79.1585501"/>
 <node id="13946184880" visible="true" version="1" changeset="184197941" timestamp="2026-06-16T19:45:33Z" user="TheLNL" uid="21256080" lat="12.9677006" lon="79.1585373"/>
 <node id="13946184881" visible="true" version="1" changeset="184197941" timestamp="2026-06-16T19:45:33Z" user="TheLNL" uid="21256080" lat="12.9676666" lon="79.1584428"/>
 <node id="13946184882" visible="true" version="1" changeset="184197941" timestamp="2026-06-16T19:45:33Z" user="TheLNL" uid="21256080" lat="12.9683162" lon="79.1562873"/>
 <node id="13946184883" visible="true" version="1" changeset="184197941" timestamp="2026-06-16T19:45:33Z" user="TheLNL" uid="21256080" lat="12.9683763" lon="79.1562558"/>
 <node id="13946184884" visible="true" version="1" changeset="184197941" timestamp="2026-06-16T19:45:33Z" user="TheLNL" uid="21256080" lat="12.9683570" lon="79.1562759"/>
 <node id="13946184885" visible="true" version="1" changeset="184197941" timestamp="2026-06-16T19:45:33Z" user="TheLNL" uid="21256080" lat="12.9682743" lon="79.1562869"/>
 <node id="13946184886" visible="true" version="1" changeset="184197941" timestamp="2026-06-16T19:45:33Z" user="TheLNL" uid="21256080" lat="12.9685012" lon="79.1562969"/>
 <node id="13946184887" visible="true" version="1" changeset="184197941" timestamp="2026-06-16T19:45:33Z" user="TheLNL" uid="21256080" lat="12.9685855" lon="79.1564172"/>
 <node id="13946184888" visible="true" version="1" changeset="184197941" timestamp="2026-06-16T19:45:33Z" user="TheLNL" uid="21256080" lat="12.9686359" lon="79.1564710"/>
 <node id="13946184889" visible="true" version="1" changeset="184197941" timestamp="2026-06-16T19:45:33Z" user="TheLNL" uid="21256080" lat="12.9685403" lon="79.1563587"/>
 <node id="13946184890" visible="true" version="1" changeset="184197941" timestamp="2026-06-16T19:45:33Z" user="TheLNL" uid="21256080" lat="12.9681489" lon="79.1562658"/>
 <node id="13947267517" visible="true" version="1" changeset="184217568" timestamp="2026-06-17T09:33:53Z" user="TheLNL" uid="21256080" lat="12.9692302" lon="79.1552211"/>
 <node id="13947267518" visible="true" version="1" changeset="184217568" timestamp="2026-06-17T09:33:53Z" user="TheLNL" uid="21256080" lat="12.9692380" lon="79.1552130"/>
 <node id="13947267519" visible="true" version="1" changeset="184217568" timestamp="2026-06-17T09:33:53Z" user="TheLNL" uid="21256080" lat="12.9692386" lon="79.1551906"/>
 <node id="13947267520" visible="true" version="1" changeset="184217568" timestamp="2026-06-17T09:33:53Z" user="TheLNL" uid="21256080" lat="12.9692310" lon="79.1551820"/>
 <node id="13947267521" visible="true" version="1" changeset="184217568" timestamp="2026-06-17T09:33:53Z" user="TheLNL" uid="21256080" lat="12.9692411" lon="79.1552020"/>
 <node id="13947267522" visible="true" version="1" changeset="184217568" timestamp="2026-06-17T09:33:53Z" user="TheLNL" uid="21256080" lat="12.9692203" lon="79.1551782"/>
 <node id="13947267523" visible="true" version="1" changeset="184217568" timestamp="2026-06-17T09:33:53Z" user="TheLNL" uid="21256080" lat="12.9692373" lon="79.1547514"/>
 <node id="13947267524" visible="true" version="1" changeset="184217568" timestamp="2026-06-17T09:33:53Z" user="TheLNL" uid="21256080" lat="12.9692442" lon="79.1547419"/>
 <node id="13947267525" visible="true" version="1" changeset="184217568" timestamp="2026-06-17T09:33:53Z" user="TheLNL" uid="21256080" lat="12.9692443" lon="79.1547189"/>
 <node id="13947267526" visible="true" version="1" changeset="184217568" timestamp="2026-06-17T09:33:53Z" user="TheLNL" uid="21256080" lat="12.9692377" lon="79.1547095"/>
 <node id="13947267527" visible="true" version="1" changeset="184217568" timestamp="2026-06-17T09:33:53Z" user="TheLNL" uid="21256080" lat="12.9692271" lon="79.1547571"/>
 <node id="13947267528" visible="true" version="1" changeset="184217568" timestamp="2026-06-17T09:33:53Z" user="TheLNL" uid="21256080" lat="12.9692467" lon="79.1547303"/>
 <node id="13947267529" visible="true" version="1" changeset="184217568" timestamp="2026-06-17T09:33:53Z" user="TheLNL" uid="21256080" lat="12.9702044" lon="79.1551917"/>
 <node id="13947267530" visible="true" version="1" changeset="184217568" timestamp="2026-06-17T09:33:53Z" user="TheLNL" uid="21256080" lat="12.9702043" lon="79.1552058"/>
 <node id="13947267531" visible="true" version="1" changeset="184217568" timestamp="2026-06-17T09:33:53Z" user="TheLNL" uid="21256080" lat="12.9702283" lon="79.1551919"/>
 <node id="13947267532" visible="true" version="1" changeset="184217568" timestamp="2026-06-17T09:33:53Z" user="TheLNL" uid="21256080" lat="12.9699397" lon="79.1551889"/>
 <node id="13947267533" visible="true" version="1" changeset="184217568" timestamp="2026-06-17T09:33:53Z" user="TheLNL" uid="21256080" lat="12.9700845" lon="79.1551903"/>
 <node id="13947267534" visible="true" version="1" changeset="184217568" timestamp="2026-06-17T09:33:53Z" user="TheLNL" uid="21256080" lat="12.9702503" lon="79.1551405"/>
 <node id="13947267535" visible="true" version="1" changeset="184217568" timestamp="2026-06-17T09:33:53Z" user="TheLNL" uid="21256080" lat="12.9702934" lon="79.1551463"/>
 <node id="13947267536" visible="true" version="1" changeset="184217568" timestamp="2026-06-17T09:33:53Z" user="TheLNL" uid="21256080" lat="12.9698213" lon="79.1544639"/>
 <node id="13947267537" visible="true" version="1" changeset="184217568" timestamp="2026-06-17T09:33:53Z" user="TheLNL" uid="21256080" lat="12.9700015" lon="79.1544657"/>
 <node id="13947267538" visible="true" version="1" changeset="184217568" timestamp="2026-06-17T09:33:53Z" user="TheLNL" uid="21256080" lat="12.9698215" lon="79.1544339"/>
 <node id="13947267539" visible="true" version="1" changeset="184217568" timestamp="2026-06-17T09:33:53Z" user="TheLNL" uid="21256080" lat="12.9700017" lon="79.1544357"/>
 <node id="13947267540" visible="true" version="1" changeset="184217568" timestamp="2026-06-17T09:33:53Z" user="TheLNL" uid="21256080" lat="12.9699770" lon="79.1543019"/>
 <node id="13947267541" visible="true" version="1" changeset="184217568" timestamp="2026-06-17T09:33:53Z" user="TheLNL" uid="21256080" lat="12.9700101" lon="79.1543022"/>
 <node id="13947267542" visible="true" version="1" changeset="184217568" timestamp="2026-06-17T09:33:53Z" user="TheLNL" uid="21256080" lat="12.9700452" lon="79.1543025"/>
 <node id="13947267543" visible="true" version="1" changeset="184217568" timestamp="2026-06-17T09:33:53Z" user="TheLNL" uid="21256080" lat="12.9700783" lon="79.1543028"/>
 <node id="13947267544" visible="true" version="1" changeset="184217568" timestamp="2026-06-17T09:33:53Z" user="TheLNL" uid="21256080" lat="12.9701129" lon="79.1543032"/>
 <node id="13947267545" visible="true" version="1" changeset="184217568" timestamp="2026-06-17T09:33:53Z" user="TheLNL" uid="21256080" lat="12.9701464" lon="79.1543035"/>
 <node id="13947267546" visible="true" version="1" changeset="184217568" timestamp="2026-06-17T09:33:53Z" user="TheLNL" uid="21256080" lat="12.9698733" lon="79.1542948"/>
 <node id="13947267547" visible="true" version="1" changeset="184217568" timestamp="2026-06-17T09:33:53Z" user="TheLNL" uid="21256080" lat="12.9699076" lon="79.1542951"/>
 <node id="13947267548" visible="true" version="1" changeset="184217568" timestamp="2026-06-17T09:33:53Z" user="TheLNL" uid="21256080" lat="12.9699003" lon="79.1542866"/>
 <node id="13947267549" visible="true" version="1" changeset="184217568" timestamp="2026-06-17T09:33:53Z" user="TheLNL" uid="21256080" lat="12.9699489" lon="79.1542886"/>
 <node id="13947267550" visible="true" version="1" changeset="184217568" timestamp="2026-06-17T09:33:53Z" user="TheLNL" uid="21256080" lat="12.9699422" lon="79.1542965"/>
 <node id="13947267551" visible="true" version="1" changeset="184217568" timestamp="2026-06-17T09:33:53Z" user="TheLNL" uid="21256080" lat="12.9699765" lon="79.1542968"/>
 <node id="13947267552" visible="true" version="1" changeset="184217568" timestamp="2026-06-17T09:33:53Z" user="TheLNL" uid="21256080" lat="12.9699692" lon="79.1542883"/>
 <node id="13947267553" visible="true" version="1" changeset="184217568" timestamp="2026-06-17T09:33:53Z" user="TheLNL" uid="21256080" lat="12.9699586" lon="79.1542854"/>
 <node id="13947267554" visible="true" version="1" changeset="184217568" timestamp="2026-06-17T09:33:53Z" user="TheLNL" uid="21256080" lat="12.9700172" lon="79.1542903"/>
 <node id="13947267555" visible="true" version="1" changeset="184217568" timestamp="2026-06-17T09:33:53Z" user="TheLNL" uid="21256080" lat="12.9700105" lon="79.1542981"/>
 <node id="13947267556" visible="true" version="1" changeset="184217568" timestamp="2026-06-17T09:33:53Z" user="TheLNL" uid="21256080" lat="12.9700448" lon="79.1542985"/>
 <node id="13947267557" visible="true" version="1" changeset="184217568" timestamp="2026-06-17T09:33:53Z" user="TheLNL" uid="21256080" lat="12.9700375" lon="79.1542900"/>
 <node id="13947267558" visible="true" version="1" changeset="184217568" timestamp="2026-06-17T09:33:53Z" user="TheLNL" uid="21256080" lat="12.9700268" lon="79.1542871"/>
 <node id="13947267559" visible="true" version="1" changeset="184217568" timestamp="2026-06-17T09:33:53Z" user="TheLNL" uid="21256080" lat="12.9700851" lon="79.1542930"/>
 <node id="13947267560" visible="true" version="1" changeset="184217568" timestamp="2026-06-17T09:33:53Z" user="TheLNL" uid="21256080" lat="12.9700785" lon="79.1543008"/>
 <node id="13947267561" visible="true" version="1" changeset="184217568" timestamp="2026-06-17T09:33:53Z" user="TheLNL" uid="21256080" lat="12.9701128" lon="79.1543012"/>
 <node id="13947267562" visible="true" version="1" changeset="184217568" timestamp="2026-06-17T09:33:53Z" user="TheLNL" uid="21256080" lat="12.9701055" lon="79.1542926"/>
 <node id="13947267563" visible="true" version="1" changeset="184217568" timestamp="2026-06-17T09:33:53Z" user="TheLNL" uid="21256080" lat="12.9700948" lon="79.1542898"/>
 <node id="13947267564" visible="true" version="1" changeset="184217568" timestamp="2026-06-17T09:33:53Z" user="TheLNL" uid="21256080" lat="12.9701531" lon="79.1542953"/>
 <node id="13947267565" visible="true" version="1" changeset="184217568" timestamp="2026-06-17T09:33:53Z" user="TheLNL" uid="21256080" lat="12.9701464" lon="79.1543032"/>
 <node id="13947267566" visible="true" version="1" changeset="184217568" timestamp="2026-06-17T09:33:53Z" user="TheLNL" uid="21256080" lat="12.9701807" lon="79.1543035"/>
 <node id="13947267567" visible="true" version="1" changeset="184217568" timestamp="2026-06-17T09:33:53Z" user="TheLNL" uid="21256080" lat="12.9701734" lon="79.1542950"/>
 <node id="13947267568" visible="true" version="1" changeset="184217568" timestamp="2026-06-17T09:33:53Z" user="TheLNL" uid="21256080" lat="12.9701628" lon="79.1542921"/>
 <node id="13947267569" visible="true" version="1" changeset="184217568" timestamp="2026-06-17T09:33:53Z" user="TheLNL" uid="21256080" lat="12.9702408" lon="79.1542959"/>
 <node id="13947267570" visible="true" version="1" changeset="184217568" timestamp="2026-06-17T09:33:53Z" user="TheLNL" uid="21256080" lat="12.9702204" lon="79.1542962"/>
 <node id="13947267571" visible="true" version="1" changeset="184217568" timestamp="2026-06-17T09:33:53Z" user="TheLNL" uid="21256080" lat="12.9702481" lon="79.1543044"/>
 <node id="13947267572" visible="true" version="1" changeset="184217568" timestamp="2026-06-17T09:33:53Z" user="TheLNL" uid="21256080" lat="12.9702301" lon="79.1542931"/>
 <node id="13947267573" visible="true" version="1" changeset="184217568" timestamp="2026-06-17T09:33:53Z" user="TheLNL" uid="21256080" lat="12.9702138" lon="79.1543041"/>
 <node id="13947267574" visible="true" version="1" changeset="184217568" timestamp="2026-06-17T09:33:53Z" user="TheLNL" uid="21256080" lat="12.9703039" lon="79.1543222"/>
 <node id="13947267575" visible="true" version="1" changeset="184217568" timestamp="2026-06-17T09:33:53Z" user="TheLNL" uid="21256080" lat="12.9702922" lon="79.1543049"/>
 <node id="13947267576" visible="true" version="1" changeset="184217568" timestamp="2026-06-17T09:33:53Z" user="TheLNL" uid="21256080" lat="12.9697721" lon="79.1543117"/>
 <node id="13947267577" visible="true" version="1" changeset="184217568" timestamp="2026-06-17T09:33:53Z" user="TheLNL" uid="21256080" lat="12.9698731" lon="79.1542951"/>
 <node id="13947267578" visible="true" version="1" changeset="184217568" timestamp="2026-06-17T09:33:53Z" user="TheLNL" uid="21256080" lat="12.9697710" lon="79.1544335"/>
 <node id="13947267579" visible="true" version="1" changeset="184217568" timestamp="2026-06-17T09:33:53Z" user="TheLNL" uid="21256080" lat="12.9702928" lon="79.1552067"/>
 <node id="13947267580" visible="true" version="1" changeset="184217568" timestamp="2026-06-17T09:33:53Z" user="TheLNL" uid="21256080" lat="12.9702288" lon="79.1551403"/>
 <node id="13947267581" visible="true" version="1" changeset="184217568" timestamp="2026-06-17T09:33:53Z" user="TheLNL" uid="21256080" lat="12.9697582" lon="79.1549118"/>
 <node id="13947267582" visible="true" version="1" changeset="184217568" timestamp="2026-06-17T09:33:53Z" user="TheLNL" uid="21256080" lat="12.9697577" lon="79.1549749"/>
 <node id="13947267583" visible="true" version="1" changeset="184217568" timestamp="2026-06-17T09:33:53Z" user="TheLNL" uid="21256080" lat="12.9696802" lon="79.1549110"/>
 <node id="13947267584" visible="true" version="1" changeset="184217568" timestamp="2026-06-17T09:33:53Z" user="TheLNL" uid="21256080" lat="12.9696796" lon="79.1549741"/>
 <node id="13947267585" visible="true" version="1" changeset="184217568" timestamp="2026-06-17T09:33:53Z" user="TheLNL" uid="21256080" lat="12.9697551" lon="79.1548839"/>
 <node id="13947267586" visible="true" version="1" changeset="184217568" timestamp="2026-06-17T09:33:53Z" user="TheLNL" uid="21256080" lat="12.9697465" lon="79.1548911"/>
 <node id="13947267587" visible="true" version="1" changeset="184217568" timestamp="2026-06-17T09:33:53Z" user="TheLNL" uid="21256080" lat="12.9697224" lon="79.1548929"/>
 <node id="13947267588" visible="true" version="1" changeset="184217568" timestamp="2026-06-17T09:33:53Z" user="TheLNL" uid="21256080" lat="12.9697112" lon="79.1548853"/>
 <node id="13947267589" visible="true" version="1" changeset="184217568" timestamp="2026-06-17T09:33:53Z" user="TheLNL" uid="21256080" lat="12.9697358" lon="79.1548945"/>
 <node id="13947267590" visible="true" version="1" changeset="184217568" timestamp="2026-06-17T09:33:53Z" user="TheLNL" uid="21256080" lat="12.9701570" lon="79.1547616"/>
 <node id="13947267591" visible="true" version="1" changeset="184217568" timestamp="2026-06-17T09:33:53Z" user="TheLNL" uid="21256080" lat="12.9701455" lon="79.1547543"/>
 <node id="13947267592" visible="true" version="1" changeset="184217568" timestamp="2026-06-17T09:33:53Z" user="TheLNL" uid="21256080" lat="12.9701213" lon="79.1547559"/>
 <node id="13947267593" visible="true" version="1" changeset="184217568" timestamp="2026-06-17T09:33:53Z" user="TheLNL" uid="21256080" lat="12.9701123" lon="79.1547629"/>
 <node id="13947267594" visible="true" version="1" changeset="184217568" timestamp="2026-06-17T09:33:53Z" user="TheLNL" uid="21256080" lat="12.9701321" lon="79.1547527"/>
 <node id="13947267595" visible="true" version="1" changeset="184217568" timestamp="2026-06-17T09:33:53Z" user="TheLNL" uid="21256080" lat="12.9701644" lon="79.1547732"/>
 <node id="13947267596" visible="true" version="1" changeset="184217568" timestamp="2026-06-17T09:33:53Z" user="TheLNL" uid="21256080" lat="12.9701063" lon="79.1547727"/>
 <node id="13947267597" visible="true" version="1" changeset="184217568" timestamp="2026-06-17T09:33:53Z" user="TheLNL" uid="21256080" lat="12.9701059" lon="79.1548081"/>
 <node id="13947267598" visible="true" version="1" changeset="184217568" timestamp="2026-06-17T09:33:53Z" user="TheLNL" uid="21256080" lat="12.9701641" lon="79.1548086"/>
 <node id="13947267599" visible="true" version="1" changeset="184217568" timestamp="2026-06-17T09:33:53Z" user="TheLNL" uid="21256080" lat="12.9699712" lon="79.1550436"/>
 <node id="13947267600" visible="true" version="1" changeset="184217568" timestamp="2026-06-17T09:33:53Z" user="TheLNL" uid="21256080" lat="12.9700395" lon="79.1550442"/>
 <node id="13947302701" visible="true" version="1" changeset="184217568" timestamp="2026-06-17T09:33:53Z" user="TheLNL" uid="21256080" lat="12.9700413" lon="79.1548476"/>
 <node id="13947302702" visible="true" version="1" changeset="184217568" timestamp="2026-06-17T09:33:53Z" user="TheLNL" uid="21256080" lat="12.9699730" lon="79.1548469"/>
 <node id="13947302703" visible="true" version="1" changeset="184217568" timestamp="2026-06-17T09:33:53Z" user="TheLNL" uid="21256080" lat="12.9700634" lon="79.1548478"/>
 <node id="13947302704" visible="true" version="1" changeset="184217568" timestamp="2026-06-17T09:33:53Z" user="TheLNL" uid="21256080" lat="12.9700635" lon="79.1548348"/>
 <node id="13947302705" visible="true" version="1" changeset="184217568" timestamp="2026-06-17T09:33:53Z" user="TheLNL" uid="21256080" lat="12.9699576" lon="79.1548468"/>
 <node id="13947302706" visible="true" version="1" changeset="184217568" timestamp="2026-06-17T09:33:53Z" user="TheLNL" uid="21256080" lat="12.9699580" lon="79.1548118"/>
 <node id="13947302707" visible="true" version="1" changeset="184217568" timestamp="2026-06-17T09:33:53Z" user="TheLNL" uid="21256080" lat="12.9701989" lon="79.1548090"/>
 <node id="13947302708" visible="true" version="1" changeset="184217568" timestamp="2026-06-17T09:33:53Z" user="TheLNL" uid="21256080" lat="12.9702075" lon="79.1548477"/>
 <node id="13947302709" visible="true" version="1" changeset="184217568" timestamp="2026-06-17T09:33:53Z" user="TheLNL" uid="21256080" lat="12.9696578" lon="79.1547273"/>
 <node id="13947302710" visible="true" version="1" changeset="184217568" timestamp="2026-06-17T09:33:53Z" user="TheLNL" uid="21256080" lat="12.9697044" lon="79.1548733"/>
 <node id="13947302711" visible="true" version="1" changeset="184217568" timestamp="2026-06-17T09:33:53Z" user="TheLNL" uid="21256080" lat="12.9699285" lon="79.1548042"/>
 <node id="13947302712" visible="true" version="1" changeset="184217568" timestamp="2026-06-17T09:33:53Z" user="TheLNL" uid="21256080" lat="12.9699432" lon="79.1548116"/>
 <node id="13947302713" visible="true" version="1" changeset="184217568" timestamp="2026-06-17T09:33:53Z" user="TheLNL" uid="21256080" lat="12.9696578" lon="79.1551677"/>
 <node id="13947302714" visible="true" version="1" changeset="184217568" timestamp="2026-06-17T09:33:53Z" user="TheLNL" uid="21256080" lat="12.9696784" lon="79.1551096"/>
 <node id="13947302715" visible="true" version="1" changeset="184217568" timestamp="2026-06-17T09:33:53Z" user="TheLNL" uid="21256080" lat="12.9698171" lon="79.1551110"/>
 <node id="13947302716" visible="true" version="1" changeset="184217568" timestamp="2026-06-17T09:33:53Z" user="TheLNL" uid="21256080" lat="12.9698355" lon="79.1551767"/>
 <node id="13947302717" visible="true" version="1" changeset="184217568" timestamp="2026-06-17T09:33:53Z" user="TheLNL" uid="21256080" lat="12.9700620" lon="79.1548498"/>
 <node id="13947302718" visible="true" version="1" changeset="184217568" timestamp="2026-06-17T09:33:53Z" user="TheLNL" uid="21256080" lat="12.9700804" lon="79.1548499"/>
 <node id="13947302719" visible="true" version="1" changeset="184217568" timestamp="2026-06-17T09:33:53Z" user="TheLNL" uid="21256080" lat="12.9700806" lon="79.1548378"/>
 <node id="13947302720" visible="true" version="1" changeset="184217568" timestamp="2026-06-17T09:33:53Z" user="TheLNL" uid="21256080" lat="12.9700613" lon="79.1549288"/>
 <node id="13947302721" visible="true" version="1" changeset="184217568" timestamp="2026-06-17T09:33:53Z" user="TheLNL" uid="21256080" lat="12.9700869" lon="79.1549291"/>
 <node id="13947302722" visible="true" version="1" changeset="184217568" timestamp="2026-06-17T09:33:53Z" user="TheLNL" uid="21256080" lat="12.9700877" lon="79.1548379"/>
 <node id="13947302723" visible="true" version="1" changeset="184217568" timestamp="2026-06-17T09:33:53Z" user="TheLNL" uid="21256080" lat="12.9700880" lon="79.1548079"/>
 <node id="13947302724" visible="true" version="1" changeset="184217568" timestamp="2026-06-17T09:33:53Z" user="TheLNL" uid="21256080" lat="12.9702041" lon="79.1552230"/>
 <node id="13947302725" visible="true" version="1" changeset="184217568" timestamp="2026-06-17T09:33:53Z" user="TheLNL" uid="21256080" lat="12.9700842" lon="79.1552219"/>
 <node id="13947302726" visible="true" version="1" changeset="184217568" timestamp="2026-06-17T09:33:53Z" user="TheLNL" uid="21256080" lat="12.9699403" lon="79.1551295"/>
 <node id="13947302727" visible="true" version="1" changeset="184217568" timestamp="2026-06-17T09:33:53Z" user="TheLNL" uid="21256080" lat="12.9700850" lon="79.1551309"/>
 <node id="13947302728" visible="true" version="1" changeset="184217568" timestamp="2026-06-17T09:33:53Z" user="TheLNL" uid="21256080" lat="12.9696577" lon="79.1551849"/>
 <node id="13947302729" visible="true" version="1" changeset="184217568" timestamp="2026-06-17T09:33:53Z" user="TheLNL" uid="21256080" lat="12.9698354" lon="79.1551866"/>
 <node id="13947302730" visible="true" version="1" changeset="184217568" timestamp="2026-06-17T09:33:53Z" user="TheLNL" uid="21256080" lat="12.9697047" lon="79.1548390"/>
 <node id="13947302731" visible="true" version="1" changeset="184217568" timestamp="2026-06-17T09:33:53Z" user="TheLNL" uid="21256080" lat="12.9696808" lon="79.1548388"/>
 <node id="13947302732" visible="true" version="1" changeset="184217568" timestamp="2026-06-17T09:33:53Z" user="TheLNL" uid="21256080" lat="12.9695329" lon="79.1551664"/>
 <node id="13947302733" visible="true" version="1" changeset="184217568" timestamp="2026-06-17T09:33:53Z" user="TheLNL" uid="21256080" lat="12.9695369" lon="79.1547261"/>
 <node id="13947302734" visible="true" version="1" changeset="184217568" timestamp="2026-06-17T09:33:53Z" user="TheLNL" uid="21256080" lat="12.9697605" lon="79.1548738"/>
 <node id="13947302735" visible="true" version="1" changeset="184217568" timestamp="2026-06-17T09:33:53Z" user="TheLNL" uid="21256080" lat="12.9697610" lon="79.1548287"/>
 <node id="13947302736" visible="true" version="1" changeset="184217568" timestamp="2026-06-17T09:33:53Z" user="TheLNL" uid="21256080" lat="12.9699398" lon="79.1551777"/>
 <node id="13947302737" visible="true" version="1" changeset="184217568" timestamp="2026-06-17T09:33:53Z" user="TheLNL" uid="21256080" lat="12.9698199" lon="79.1548032"/>
 <node id="13947302738" visible="true" version="1" changeset="184217568" timestamp="2026-06-17T09:33:53Z" user="TheLNL" uid="21256080" lat="12.9698034" lon="79.1546201"/>
 <node id="13947302739" visible="true" version="1" changeset="184217568" timestamp="2026-06-17T09:33:53Z" user="TheLNL" uid="21256080" lat="12.9698024" lon="79.1547266"/>
 <node id="13947302740" visible="true" version="1" changeset="184217568" timestamp="2026-06-17T09:33:53Z" user="TheLNL" uid="21256080" lat="12.9699529" lon="79.1546115"/>
 <node id="13947302741" visible="true" version="1" changeset="184217568" timestamp="2026-06-17T09:33:53Z" user="TheLNL" uid="21256080" lat="12.9700757" lon="79.1546205"/>
 <node id="13947302742" visible="true" version="1" changeset="184217568" timestamp="2026-06-17T09:33:53Z" user="TheLNL" uid="21256080" lat="12.9700747" lon="79.1547354"/>
 <node id="13947302743" visible="true" version="1" changeset="184217568" timestamp="2026-06-17T09:33:53Z" user="TheLNL" uid="21256080" lat="12.9700738" lon="79.1548349"/>
 <node id="13947302744" visible="true" version="1" changeset="184217568" timestamp="2026-06-17T09:33:53Z" user="TheLNL" uid="21256080" lat="12.9699537" lon="79.1545317"/>
 <node id="13947302745" visible="true" version="1" changeset="184217568" timestamp="2026-06-17T09:33:53Z" user="TheLNL" uid="21256080" lat="12.9700765" lon="79.1545329"/>
 <node id="13947302746" visible="true" version="1" changeset="184217568" timestamp="2026-06-17T09:33:53Z" user="TheLNL" uid="21256080" lat="12.9699303" lon="79.1546113"/>
 <node id="13947302747" visible="true" version="1" changeset="184217568" timestamp="2026-06-17T09:33:53Z" user="TheLNL" uid="21256080" lat="12.9699292" lon="79.1547278"/>
 <node id="13947302748" visible="true" version="1" changeset="184217568" timestamp="2026-06-17T09:33:53Z" user="TheLNL" uid="21256080" lat="12.9699302" lon="79.1546213"/>
 <node id="13947302749" visible="true" version="1" changeset="184217568" timestamp="2026-06-17T09:33:53Z" user="TheLNL" uid="21256080" lat="12.9698034" lon="79.1546189"/>
 <node id="13947302750" visible="true" version="1" changeset="184217568" timestamp="2026-06-17T09:33:53Z" user="TheLNL" uid="21256080" lat="12.9698024" lon="79.1547289"/>
 <node id="13947302751" visible="true" version="1" changeset="184217568" timestamp="2026-06-17T09:33:53Z" user="TheLNL" uid="21256080" lat="12.9697877" lon="79.1546097"/>
 <node id="13947302752" visible="true" version="1" changeset="184217568" timestamp="2026-06-17T09:33:53Z" user="TheLNL" uid="21256080" lat="12.9697882" lon="79.1545460"/>
 <node id="13947302753" visible="true" version="1" changeset="184217568" timestamp="2026-06-17T09:33:53Z" user="TheLNL" uid="21256080" lat="12.9698035" lon="79.1546099"/>
 <node id="13947302754" visible="true" version="1" changeset="184217568" timestamp="2026-06-17T09:33:53Z" user="TheLNL" uid="21256080" lat="12.9698060" lon="79.1545462"/>
 <node id="13947302755" visible="true" version="1" changeset="184217568" timestamp="2026-06-17T09:33:53Z" user="TheLNL" uid="21256080" lat="12.9698015" lon="79.1548291"/>
 <node id="13947302756" visible="true" version="1" changeset="184217568" timestamp="2026-06-17T09:33:53Z" user="TheLNL" uid="21256080" lat="12.9698061" lon="79.1545303"/>
 <node id="13947302757" visible="true" version="1" changeset="184217568" timestamp="2026-06-17T09:33:53Z" user="TheLNL" uid="21256080" lat="12.9702282" lon="79.1544693"/>
 <node id="13947302758" visible="true" version="1" changeset="184217568" timestamp="2026-06-17T09:33:53Z" user="TheLNL" uid="21256080" lat="12.9700733" lon="79.1544678"/>
 <node id="13947302759" visible="true" version="1" changeset="184217568" timestamp="2026-06-17T09:33:53Z" user="TheLNL" uid="21256080" lat="12.9702282" lon="79.1544742"/>
 <node id="13947302760" visible="true" version="1" changeset="184217568" timestamp="2026-06-17T09:33:53Z" user="TheLNL" uid="21256080" lat="12.9700733" lon="79.1544710"/>
 <node id="13947302761" visible="true" version="1" changeset="184217568" timestamp="2026-06-17T09:33:53Z" user="TheLNL" uid="21256080" lat="12.9696596" lon="79.1545289"/>
 <node id="13947302762" visible="true" version="1" changeset="184217568" timestamp="2026-06-17T09:33:53Z" user="TheLNL" uid="21256080" lat="12.9702047" lon="79.1545341"/>
 <node id="13947302763" visible="true" version="1" changeset="184217568" timestamp="2026-06-17T09:33:53Z" user="TheLNL" uid="21256080" lat="12.9702045" lon="79.1545561"/>
 <node id="13947302764" visible="true" version="1" changeset="184217568" timestamp="2026-06-17T09:33:53Z" user="TheLNL" uid="21256080" lat="12.9702255" lon="79.1545563"/>
 <node id="13947302765" visible="true" version="1" changeset="184217568" timestamp="2026-06-17T09:33:53Z" user="TheLNL" uid="21256080" lat="12.9701984" lon="79.1546217"/>
 <node id="13947302766" visible="true" version="1" changeset="184217568" timestamp="2026-06-17T09:33:53Z" user="TheLNL" uid="21256080" lat="12.9701984" lon="79.1546177"/>
 <node id="13947302767" visible="true" version="1" changeset="184217568" timestamp="2026-06-17T09:33:53Z" user="TheLNL" uid="21256080" lat="12.9701995" lon="79.1547366"/>
 <node id="13947302768" visible="true" version="1" changeset="184217568" timestamp="2026-06-17T09:33:53Z" user="TheLNL" uid="21256080" lat="12.9702249" lon="79.1546179"/>
 <node id="13947302769" visible="true" version="1" changeset="184217568" timestamp="2026-06-17T09:33:53Z" user="TheLNL" uid="21256080" lat="12.9702530" lon="79.1548482"/>
 <node id="13947302770" visible="true" version="1" changeset="184217568" timestamp="2026-06-17T09:33:53Z" user="TheLNL" uid="21256080" lat="12.9703418" lon="79.1544753"/>
 <node id="13947302771" visible="true" version="1" changeset="184217568" timestamp="2026-06-17T09:33:53Z" user="TheLNL" uid="21256080" lat="12.9703357" lon="79.1551467"/>
 <node id="13947302772" visible="true" version="1" changeset="184217568" timestamp="2026-06-17T09:33:53Z" user="TheLNL" uid="21256080" lat="12.9696602" lon="79.1544670"/>
 <node id="13947302773" visible="true" version="1" changeset="184217568" timestamp="2026-06-17T09:33:53Z" user="TheLNL" uid="21256080" lat="12.9695923" lon="79.1546880"/>
 <node id="13947302774" visible="true" version="1" changeset="184217568" timestamp="2026-06-17T09:33:53Z" user="TheLNL" uid="21256080" lat="12.9695920" lon="79.1547108"/>
 <node id="13947302775" visible="true" version="1" changeset="184217568" timestamp="2026-06-17T09:33:53Z" user="TheLNL" uid="21256080" lat="12.9695084" lon="79.1547094"/>
 <node id="13947302776" visible="true" version="1" changeset="184217568" timestamp="2026-06-17T09:33:53Z" user="TheLNL" uid="21256080" lat="12.9695073" lon="79.1547733"/>
 <node id="13947925121" visible="true" version="1" changeset="184231187" timestamp="2026-06-17T15:12:52Z" user="TheLNL" uid="21256080" lat="12.9705049" lon="79.1639828"/>
 <node id="13947925122" visible="true" version="1" changeset="184231187" timestamp="2026-06-17T15:12:52Z" user="TheLNL" uid="21256080" lat="12.9707517" lon="79.1642952"/>
 <node id="13947925123" visible="true" version="1" changeset="184231187" timestamp="2026-06-17T15:12:52Z" user="TheLNL" uid="21256080" lat="12.9705985" lon="79.1642322"/>
 <node id="13947925124" visible="true" version="1" changeset="184231187" timestamp="2026-06-17T15:12:52Z" user="TheLNL" uid="21256080" lat="12.9706224" lon="79.1642130"/>
 <node id="13947925125" visible="true" version="1" changeset="184231187" timestamp="2026-06-17T15:12:52Z" user="TheLNL" uid="21256080" lat="12.9704693" lon="79.1640113"/>
 <node id="13947925126" visible="true" version="1" changeset="184231187" timestamp="2026-06-17T15:12:52Z" user="TheLNL" uid="21256080" lat="12.9706985" lon="79.1643606"/>
 <node id="13947925127" visible="true" version="1" changeset="184231187" timestamp="2026-06-17T15:12:52Z" user="TheLNL" uid="21256080" lat="12.9712033" lon="79.1641808"/>
 <node id="13947925128" visible="true" version="1" changeset="184231187" timestamp="2026-06-17T15:12:52Z" user="TheLNL" uid="21256080" lat="12.9712495" lon="79.1641438"/>
 <node id="13947925129" visible="true" version="1" changeset="184231187" timestamp="2026-06-17T15:12:52Z" user="TheLNL" uid="21256080" lat="12.9712367" lon="79.1641269"/>
 <node id="13947925130" visible="true" version="1" changeset="184231187" timestamp="2026-06-17T15:12:52Z" user="TheLNL" uid="21256080" lat="12.9711905" lon="79.1641638"/>
 <node id="13947925131" visible="true" version="1" changeset="184231187" timestamp="2026-06-17T15:12:52Z" user="TheLNL" uid="21256080" lat="12.9713748" lon="79.1634711"/>
 <node id="13947925132" visible="true" version="1" changeset="184231187" timestamp="2026-06-17T15:12:52Z" user="TheLNL" uid="21256080" lat="12.9714553" lon="79.1635772"/>
 <node id="13947925133" visible="true" version="1" changeset="184231187" timestamp="2026-06-17T15:12:52Z" user="TheLNL" uid="21256080" lat="12.9713464" lon="79.1636643"/>
 <node id="13947925134" visible="true" version="1" changeset="184231187" timestamp="2026-06-17T15:12:52Z" user="TheLNL" uid="21256080" lat="12.9712658" lon="79.1635582"/>
 <node id="13947925135" visible="true" version="1" changeset="184231187" timestamp="2026-06-17T15:12:52Z" user="TheLNL" uid="21256080" lat="12.9713148" lon="79.1636747"/>
 <node id="13947925136" visible="true" version="1" changeset="184231187" timestamp="2026-06-17T15:12:52Z" user="TheLNL" uid="21256080" lat="12.9712431" lon="79.1635802"/>
 <node id="13947925137" visible="true" version="1" changeset="184231187" timestamp="2026-06-17T15:12:52Z" user="TheLNL" uid="21256080" lat="12.9712635" lon="79.1637157"/>
 <node id="13947925138" visible="true" version="1" changeset="184231187" timestamp="2026-06-17T15:12:52Z" user="TheLNL" uid="21256080" lat="12.9711917" lon="79.1636212"/>
 <node id="13947925139" visible="true" version="1" changeset="184231187" timestamp="2026-06-17T15:12:52Z" user="TheLNL" uid="21256080" lat="12.9709744" lon="79.1640707"/>
 <node id="13947925140" visible="true" version="1" changeset="184231187" timestamp="2026-06-17T15:12:52Z" user="TheLNL" uid="21256080" lat="12.9709793" lon="79.1640667"/>
 <node id="13947925141" visible="true" version="1" changeset="184231187" timestamp="2026-06-17T15:12:52Z" user="TheLNL" uid="21256080" lat="12.9710031" lon="79.1640976"/>
 <node id="13947925142" visible="true" version="1" changeset="184231187" timestamp="2026-06-17T15:12:52Z" user="TheLNL" uid="21256080" lat="12.9709720" lon="79.1641228"/>
 <node id="13947925143" visible="true" version="1" changeset="184231187" timestamp="2026-06-17T15:12:52Z" user="TheLNL" uid="21256080" lat="12.9709651" lon="79.1641139"/>
 <node id="13947925144" visible="true" version="1" changeset="184231187" timestamp="2026-06-17T15:12:52Z" user="TheLNL" uid="21256080" lat="12.9707917" lon="79.1638369"/>
 <node id="13947925145" visible="true" version="1" changeset="184231187" timestamp="2026-06-17T15:12:52Z" user="TheLNL" uid="21256080" lat="12.9707486" lon="79.1638359"/>
 <node id="13947925146" visible="true" version="1" changeset="184231187" timestamp="2026-06-17T15:12:52Z" user="TheLNL" uid="21256080" lat="12.9707418" lon="79.1638269"/>
 <node id="13947925147" visible="true" version="1" changeset="184231187" timestamp="2026-06-17T15:12:52Z" user="TheLNL" uid="21256080" lat="12.9707731" lon="79.1638019"/>
 <node id="13947925148" visible="true" version="1" changeset="184231187" timestamp="2026-06-17T15:12:52Z" user="TheLNL" uid="21256080" lat="12.9707967" lon="79.1638330"/>
 <node id="13947925149" visible="true" version="1" changeset="184231187" timestamp="2026-06-17T15:12:52Z" user="TheLNL" uid="21256080" lat="12.9707291" lon="79.1639730"/>
 <node id="13947925150" visible="true" version="1" changeset="184231187" timestamp="2026-06-17T15:12:52Z" user="TheLNL" uid="21256080" lat="12.9707253" lon="79.1640102"/>
 <node id="13947925151" visible="true" version="1" changeset="184231187" timestamp="2026-06-17T15:12:52Z" user="TheLNL" uid="21256080" lat="12.9707841" lon="79.1640844"/>
 <node id="13947925152" visible="true" version="1" changeset="184231187" timestamp="2026-06-17T15:12:52Z" user="TheLNL" uid="21256080" lat="12.9708242" lon="79.1640887"/>
 <node id="13947925153" visible="true" version="1" changeset="184231187" timestamp="2026-06-17T15:12:52Z" user="TheLNL" uid="21256080" lat="12.9708202" lon="79.1641281"/>
 <node id="13947925154" visible="true" version="1" changeset="184231187" timestamp="2026-06-17T15:12:52Z" user="TheLNL" uid="21256080" lat="12.9707388" lon="79.1641195"/>
 <node id="13947925155" visible="true" version="1" changeset="184231187" timestamp="2026-06-17T15:12:52Z" user="TheLNL" uid="21256080" lat="12.9706839" lon="79.1640503"/>
 <node id="13947925156" visible="true" version="1" changeset="184231187" timestamp="2026-06-17T15:12:52Z" user="TheLNL" uid="21256080" lat="12.9706921" lon="79.1639691"/>
 <node id="13947925157" visible="true" version="1" changeset="184231187" timestamp="2026-06-17T15:12:52Z" user="TheLNL" uid="21256080" lat="12.9709701" lon="79.1639780"/>
 <node id="13947925158" visible="true" version="1" changeset="184231187" timestamp="2026-06-17T15:12:52Z" user="TheLNL" uid="21256080" lat="12.9710013" lon="79.1639530"/>
 <node id="13947925159" visible="true" version="1" changeset="184231187" timestamp="2026-06-17T15:12:52Z" user="TheLNL" uid="21256080" lat="12.9709453" lon="79.1639454"/>
 <node id="13947925160" visible="true" version="1" changeset="184231187" timestamp="2026-06-17T15:12:52Z" user="TheLNL" uid="21256080" lat="12.9709824" lon="79.1639158"/>
 <node id="13947925161" visible="true" version="1" changeset="184231187" timestamp="2026-06-17T15:12:52Z" user="TheLNL" uid="21256080" lat="12.9710659" lon="79.1637347"/>
 <node id="13947925162" visible="true" version="1" changeset="184231187" timestamp="2026-06-17T15:12:52Z" user="TheLNL" uid="21256080" lat="12.9710274" lon="79.1637655"/>
 <node id="13947925163" visible="true" version="1" changeset="184231187" timestamp="2026-06-17T15:12:52Z" user="TheLNL" uid="21256080" lat="12.9709031" lon="79.1638113"/>
 <node id="13947925164" visible="true" version="1" changeset="184231187" timestamp="2026-06-17T15:12:52Z" user="TheLNL" uid="21256080" lat="12.9710086" lon="79.1639626"/>
 <node id="13947925165" visible="true" version="1" changeset="184231187" timestamp="2026-06-17T15:12:52Z" user="TheLNL" uid="21256080" lat="12.9711134" lon="79.1638788"/>
 <node id="13947925166" visible="true" version="1" changeset="184231187" timestamp="2026-06-17T15:12:52Z" user="TheLNL" uid="21256080" lat="12.9710407" lon="79.1637014"/>
 <node id="13947925167" visible="true" version="1" changeset="184231187" timestamp="2026-06-17T15:12:52Z" user="TheLNL" uid="21256080" lat="12.9707915" lon="79.1642634"/>
 <node id="13947925168" visible="true" version="1" changeset="184231187" timestamp="2026-06-17T15:12:52Z" user="TheLNL" uid="21256080" lat="12.9707511" lon="79.1643071"/>
 <node id="13947925169" visible="true" version="1" changeset="184231187" timestamp="2026-06-17T15:12:52Z" user="TheLNL" uid="21256080" lat="12.9705319" lon="79.1640056"/>
 <node id="13947925170" visible="true" version="1" changeset="184231187" timestamp="2026-06-17T15:12:52Z" user="TheLNL" uid="21256080" lat="12.9705670" lon="79.1639775"/>
 <node id="13947925171" visible="true" version="1" changeset="184231187" timestamp="2026-06-17T15:12:52Z" user="TheLNL" uid="21256080" lat="12.9705642" lon="79.1638010"/>
 <node id="13947925172" visible="true" version="1" changeset="184231187" timestamp="2026-06-17T15:12:52Z" user="TheLNL" uid="21256080" lat="12.9705714" lon="79.1638105"/>
 <node id="13947925173" visible="true" version="1" changeset="184231187" timestamp="2026-06-17T15:12:52Z" user="TheLNL" uid="21256080" lat="12.9707094" lon="79.1637002"/>
 <node id="13947925174" visible="true" version="1" changeset="184231187" timestamp="2026-06-17T15:12:52Z" user="TheLNL" uid="21256080" lat="12.9707333" lon="79.1637318"/>
 <node id="13947925175" visible="true" version="1" changeset="184231187" timestamp="2026-06-17T15:12:52Z" user="TheLNL" uid="21256080" lat="12.9708213" lon="79.1636614"/>
 <node id="13947925176" visible="true" version="1" changeset="184231187" timestamp="2026-06-17T15:12:52Z" user="TheLNL" uid="21256080" lat="12.9708727" lon="79.1637290"/>
 <node id="13947925177" visible="true" version="1" changeset="184231187" timestamp="2026-06-17T15:12:52Z" user="TheLNL" uid="21256080" lat="12.9709103" lon="79.1636990"/>
 <node id="13947925178" visible="true" version="1" changeset="184231187" timestamp="2026-06-17T15:12:52Z" user="TheLNL" uid="21256080" lat="12.9708364" lon="79.1636017"/>
 <node id="13947925179" visible="true" version="1" changeset="184231187" timestamp="2026-06-17T15:12:52Z" user="TheLNL" uid="21256080" lat="12.9709303" lon="79.1634708"/>
 <node id="13947925180" visible="true" version="1" changeset="184231187" timestamp="2026-06-17T15:12:52Z" user="TheLNL" uid="21256080" lat="12.9709215" lon="79.1634591"/>
 <node id="13947925181" visible="true" version="1" changeset="184231187" timestamp="2026-06-17T15:12:52Z" user="TheLNL" uid="21256080" lat="12.9709441" lon="79.1634598"/>
 <node id="13947925182" visible="true" version="1" changeset="184231187" timestamp="2026-06-17T15:12:52Z" user="TheLNL" uid="21256080" lat="12.9709292" lon="79.1634401"/>
 <node id="13947925183" visible="true" version="1" changeset="184231187" timestamp="2026-06-17T15:12:52Z" user="TheLNL" uid="21256080" lat="12.9709732" lon="79.1634049"/>
 <node id="13947925184" visible="true" version="1" changeset="184231187" timestamp="2026-06-17T15:12:52Z" user="TheLNL" uid="21256080" lat="12.9708698" lon="79.1635005"/>
 <node id="13947925185" visible="true" version="1" changeset="184231187" timestamp="2026-06-17T15:12:52Z" user="TheLNL" uid="21256080" lat="12.9709049" lon="79.1635469"/>
 <node id="13947925186" visible="true" version="1" changeset="184231187" timestamp="2026-06-17T15:12:52Z" user="TheLNL" uid="21256080" lat="12.9710095" lon="79.1634527"/>
 <node id="13947925187" visible="true" version="1" changeset="184231187" timestamp="2026-06-17T15:12:52Z" user="TheLNL" uid="21256080" lat="12.9713182" lon="79.1638025"/>
 <node id="13947925188" visible="true" version="1" changeset="184231187" timestamp="2026-06-17T15:12:52Z" user="TheLNL" uid="21256080" lat="12.9713251" lon="79.1637969"/>
 <node id="13947925189" visible="true" version="1" changeset="184231187" timestamp="2026-06-17T15:12:52Z" user="TheLNL" uid="21256080" lat="12.9711297" lon="79.1635561"/>
 <node id="13947925190" visible="true" version="1" changeset="184231187" timestamp="2026-06-17T15:12:52Z" user="TheLNL" uid="21256080" lat="12.9711376" lon="79.1635498"/>
 <node id="13947925191" visible="true" version="1" changeset="184231187" timestamp="2026-06-17T15:12:52Z" user="TheLNL" uid="21256080" lat="12.9713485" lon="79.1638424"/>
 <node id="13947925192" visible="true" version="1" changeset="184231187" timestamp="2026-06-17T15:12:52Z" user="TheLNL" uid="21256080" lat="12.9711074" lon="79.1635267"/>
 <node id="13947925193" visible="true" version="1" changeset="184231187" timestamp="2026-06-17T15:12:52Z" user="TheLNL" uid="21256080" lat="12.9711227" lon="79.1635144"/>
 <node id="13947925194" visible="true" version="1" changeset="184231187" timestamp="2026-06-17T15:12:52Z" user="TheLNL" uid="21256080" lat="12.9713630" lon="79.1638308"/>
 <node id="13947925195" visible="true" version="1" changeset="184231187" timestamp="2026-06-17T15:12:52Z" user="TheLNL" uid="21256080" lat="12.9709521" lon="79.1642912"/>
 <node id="13947925196" visible="true" version="1" changeset="184231187" timestamp="2026-06-17T15:12:52Z" user="TheLNL" uid="21256080" lat="12.9709682" lon="79.1643125"/>
 <node id="13947925197" visible="true" version="1" changeset="184231187" timestamp="2026-06-17T15:12:52Z" user="TheLNL" uid="21256080" lat="12.9711168" lon="79.1642227"/>
 <node id="13947925198" visible="true" version="1" changeset="184231187" timestamp="2026-06-17T15:12:52Z" user="TheLNL" uid="21256080" lat="12.9713154" lon="79.1640639"/>
 <node id="13947925199" visible="true" version="1" changeset="184231187" timestamp="2026-06-17T15:12:52Z" user="TheLNL" uid="21256080" lat="12.9710870" lon="79.1641834"/>
 <node id="13947925200" visible="true" version="1" changeset="184231187" timestamp="2026-06-17T15:12:52Z" user="TheLNL" uid="21256080" lat="12.9713018" lon="79.1640459"/>
 <node id="13951973377" visible="true" version="1" changeset="184314247" timestamp="2026-06-19T12:40:36Z" user="TheLNL" uid="21256080" lat="12.9717118" lon="79.1646570"/>
 <node id="13951973378" visible="true" version="1" changeset="184314247" timestamp="2026-06-19T12:40:36Z" user="TheLNL" uid="21256080" lat="12.9715262" lon="79.1647106"/>
 <node id="13951973379" visible="true" version="1" changeset="184314247" timestamp="2026-06-19T12:40:36Z" user="TheLNL" uid="21256080" lat="12.9714932" lon="79.1645904"/>
 <node id="13951973380" visible="true" version="1" changeset="184314247" timestamp="2026-06-19T12:40:36Z" user="TheLNL" uid="21256080" lat="12.9716788" lon="79.1645367"/>
 <node id="13957149657" visible="true" version="1" changeset="184420235" timestamp="2026-06-22T08:17:20Z" user="TheLNL" uid="21256080" lat="12.9692730" lon="79.1535403"/>
 <node id="13957149658" visible="true" version="1" changeset="184420235" timestamp="2026-06-22T08:17:20Z" user="TheLNL" uid="21256080" lat="12.9693064" lon="79.1536953"/>
 <node id="13957149659" visible="true" version="1" changeset="184420235" timestamp="2026-06-22T08:17:20Z" user="TheLNL" uid="21256080" lat="12.9694739" lon="79.1536573"/>
 <node id="13957149660" visible="true" version="1" changeset="184420235" timestamp="2026-06-22T08:17:20Z" user="TheLNL" uid="21256080" lat="12.9694406" lon="79.1535024"/>
 <node id="13957149661" visible="true" version="1" changeset="184420235" timestamp="2026-06-22T08:17:20Z" user="TheLNL" uid="21256080" lat="12.9694115" lon="79.1533378"/>
 <node id="13957149662" visible="true" version="1" changeset="184420235" timestamp="2026-06-22T08:17:20Z" user="TheLNL" uid="21256080" lat="12.9695447" lon="79.1539861"/>
 <node id="13957149663" visible="true" version="1" changeset="184420235" timestamp="2026-06-22T08:17:20Z" user="TheLNL" uid="21256080" lat="12.9695865" lon="79.1532654"/>
 <node id="13957149664" visible="true" version="1" changeset="184420235" timestamp="2026-06-22T08:17:20Z" user="TheLNL" uid="21256080" lat="12.9694508" lon="79.1533048"/>
 <node id="13957149665" visible="true" version="1" changeset="184420235" timestamp="2026-06-22T08:17:20Z" user="TheLNL" uid="21256080" lat="12.9694479" lon="79.1532923"/>
 <node id="13957149666" visible="true" version="1" changeset="184420235" timestamp="2026-06-22T08:17:20Z" user="TheLNL" uid="21256080" lat="12.9694122" lon="79.1533010"/>
 <node id="13957149667" visible="true" version="1" changeset="184420235" timestamp="2026-06-22T08:17:20Z" user="TheLNL" uid="21256080" lat="12.9694055" lon="79.1533397"/>
 <node id="13957149668" visible="true" version="1" changeset="184420235" timestamp="2026-06-22T08:17:20Z" user="TheLNL" uid="21256080" lat="12.9696381" lon="79.1539635"/>
 <node id="13957149669" visible="true" version="1" changeset="184420235" timestamp="2026-06-22T08:17:20Z" user="TheLNL" uid="21256080" lat="12.9697524" lon="79.1539574"/>
 <node id="13957149670" visible="true" version="1" changeset="184420235" timestamp="2026-06-22T08:17:20Z" user="TheLNL" uid="21256080" lat="12.9696406" lon="79.1532810"/>
 <node id="13957149671" visible="true" version="1" changeset="184420235" timestamp="2026-06-22T08:17:20Z" user="TheLNL" uid="21256080" lat="12.9696490" lon="79.1532789"/>
 <node id="13957149672" visible="true" version="1" changeset="184420235" timestamp="2026-06-22T08:17:20Z" user="TheLNL" uid="21256080" lat="12.9696387" lon="79.1532359"/>
 <node id="13957149673" visible="true" version="1" changeset="184420235" timestamp="2026-06-22T08:17:20Z" user="TheLNL" uid="21256080" lat="12.9695825" lon="79.1532500"/>
 <node id="13957149674" visible="true" version="1" changeset="184420235" timestamp="2026-06-22T08:17:20Z" user="TheLNL" uid="21256080" lat="12.9698676" lon="79.1538712"/>
 <node id="13957149675" visible="true" version="1" changeset="184420235" timestamp="2026-06-22T08:17:20Z" user="TheLNL" uid="21256080" lat="12.9697657" lon="79.1538739"/>
 <node id="13957149676" visible="true" version="1" changeset="184420235" timestamp="2026-06-22T08:17:20Z" user="TheLNL" uid="21256080" lat="12.9697642" lon="79.1538139"/>
 <node id="13957149677" visible="true" version="1" changeset="184420235" timestamp="2026-06-22T08:17:20Z" user="TheLNL" uid="21256080" lat="12.9698661" lon="79.1538113"/>
 <node id="13957149678" visible="true" version="1" changeset="184420235" timestamp="2026-06-22T08:17:20Z" user="TheLNL" uid="21256080" lat="12.9697704" lon="79.1537115"/>
 <node id="13957149679" visible="true" version="1" changeset="184420235" timestamp="2026-06-22T08:17:20Z" user="TheLNL" uid="21256080" lat="12.9699703" lon="79.1537035"/>
 <node id="13957149680" visible="true" version="1" changeset="184420235" timestamp="2026-06-22T08:17:20Z" user="TheLNL" uid="21256080" lat="12.9699727" lon="79.1537643"/>
 <node id="13957149681" visible="true" version="1" changeset="184420235" timestamp="2026-06-22T08:17:20Z" user="TheLNL" uid="21256080" lat="12.9697727" lon="79.1537724"/>
 <node id="13957149682" visible="true" version="1" changeset="184420235" timestamp="2026-06-22T08:17:20Z" user="TheLNL" uid="21256080" lat="12.9698489" lon="79.1534101"/>
 <node id="13957149683" visible="true" version="1" changeset="184420235" timestamp="2026-06-22T08:17:20Z" user="TheLNL" uid="21256080" lat="12.9698909" lon="79.1534100"/>
 <node id="13957149684" visible="true" version="1" changeset="184420235" timestamp="2026-06-22T08:17:20Z" user="TheLNL" uid="21256080" lat="12.9698492" lon="79.1534796"/>
 <node id="13957149685" visible="true" version="1" changeset="184420235" timestamp="2026-06-22T08:17:20Z" user="TheLNL" uid="21256080" lat="12.9698911" lon="79.1534794"/>
 <node id="13957149686" visible="true" version="1" changeset="184420235" timestamp="2026-06-22T08:17:20Z" user="TheLNL" uid="21256080" lat="12.9698042" lon="79.1534797"/>
 <node id="13957149687" visible="true" version="1" changeset="184420235" timestamp="2026-06-22T08:17:20Z" user="TheLNL" uid="21256080" lat="12.9698039" lon="79.1534103"/>
 <node id="13957149688" visible="true" version="1" changeset="184420235" timestamp="2026-06-22T08:17:20Z" user="TheLNL" uid="21256080" lat="12.9698974" lon="79.1534099"/>
 <node id="13957149689" visible="true" version="1" changeset="184420235" timestamp="2026-06-22T08:17:20Z" user="TheLNL" uid="21256080" lat="12.9698977" lon="79.1534794"/>
 <node id="13957149690" visible="true" version="1" changeset="184420235" timestamp="2026-06-22T08:17:20Z" user="TheLNL" uid="21256080" lat="12.9698907" lon="79.1533647"/>
 <node id="13957149691" visible="true" version="1" changeset="184420235" timestamp="2026-06-22T08:17:20Z" user="TheLNL" uid="21256080" lat="12.9698487" lon="79.1533649"/>
 <node id="13957149692" visible="true" version="1" changeset="184420235" timestamp="2026-06-22T08:17:20Z" user="TheLNL" uid="21256080" lat="12.9699805" lon="79.1533643"/>
 <node id="13957149693" visible="true" version="1" changeset="184420235" timestamp="2026-06-22T08:17:20Z" user="TheLNL" uid="21256080" lat="12.9699798" lon="79.1531823"/>
 <node id="13957149694" visible="true" version="1" changeset="184420235" timestamp="2026-06-22T08:17:20Z" user="TheLNL" uid="21256080" lat="12.9697250" lon="79.1531833"/>
 <node id="13957149695" visible="true" version="1" changeset="184420235" timestamp="2026-06-22T08:17:20Z" user="TheLNL" uid="21256080" lat="12.9697257" lon="79.1533653"/>
 <node id="13957149696" visible="true" version="1" changeset="184420235" timestamp="2026-06-22T08:17:20Z" user="TheLNL" uid="21256080" lat="12.9698913" lon="79.1535218"/>
 <node id="13957149697" visible="true" version="1" changeset="184420235" timestamp="2026-06-22T08:17:20Z" user="TheLNL" uid="21256080" lat="12.9698917" lon="79.1536460"/>
 <node id="13957149698" visible="true" version="1" changeset="184420235" timestamp="2026-06-22T08:17:20Z" user="TheLNL" uid="21256080" lat="12.9698493" lon="79.1535219"/>
 <node id="13957149699" visible="true" version="1" changeset="184420235" timestamp="2026-06-22T08:17:20Z" user="TheLNL" uid="21256080" lat="12.9698498" lon="79.1536462"/>
 <node id="13957149700" visible="true" version="1" changeset="184420235" timestamp="2026-06-22T08:17:20Z" user="TheLNL" uid="21256080" lat="12.9698499" lon="79.1536651"/>
 <node id="13957261801" visible="true" version="1" changeset="184420235" timestamp="2026-06-22T08:17:20Z" user="TheLNL" uid="21256080" lat="12.9698918" lon="79.1536649"/>
 <node id="13957261802" visible="true" version="1" changeset="184420235" timestamp="2026-06-22T08:17:20Z" user="TheLNL" uid="21256080" lat="12.9699718" lon="79.1536457"/>
 <node id="13957261803" visible="true" version="1" changeset="184420235" timestamp="2026-06-22T08:17:20Z" user="TheLNL" uid="21256080" lat="12.9697697" lon="79.1536465"/>
 <node id="13957261804" visible="true" version="1" changeset="184420235" timestamp="2026-06-22T08:17:20Z" user="TheLNL" uid="21256080" lat="12.9697693" lon="79.1535222"/>
 <node id="13957261805" visible="true" version="1" changeset="184420235" timestamp="2026-06-22T08:17:20Z" user="TheLNL" uid="21256080" lat="12.9699713" lon="79.1535214"/>
 <node id="13963300431" visible="true" version="1" changeset="184548450" timestamp="2026-06-24T21:47:19Z" user="TheLNL" uid="21256080" lat="12.9689088" lon="79.1539585"/>
 <node id="13963300435" visible="true" version="1" changeset="184548450" timestamp="2026-06-24T21:47:19Z" user="TheLNL" uid="21256080" lat="12.9693684" lon="79.1542895"/>
 <node id="13963300442" visible="true" version="1" changeset="184548450" timestamp="2026-06-24T21:47:19Z" user="TheLNL" uid="21256080" lat="12.9685108" lon="79.1540033"/>
 <node id="13963300447" visible="true" version="1" changeset="184548450" timestamp="2026-06-24T21:47:19Z" user="TheLNL" uid="21256080" lat="12.9689523" lon="79.1542185"/>
 <node id="13963300449" visible="true" version="1" changeset="184548450" timestamp="2026-06-24T21:47:19Z" user="TheLNL" uid="21256080" lat="12.9685974" lon="79.1537795"/>
 <node id="13963300450" visible="true" version="1" changeset="184548450" timestamp="2026-06-24T21:47:19Z" user="TheLNL" uid="21256080" lat="12.9686429" lon="79.1540850"/>
 <node id="13963300451" visible="true" version="1" changeset="184548450" timestamp="2026-06-24T21:47:19Z" user="TheLNL" uid="21256080" lat="12.9688766" lon="79.1537201"/>
 <node id="13963300456" visible="true" version="1" changeset="184548450" timestamp="2026-06-24T21:47:19Z" user="TheLNL" uid="21256080" lat="12.9689997" lon="79.1544689"/>
 <node id="13963300459" visible="true" version="1" changeset="184548450" timestamp="2026-06-24T21:47:19Z" user="TheLNL" uid="21256080" lat="12.9753381" lon="79.1568042"/>
 <node id="13963300463" visible="true" version="1" changeset="184548450" timestamp="2026-06-24T21:47:19Z" user="TheLNL" uid="21256080" lat="12.9692437" lon="79.1535768"/>
 <node id="13963300465" visible="true" version="1" changeset="184548450" timestamp="2026-06-24T21:47:19Z" user="TheLNL" uid="21256080" lat="12.9687034" lon="79.1541260"/>
 <node id="14021323242" visible="true" version="1" changeset="185881561" timestamp="2026-07-17T03:42:30Z" user="TheLNL" uid="21256080" lat="12.9746926" lon="79.1645131"/>
 <node id="14021323243" visible="true" version="1" changeset="185881561" timestamp="2026-07-17T03:42:30Z" user="TheLNL" uid="21256080" lat="12.9747186" lon="79.1639158"/>
 <node id="14021323245" visible="true" version="1" changeset="185881561" timestamp="2026-07-17T03:42:30Z" user="TheLNL" uid="21256080" lat="12.9746007" lon="79.1642604"/>
 <node id="14021323248" visible="true" version="1" changeset="185881561" timestamp="2026-07-17T03:42:30Z" user="TheLNL" uid="21256080" lat="12.9746489" lon="79.1642133"/>
 <node id="14021323249" visible="true" version="1" changeset="185881561" timestamp="2026-07-17T03:42:30Z" user="TheLNL" uid="21256080" lat="12.9746376" lon="79.1641760"/>
 <node id="14021323250" visible="true" version="1" changeset="185881561" timestamp="2026-07-17T03:42:30Z" user="TheLNL" uid="21256080" lat="12.9745532" lon="79.1642583"/>
 <node id="14021323251" visible="true" version="1" changeset="185881561" timestamp="2026-07-17T03:42:30Z" user="TheLNL" uid="21256080" lat="12.9729778" lon="79.1641699"/>
 <node id="14021323252" visible="true" version="1" changeset="185881561" timestamp="2026-07-17T03:42:30Z" user="TheLNL" uid="21256080" lat="12.9729813" lon="79.1642034"/>
 <node id="14021323253" visible="true" version="1" changeset="185881561" timestamp="2026-07-17T03:42:30Z" user="TheLNL" uid="21256080" lat="12.9731196" lon="79.1642249"/>
 <node id="14021323267" visible="true" version="1" changeset="185881561" timestamp="2026-07-17T03:42:30Z" user="TheLNL" uid="21256080" lat="12.9731001" lon="79.1643359"/>
 <node id="14021323268" visible="true" version="1" changeset="185881561" timestamp="2026-07-17T03:42:30Z" user="TheLNL" uid="21256080" lat="12.9730888" lon="79.1642281"/>
 <node id="14021323269" visible="true" version="1" changeset="185881561" timestamp="2026-07-17T03:42:30Z" user="TheLNL" uid="21256080" lat="12.9729851" lon="79.1642395"/>
 <node id="14021323270" visible="true" version="1" changeset="185881561" timestamp="2026-07-17T03:42:30Z" user="TheLNL" uid="21256080" lat="12.9729963" lon="79.1643473"/>
 <node id="14021323271" visible="true" version="1" changeset="185881561" timestamp="2026-07-17T03:42:30Z" user="TheLNL" uid="21256080" lat="12.9727541" lon="79.1643419"/>
 <node id="14021323272" visible="true" version="1" changeset="185881561" timestamp="2026-07-17T03:42:30Z" user="TheLNL" uid="21256080" lat="12.9728552" lon="79.1643283"/>
 <node id="14021323273" visible="true" version="1" changeset="185881561" timestamp="2026-07-17T03:42:30Z" user="TheLNL" uid="21256080" lat="12.9727583" lon="79.1643747"/>
 <node id="14021323274" visible="true" version="1" changeset="185881561" timestamp="2026-07-17T03:42:30Z" user="TheLNL" uid="21256080" lat="12.9728594" lon="79.1643610"/>
 <node id="14021323275" visible="true" version="1" changeset="185881561" timestamp="2026-07-17T03:42:30Z" user="TheLNL" uid="21256080" lat="12.9728052" lon="79.1640174"/>
 <node id="14021323276" visible="true" version="1" changeset="185881561" timestamp="2026-07-17T03:42:30Z" user="TheLNL" uid="21256080" lat="12.9727150" lon="79.1640295"/>
 <node id="14021323277" visible="true" version="1" changeset="185881561" timestamp="2026-07-17T03:42:30Z" user="TheLNL" uid="21256080" lat="12.9727111" lon="79.1639988"/>
 <node id="14021323278" visible="true" version="1" changeset="185881561" timestamp="2026-07-17T03:42:30Z" user="TheLNL" uid="21256080" lat="12.9728012" lon="79.1639866"/>
 <node id="14021323279" visible="true" version="1" changeset="185881561" timestamp="2026-07-17T03:42:30Z" user="TheLNL" uid="21256080" lat="12.9728899" lon="79.1643569"/>
 <node id="14021323280" visible="true" version="1" changeset="185881561" timestamp="2026-07-17T03:42:30Z" user="TheLNL" uid="21256080" lat="12.9728419" lon="79.1639812"/>
 <node id="14021323281" visible="true" version="1" changeset="185881561" timestamp="2026-07-17T03:42:30Z" user="TheLNL" uid="21256080" lat="12.9726593" lon="79.1640058"/>
 <node id="14021323282" visible="true" version="1" changeset="185881561" timestamp="2026-07-17T03:42:30Z" user="TheLNL" uid="21256080" lat="12.9727074" lon="79.1643815"/>
 <node id="14021323283" visible="true" version="1" changeset="185881561" timestamp="2026-07-17T03:42:30Z" user="TheLNL" uid="21256080" lat="12.9725906" lon="79.1640134"/>
 <node id="14021323284" visible="true" version="1" changeset="185881561" timestamp="2026-07-17T03:42:30Z" user="TheLNL" uid="21256080" lat="12.9725998" lon="79.1640123"/>
 <node id="14021323285" visible="true" version="1" changeset="185881561" timestamp="2026-07-17T03:42:30Z" user="TheLNL" uid="21256080" lat="12.9726299" lon="79.1643903"/>
 <node id="14021323286" visible="true" version="1" changeset="185881561" timestamp="2026-07-17T03:42:30Z" user="TheLNL" uid="21256080" lat="12.9726569" lon="79.1643874"/>
 <node id="14021323287" visible="true" version="1" changeset="185881561" timestamp="2026-07-17T03:42:30Z" user="TheLNL" uid="21256080" lat="12.9726629" lon="79.1639421"/>
 <node id="14021323288" visible="true" version="1" changeset="185881561" timestamp="2026-07-17T03:42:30Z" user="TheLNL" uid="21256080" lat="12.9726614" lon="79.1639275"/>
 <node id="14021323289" visible="true" version="1" changeset="185881561" timestamp="2026-07-17T03:42:30Z" user="TheLNL" uid="21256080" lat="12.9728213" lon="79.1639151"/>
 <node id="14021323290" visible="true" version="1" changeset="185881561" timestamp="2026-07-17T03:42:30Z" user="TheLNL" uid="21256080" lat="12.9728207" lon="79.1639100"/>
 <node id="14021323291" visible="true" version="1" changeset="185881561" timestamp="2026-07-17T03:42:30Z" user="TheLNL" uid="21256080" lat="12.9726634" lon="79.1644488"/>
 <node id="14021323292" visible="true" version="1" changeset="185881561" timestamp="2026-07-17T03:42:30Z" user="TheLNL" uid="21256080" lat="12.9727192" lon="79.1644426"/>
 <node id="14021323293" visible="true" version="1" changeset="185881561" timestamp="2026-07-17T03:42:30Z" user="TheLNL" uid="21256080" lat="12.9728914" lon="79.1639657"/>
 <node id="14021323294" visible="true" version="1" changeset="185881561" timestamp="2026-07-17T03:42:30Z" user="TheLNL" uid="21256080" lat="12.9729320" lon="79.1639612"/>
 <node id="14021323295" visible="true" version="1" changeset="185881561" timestamp="2026-07-17T03:42:30Z" user="TheLNL" uid="21256080" lat="12.9729521" lon="79.1641536"/>
 <node id="14021323296" visible="true" version="1" changeset="185881561" timestamp="2026-07-17T03:42:30Z" user="TheLNL" uid="21256080" lat="12.9729758" lon="79.1641510"/>
 <node id="14021323297" visible="true" version="1" changeset="185881561" timestamp="2026-07-17T03:42:30Z" user="TheLNL" uid="21256080" lat="12.9728854" lon="79.1639081"/>
 <node id="14021323298" visible="true" version="1" changeset="185881561" timestamp="2026-07-17T03:42:30Z" user="TheLNL" uid="21256080" lat="12.9725933" lon="79.1639498"/>
 <node id="14021323299" visible="true" version="1" changeset="185881561" timestamp="2026-07-17T03:42:30Z" user="TheLNL" uid="21256080" lat="12.9727210" lon="79.1644603"/>
 <node id="14021323300" visible="true" version="1" changeset="185881561" timestamp="2026-07-17T03:42:30Z" user="TheLNL" uid="21256080" lat="12.9730049" lon="79.1644291"/>
 <node id="14021329001" visible="true" version="1" changeset="185881561" timestamp="2026-07-17T03:42:30Z" user="TheLNL" uid="21256080" lat="12.9743995" lon="79.1642281"/>
 <node id="14021329002" visible="true" version="1" changeset="185881561" timestamp="2026-07-17T03:42:30Z" user="TheLNL" uid="21256080" lat="12.9734577" lon="79.1641863"/>
 <node id="14021329003" visible="true" version="1" changeset="185881561" timestamp="2026-07-17T03:42:30Z" user="TheLNL" uid="21256080" lat="12.9743985" lon="79.1642514"/>
 <node id="14021329004" visible="true" version="1" changeset="185881561" timestamp="2026-07-17T03:42:30Z" user="TheLNL" uid="21256080" lat="12.9734568" lon="79.1642096"/>
 <node id="14021329005" visible="true" version="1" changeset="185881561" timestamp="2026-07-17T03:42:30Z" user="TheLNL" uid="21256080" lat="12.9731649" lon="79.1642116"/>
 <node id="14021329006" visible="true" version="1" changeset="185881561" timestamp="2026-07-17T03:42:30Z" user="TheLNL" uid="21256080" lat="12.9731629" lon="79.1642603"/>
 <node id="14021329007" visible="true" version="1" changeset="185881561" timestamp="2026-07-17T03:42:30Z" user="TheLNL" uid="21256080" lat="12.9731980" lon="79.1642618"/>
 <node id="14021329008" visible="true" version="1" changeset="185881561" timestamp="2026-07-17T03:42:30Z" user="TheLNL" uid="21256080" lat="12.9733012" lon="79.1642027"/>
 <node id="14021329009" visible="true" version="1" changeset="185881561" timestamp="2026-07-17T03:42:30Z" user="TheLNL" uid="21256080" lat="12.9732877" lon="79.1641837"/>
 <node id="14021329010" visible="true" version="1" changeset="185881561" timestamp="2026-07-17T03:42:30Z" user="TheLNL" uid="21256080" lat="12.9746555" lon="79.1642629"/>
 <node id="14021329011" visible="true" version="1" changeset="185881561" timestamp="2026-07-17T03:42:30Z" user="TheLNL" uid="21256080" lat="12.9731932" lon="79.1643756"/>
 <node id="14021329012" visible="true" version="1" changeset="185881561" timestamp="2026-07-17T03:42:30Z" user="TheLNL" uid="21256080" lat="12.9746480" lon="79.1644402"/>
 <way id="70674255" visible="true" version="24" changeset="178974876" timestamp="2026-02-24T07:49:48Z" user="Thiru Blue Star" uid="23820566">
  <nd ref="5126040184"/>
  <nd ref="13346669077"/>
  <nd ref="5126040185"/>
  <nd ref="5126040186"/>
  <nd ref="5126040187"/>
  <nd ref="5126040189"/>
  <nd ref="5126040190"/>
  <nd ref="5126039565"/>
  <nd ref="5126040191"/>
  <nd ref="5126040192"/>
  <nd ref="5126040193"/>
  <nd ref="5126040194"/>
  <nd ref="5126040195"/>
  <nd ref="5126040196"/>
  <nd ref="5125995847"/>
  <nd ref="5125995848"/>
  <nd ref="5125995849"/>
  <nd ref="5125995850"/>
  <nd ref="5064786972"/>
  <nd ref="5064786973"/>
  <nd ref="5064786974"/>
  <nd ref="5357881922"/>
  <nd ref="5064786975"/>
  <nd ref="5064786978"/>
  <nd ref="4533468674"/>
  <tag k="electrified" v="contact_line"/>
  <tag k="frequency" v="50"/>
  <tag k="gauge" v="1676"/>
  <tag k="maxspeed" v="130"/>
  <tag k="passenger_lines" v="2"/>
  <tag k="railway" v="rail"/>
  <tag k="railway:preferred_direction" v="forward"/>
  <tag k="usage" v="main"/>
  <tag k="voltage" v="25000"/>
 </way>
 <way id="89186541" visible="true" version="3" changeset="184197941" timestamp="2026-06-16T19:45:33Z" user="TheLNL" uid="21256080">
  <nd ref="1034973038"/>
  <nd ref="1034973039"/>
  <nd ref="1034973051"/>
  <nd ref="1034973055"/>
  <nd ref="1034973048"/>
  <nd ref="13946184878"/>
  <nd ref="13946184877"/>
  <tag k="highway" v="residential"/>
  <tag k="surface" v="asphalt"/>
 </way>
 <way id="89186542" visible="true" version="8" changeset="183384353" timestamp="2026-05-30T06:09:39Z" user="TheLNL" uid="21256080">
  <nd ref="1034973049"/>
  <nd ref="10946016478"/>
  <nd ref="2794450032"/>
  <nd ref="1034973057"/>
  <nd ref="10219868359"/>
  <tag k="highway" v="residential"/>
  <tag k="maxspeed" v="20"/>
  <tag k="maxspeed:type" v="sign"/>
  <tag k="surface" v="asphalt"/>
 </way>
 <way id="89186543" visible="true" version="9" changeset="174897320" timestamp="2025-11-20T09:22:40Z" user="PalMaper" uid="13262539">
  <nd ref="1035470407"/>
  <nd ref="1035469399"/>
  <nd ref="1035519614"/>
  <nd ref="1035519605"/>
  <nd ref="13318878738"/>
  <nd ref="1034973040"/>
  <nd ref="13318878757"/>
  <nd ref="13318878759"/>
  <nd ref="1035520071"/>
  <tag k="highway" v="unclassified"/>
  <tag k="surface" v="asphalt"/>
 </way>
 <way id="89209577" visible="true" version="8" changeset="150160731" timestamp="2024-04-18T07:48:31Z" user="uknown-gryphus" uid="2425805">
  <nd ref="1035400436"/>
  <nd ref="1035391382"/>
  <nd ref="5125995861"/>
  <nd ref="1626952183"/>
  <tag k="highway" v="residential"/>
 </way>
 <way id="89209578" visible="true" version="6" changeset="150160731" timestamp="2024-04-18T07:48:31Z" user="uknown-gryphus" uid="2425805">
  <nd ref="1064555883"/>
  <nd ref="1035400436"/>
  <nd ref="1035415361"/>
  <nd ref="1035391385"/>
  <nd ref="1035448738"/>
  <nd ref="1035404684"/>
  <nd ref="1035415354"/>
  <nd ref="1035415352"/>
  <tag k="highway" v="residential"/>
 </way>
 <way id="89210994" visible="true" version="13" changeset="185881561" timestamp="2026-07-17T03:42:30Z" user="TheLNL" uid="21256080">
  <nd ref="14021323243"/>
  <nd ref="6869329073"/>
  <nd ref="2538150549"/>
  <nd ref="1035421345"/>
  <nd ref="6869329074"/>
  <nd ref="11869181427"/>
  <nd ref="5494070736"/>
  <nd ref="1035421343"/>
  <nd ref="5494070737"/>
  <nd ref="1035421359"/>
  <nd ref="4137466086"/>
  <nd ref="1035421347"/>
  <nd ref="1035448715"/>
  <nd ref="1035448740"/>
  <tag k="highway" v="residential"/>
 </way>
 <way id="89211465" visible="true" version="4" changeset="150160731" timestamp="2024-04-18T07:48:31Z" user="uknown-gryphus" uid="2425805">
  <nd ref="1035448738"/>
  <nd ref="1035426774"/>
  <nd ref="11827076669"/>
  <nd ref="1035448737"/>
  <nd ref="11827076674"/>
  <nd ref="1035426767"/>
  <nd ref="1035415352"/>
  <tag k="highway" v="residential"/>
 </way>
 <way id="89211583" visible="true" version="3" changeset="6634231" timestamp="2010-12-12T11:05:10Z" user="adivik2000" uid="250196">
  <nd ref="1035426767"/>
  <nd ref="1035448740"/>
  <nd ref="1035448736"/>
  <nd ref="1035448735"/>
  <nd ref="1035454035"/>
  <nd ref="1035454039"/>
  <tag k="highway" v="residential"/>
 </way>
 <way id="89212792" visible="true" version="4" changeset="150160731" timestamp="2024-04-18T07:48:31Z" user="uknown-gryphus" uid="2425805">
  <nd ref="1035448736"/>
  <nd ref="1035426773"/>
  <nd ref="5318046592"/>
  <nd ref="1035426772"/>
  <nd ref="1035458427"/>
  <tag k="highway" v="residential"/>
 </way>
 <way id="89212793" visible="true" version="1" changeset="6634231" timestamp="2010-12-12T11:03:03Z" user="adivik2000" uid="250196">
  <nd ref="1035448734"/>
  <nd ref="1035448737"/>
  <tag k="highway" v="residential"/>
 </way>
 <way id="89212794" visible="true" version="2" changeset="150160731" timestamp="2024-04-18T07:48:31Z" user="uknown-gryphus" uid="2425805">
  <nd ref="1035448715"/>
  <nd ref="1035421346"/>
  <nd ref="1035421348"/>
  <nd ref="1035415358"/>
  <nd ref="1035415373"/>
  <nd ref="11827076668"/>
  <nd ref="1035415364"/>
  <nd ref="1035415370"/>
  <nd ref="1035415356"/>
  <nd ref="1035415367"/>
  <nd ref="1035415361"/>
  <tag k="highway" v="residential"/>
 </way>
 <way id="89213621" visible="true" version="1" changeset="6634231" timestamp="2010-12-12T11:07:20Z" user="adivik2000" uid="250196">
  <nd ref="1035458427"/>
  <nd ref="1035426765"/>
  <nd ref="1035426763"/>
  <nd ref="1035426769"/>
  <nd ref="1035426775"/>
  <nd ref="1035426771"/>
  <nd ref="1035421341"/>
  <nd ref="1035421355"/>
  <nd ref="1035421344"/>
  <nd ref="1035421357"/>
  <nd ref="1035421359"/>
  <tag k="highway" v="residential"/>
 </way>
 <way id="89215251" visible="true" version="5" changeset="150160731" timestamp="2024-04-18T07:48:31Z" user="uknown-gryphus" uid="2425805">
  <nd ref="1035469401"/>
  <nd ref="1035513574"/>
  <nd ref="1035481799"/>
  <tag k="highway" v="unclassified"/>
  <tag k="surface" v="asphalt"/>
 </way>
 <way id="89215252" visible="true" version="5" changeset="150160731" timestamp="2024-04-18T07:48:31Z" user="uknown-gryphus" uid="2425805">
  <nd ref="1035470403"/>
  <nd ref="1035469397"/>
  <nd ref="10219868322"/>
  <nd ref="1035470407"/>
  <nd ref="1035469398"/>
  <tag k="highway" v="unclassified"/>
  <tag k="surface" v="asphalt"/>
 </way>
 <way id="89215253" visible="true" version="7" changeset="174897320" timestamp="2025-11-20T09:22:40Z" user="PalMaper" uid="13262539">
  <nd ref="5487048828"/>
  <nd ref="5487048829"/>
  <nd ref="5487048830"/>
  <nd ref="5487048831"/>
  <nd ref="11711562144"/>
  <nd ref="5487048832"/>
  <nd ref="1035547458"/>
  <nd ref="4137696587"/>
  <nd ref="4137696586"/>
  <nd ref="4137696585"/>
  <nd ref="4137696584"/>
  <nd ref="1035547448"/>
  <nd ref="4137466085"/>
  <nd ref="1035547452"/>
  <nd ref="728330706"/>
  <nd ref="13318878728"/>
  <nd ref="728330707"/>
  <nd ref="728330708"/>
  <tag k="highway" v="residential"/>
 </way>
 <way id="89215635" visible="true" version="5" changeset="150160731" timestamp="2024-04-18T07:48:31Z" user="uknown-gryphus" uid="2425805">
  <nd ref="1035481774"/>
  <nd ref="1035481785"/>
  <nd ref="1035481799"/>
  <nd ref="1035481769"/>
  <nd ref="1035481797"/>
  <nd ref="1035481776"/>
  <nd ref="1035481792"/>
  <nd ref="1035481767"/>
  <nd ref="1035481789"/>
  <nd ref="1035481787"/>
  <nd ref="1035481794"/>
  <nd ref="1035481778"/>
  <nd ref="1035481783"/>
  <nd ref="1035481771"/>
  <nd ref="1035481782"/>
  <nd ref="1035481775"/>
  <nd ref="1035481777"/>
  <nd ref="1035481772"/>
  <nd ref="1035481791"/>
  <nd ref="1035481774"/>
  <tag k="highway" v="unclassified"/>
  <tag k="junction" v="roundabout"/>
  <tag k="surface" v="asphalt"/>
 </way>
 <way id="89216972" visible="true" version="5" changeset="150160731" timestamp="2024-04-18T07:48:31Z" user="uknown-gryphus" uid="2425805">
  <nd ref="1035513574"/>
  <nd ref="1035572248"/>
  <nd ref="1035469399"/>
  <nd ref="10219868321"/>
  <nd ref="10219868335"/>
  <tag k="highway" v="unclassified"/>
 </way>
 <way id="89217625" visible="true" version="4" changeset="135933557" timestamp="2023-05-10T12:05:39Z" user="Lone_Muskedeer" uid="19219526">
  <nd ref="1035519626"/>
  <nd ref="10219868323"/>
  <nd ref="10219868324"/>
  <nd ref="1035519614"/>
  <tag k="highway" v="residential"/>
  <tag k="oneway" v="yes"/>
  <tag k="surface" v="asphalt"/>
 </way>
 <way id="89217626" visible="true" version="2" changeset="129405566" timestamp="2022-11-26T15:01:38Z" user="uknown-gryphus" uid="2425805">
  <nd ref="1035519605"/>
  <nd ref="10219868326"/>
  <nd ref="10219868325"/>
  <nd ref="1035519626"/>
  <tag k="highway" v="residential"/>
  <tag k="oneway" v="yes"/>
 </way>
 <way id="89217629" visible="true" version="4" changeset="150160731" timestamp="2024-04-18T07:48:31Z" user="uknown-gryphus" uid="2425805">
  <nd ref="1035519612"/>
  <nd ref="1035513587"/>
  <nd ref="1035481794"/>
  <tag k="highway" v="unclassified"/>
  <tag k="surface" v="asphalt"/>
 </way>
 <way id="89217733" visible="true" version="3" changeset="174897320" timestamp="2025-11-20T09:22:40Z" user="PalMaper" uid="13262539">
  <nd ref="1034973040"/>
  <nd ref="1079608967"/>
  <nd ref="13318878747"/>
  <nd ref="13318878760"/>
  <nd ref="1079608968"/>
  <tag k="highway" v="residential"/>
 </way>
 <way id="89220828" visible="true" version="3" changeset="27573704" timestamp="2014-12-19T17:20:02Z" user="DannyAiquipa" uid="2226712">
  <nd ref="1035564793"/>
  <nd ref="1035564807"/>
  <nd ref="1035564809"/>
  <nd ref="1035564813"/>
  <nd ref="1035564816"/>
  <tag k="highway" v="footway"/>
 </way>
 <way id="89221435" visible="true" version="8" changeset="184548450" timestamp="2026-06-24T21:47:19Z" user="TheLNL" uid="21256080">
  <nd ref="11986853366"/>
  <nd ref="10219868336"/>
  <nd ref="1035570280"/>
  <nd ref="1035570228"/>
  <nd ref="1035570233"/>
  <nd ref="1035570258"/>
  <nd ref="1035570255"/>
  <nd ref="1035570248"/>
  <nd ref="13963300456"/>
  <nd ref="1035570238"/>
  <nd ref="1035570264"/>
  <nd ref="13963300435"/>
  <nd ref="1035570245"/>
  <nd ref="1035570259"/>
  <nd ref="1035570237"/>
  <nd ref="1035570261"/>
  <nd ref="1035583343"/>
  <nd ref="3243006706"/>
  <tag k="highway" v="residential"/>
  <tag k="surface" v="asphalt"/>
 </way>
 <way id="89221437" visible="true" version="2" changeset="6635117" timestamp="2010-12-12T12:14:55Z" user="adivik2000" uid="250196">
  <nd ref="1035570256"/>
  <nd ref="1035570226"/>
  <nd ref="1035570261"/>
  <tag k="highway" v="residential"/>
 </way>
 <way id="89221514" visible="true" version="4" changeset="150160731" timestamp="2024-04-18T07:48:31Z" user="uknown-gryphus" uid="2425805">
  <nd ref="1035583343"/>
  <nd ref="1035572230"/>
  <nd ref="1035572250"/>
  <nd ref="1035572229"/>
  <nd ref="1035572226"/>
  <nd ref="1035572232"/>
  <nd ref="1035572231"/>
  <nd ref="1035572227"/>
  <nd ref="1035572228"/>
  <nd ref="1035469401"/>
  <tag k="highway" v="unclassified"/>
  <tag k="surface" v="asphalt"/>
 </way>
 <way id="89221515" visible="true" version="3" changeset="135933557" timestamp="2023-05-10T12:30:04Z" user="Lone_Muskedeer" uid="19219526">
  <nd ref="1035572252"/>
  <nd ref="3744530427"/>
  <nd ref="1035572248"/>
  <tag k="highway" v="residential"/>
  <tag k="surface" v="asphalt"/>
 </way>
 <way id="91626492" visible="true" version="1" changeset="6763472" timestamp="2010-12-25T19:42:26Z" user="adivik2000" uid="250196">
  <nd ref="1064545154"/>
  <nd ref="1064545157"/>
  <nd ref="1035391385"/>
  <tag k="highway" v="residential"/>
 </way>
 <way id="93124879" visible="true" version="1" changeset="6843286" timestamp="2011-01-02T21:01:09Z" user="adivik2000" uid="250196">
  <nd ref="1079523486"/>
  <nd ref="1079523493"/>
  <nd ref="1079523490"/>
  <nd ref="1079523489"/>
  <nd ref="1079523486"/>
  <tag k="leisure" v="pitch"/>
  <tag k="name" v="TT Basketball Court"/>
  <tag k="sport" v="basketball"/>
 </way>
 <way id="93126631" visible="true" version="1" changeset="6843286" timestamp="2011-01-02T21:09:55Z" user="adivik2000" uid="250196">
  <nd ref="1079549326"/>
  <nd ref="1079549325"/>
  <nd ref="1079549328"/>
  <nd ref="1079549319"/>
  <nd ref="1079549326"/>
  <tag k="leisure" v="pitch"/>
  <tag k="name" v="Anna Audi Tennis Court"/>
  <tag k="sport" v="tennis"/>
 </way>
 <way id="93126717" visible="true" version="4" changeset="135933732" timestamp="2023-05-10T12:06:45Z" user="Lone_Muskedeer" uid="19219526">
  <nd ref="1079553876"/>
  <nd ref="1079553874"/>
  <nd ref="1079553881"/>
  <nd ref="1079553871"/>
  <nd ref="1079553876"/>
  <tag k="leisure" v="pitch"/>
  <tag k="lit" v="yes"/>
  <tag k="name" v="Anna Audi Basketball Court 2"/>
  <tag k="sport" v="basketball"/>
  <tag k="surface" v="concrete"/>
 </way>
 <way id="93127261" visible="true" version="3" changeset="172337357" timestamp="2025-09-23T10:54:03Z" user="PalMaper" uid="13262539">
  <nd ref="1079564194"/>
  <nd ref="1079564217"/>
  <nd ref="1079564181"/>
  <nd ref="1079564176"/>
  <nd ref="1079564194"/>
  <tag k="leisure" v="pitch"/>
  <tag k="lit" v="yes"/>
  <tag k="name" v="Anna Audi Volleyball Court"/>
  <tag k="sport" v="volleyball"/>
  <tag k="surface" v="concrete"/>
 </way>
 <way id="93127404" visible="true" version="3" changeset="129405933" timestamp="2022-11-26T15:12:27Z" user="uknown-gryphus" uid="2425805">
  <nd ref="1079568465"/>
  <nd ref="1079568428"/>
  <nd ref="1079568468"/>
  <nd ref="1079568470"/>
  <nd ref="1079568465"/>
  <tag k="building" v="college"/>
  <tag k="name" v="VIT Univ Estates Office &amp; CTS"/>
 </way>
 <way id="93127677" visible="true" version="3" changeset="135933707" timestamp="2023-05-10T12:06:07Z" user="Lone_Muskedeer" uid="19219526">
  <nd ref="1079579542"/>
  <nd ref="1079579543"/>
  <nd ref="1079579546"/>
  <nd ref="1079579548"/>
  <nd ref="1079579542"/>
  <tag k="leisure" v="pitch"/>
  <tag k="name" v="Anna Audi Basketball Court 1"/>
  <tag k="sport" v="basketball"/>
  <tag k="surface" v="concrete"/>
 </way>
 <way id="93128462" visible="true" version="5" changeset="129405933" timestamp="2022-11-26T15:12:27Z" user="uknown-gryphus" uid="2425805">
  <nd ref="1079594816"/>
  <nd ref="1079594830"/>
  <nd ref="1079594820"/>
  <nd ref="1079594848"/>
  <nd ref="1079594822"/>
  <nd ref="1079594829"/>
  <nd ref="1079594851"/>
  <nd ref="1079594834"/>
  <nd ref="1079594803"/>
  <nd ref="1079594813"/>
  <nd ref="1079594854"/>
  <nd ref="1079594853"/>
  <nd ref="1079594816"/>
 </way>
 <way id="93128919" visible="true" version="5" changeset="58945769" timestamp="2018-05-14T09:33:29Z" user="mapper65" uid="7859646">
  <nd ref="1079608967"/>
  <nd ref="1034973038"/>
  <nd ref="1034973056"/>
  <nd ref="1034973049"/>
  <nd ref="728330708"/>
  <tag k="highway" v="residential"/>
  <tag k="surface" v="asphalt"/>
 </way>
 <way id="93174970" visible="true" version="6" changeset="183765380" timestamp="2026-06-07T06:41:35Z" user="TheLNL" uid="21256080">
  <nd ref="1080142883"/>
  <nd ref="1080142881"/>
  <nd ref="1080142879"/>
  <nd ref="13916667489"/>
  <nd ref="13916667487"/>
  <nd ref="13916667486"/>
  <nd ref="13916667488"/>
  <nd ref="1080142884"/>
  <nd ref="1080142882"/>
  <nd ref="1080142880"/>
  <nd ref="1080142883"/>
 </way>
 <way id="93175045" visible="true" version="5" changeset="172337357" timestamp="2025-09-23T10:54:03Z" user="PalMaper" uid="13262539">
  <nd ref="1080143641"/>
  <nd ref="1080143638"/>
  <nd ref="1080143635"/>
  <nd ref="1080143636"/>
  <nd ref="1080143641"/>
  <tag k="amenity" v="conference_centre"/>
  <tag k="building" v="yes"/>
  <tag k="name" v="Anna Auditorium"/>
  <tag k="name:etymology:wikidata" v="Q138765"/>
 </way>
 <way id="93175156" visible="true" version="8" changeset="150711017" timestamp="2024-04-30T14:22:10Z" user="tg1239" uid="21373336">
  <nd ref="1080144873"/>
  <nd ref="1080144885"/>
  <nd ref="1080144871"/>
  <nd ref="1080144883"/>
  <nd ref="1080144855"/>
  <nd ref="1080144880"/>
  <nd ref="1080144853"/>
  <nd ref="1080144851"/>
  <nd ref="1080144863"/>
  <nd ref="1080144865"/>
  <nd ref="1080144876"/>
  <nd ref="1080144859"/>
  <nd ref="1080144849"/>
  <nd ref="1080144877"/>
  <nd ref="1080144869"/>
  <nd ref="1080144850"/>
  <nd ref="1080144867"/>
  <nd ref="1080144860"/>
  <nd ref="1080144854"/>
  <nd ref="1080144857"/>
  <nd ref="1080144873"/>
  <tag k="amenity" v="library"/>
  <tag k="building" v="yes"/>
  <tag k="building:levels" v="3"/>
  <tag k="name" v="EV Periyar Library"/>
  <tag k="name:etymology:wikidata" v="Q737280"/>
  <tag k="opening_hours" v="Mo-Sa 08:00-21:30; Su 08:00-20:30; PH off"/>
 </way>
 <way id="93175157" visible="true" version="2" changeset="129405933" timestamp="2022-11-26T15:12:27Z" user="uknown-gryphus" uid="2425805">
  <nd ref="1080144866"/>
  <nd ref="1080144874"/>
  <nd ref="1080144888"/>
  <nd ref="1080144881"/>
  <nd ref="1080144866"/>
  <tag k="building" v="college"/>
 </way>
 <way id="93175158" visible="true" version="2" changeset="135933348" timestamp="2023-05-10T12:32:46Z" user="Lone_Muskedeer" uid="19219526">
  <nd ref="1080144868"/>
  <nd ref="1080144852"/>
  <nd ref="1080144856"/>
  <nd ref="1080144872"/>
  <nd ref="1080144858"/>
  <nd ref="1080144875"/>
  <nd ref="1080144868"/>
  <tag k="building" v="university"/>
 </way>
 <way id="93175159" visible="true" version="4" changeset="184217568" timestamp="2026-06-17T09:33:53Z" user="TheLNL" uid="21256080">
  <nd ref="13947267568"/>
  <nd ref="13947267567"/>
  <nd ref="13947267566"/>
  <nd ref="3787088662"/>
  <nd ref="13947267573"/>
  <nd ref="13947267570"/>
  <nd ref="13947267572"/>
  <nd ref="13947267569"/>
  <nd ref="13947267571"/>
  <nd ref="13947267575"/>
  <nd ref="13947267574"/>
  <nd ref="1080144848"/>
  <nd ref="1080144870"/>
  <nd ref="13947267539"/>
  <nd ref="13947267537"/>
  <nd ref="13947267536"/>
  <nd ref="13947267538"/>
  <nd ref="13947267578"/>
  <nd ref="13947267576"/>
  <nd ref="1080144861"/>
  <nd ref="3787088659"/>
  <nd ref="13947267577"/>
  <nd ref="3787088658"/>
  <nd ref="13947267546"/>
  <nd ref="3787088660"/>
  <nd ref="3787088661"/>
  <nd ref="13947267548"/>
  <nd ref="13947267547"/>
  <nd ref="3787088657"/>
  <nd ref="1080144864"/>
  <nd ref="13947267550"/>
  <nd ref="13947267549"/>
  <nd ref="13947267553"/>
  <nd ref="13947267552"/>
  <nd ref="13947267551"/>
  <nd ref="13947267540"/>
  <nd ref="13947267541"/>
  <nd ref="13947267555"/>
  <nd ref="13947267554"/>
  <nd ref="13947267558"/>
  <nd ref="13947267557"/>
  <nd ref="13947267556"/>
  <nd ref="13947267542"/>
  <nd ref="13947267543"/>
  <nd ref="13947267560"/>
  <nd ref="13947267559"/>
  <nd ref="13947267563"/>
  <nd ref="13947267562"/>
  <nd ref="13947267561"/>
  <nd ref="13947267544"/>
  <nd ref="13947267545"/>
  <nd ref="13947267565"/>
  <nd ref="13947267564"/>
  <nd ref="13947267568"/>
  <tag k="building" v="retail"/>
 </way>
 <way id="93175238" visible="true" version="4" changeset="129405933" timestamp="2022-11-26T15:12:27Z" user="uknown-gryphus" uid="2425805">
  <nd ref="1080145675"/>
  <nd ref="1080145677"/>
  <nd ref="1080145676"/>
  <nd ref="1080145672"/>
  <nd ref="1080145675"/>
  <tag k="amenity" v="shelter"/>
  <tag k="building" v="yes"/>
  <tag k="name" v="Foodys"/>
  <tag k="shelter_type" v="picnic_shelter"/>
 </way>
 <way id="149736856" visible="true" version="2" changeset="10643640" timestamp="2012-02-10T14:06:30Z" user="Vinaychalluru" uid="602788">
  <nd ref="1626922616"/>
  <nd ref="1626922617"/>
  <nd ref="1626922619"/>
  <nd ref="1626922622"/>
  <nd ref="1626922616"/>
  <tag k="name" v="Balaji Book Stores"/>
  <tag k="shop" v="books"/>
 </way>
 <way id="149737160" visible="true" version="4" changeset="150710938" timestamp="2024-04-30T14:20:23Z" user="tg1239" uid="21373336">
  <nd ref="1626932629"/>
  <nd ref="1626932588"/>
  <nd ref="1626932624"/>
  <nd ref="1626932606"/>
  <nd ref="1626932603"/>
  <nd ref="6812371439"/>
  <nd ref="6812371438"/>
  <nd ref="1626932592"/>
  <nd ref="6812371440"/>
  <nd ref="6812371437"/>
  <nd ref="1626932613"/>
  <nd ref="1626932629"/>
  <tag k="boat" v="private"/>
  <tag k="name" v="VIT Lake"/>
  <tag k="natural" v="water"/>
  <tag k="water" v="lake"/>
 </way>
 <way id="149737175" visible="true" version="2" changeset="117584533" timestamp="2022-02-18T22:34:34Z" user="lovelyfurball88" uid="12424494">
  <nd ref="1626933709"/>
  <nd ref="1626933711"/>
  <nd ref="1626933708"/>
  <nd ref="1626933710"/>
  <nd ref="1626933709"/>
  <tag k="leisure" v="swimming_pool"/>
 </way>
 <way id="149738019" visible="true" version="5" changeset="174897746" timestamp="2025-11-20T09:33:15Z" user="PalMaper" uid="13262539">
  <nd ref="13318888570"/>
  <nd ref="1626955138"/>
  <nd ref="1626955129"/>
  <nd ref="1626955135"/>
  <nd ref="2460222205"/>
  <nd ref="2460222206"/>
  <nd ref="1035572232"/>
  <tag k="bicycle" v="no"/>
  <tag k="foot" v="yes"/>
  <tag k="highway" v="footway"/>
  <tag k="motor_vehicle" v="no"/>
  <tag k="name" v="Souvenier Subway"/>
  <tag k="surface" v="paved"/>
 </way>
 <way id="198033931" visible="true" version="6" changeset="150710958" timestamp="2024-04-30T14:20:48Z" user="tg1239" uid="21373336">
  <nd ref="2082248272"/>
  <nd ref="5317971758"/>
  <nd ref="2082248267"/>
  <nd ref="2082248273"/>
  <nd ref="2082248270"/>
  <nd ref="2082248269"/>
  <nd ref="5317971757"/>
  <nd ref="5407920499"/>
  <nd ref="2082248271"/>
  <nd ref="2082248272"/>
  <tag k="description" v="Park"/>
  <tag k="landuse" v="grass"/>
  <tag k="leisure" v="park"/>
  <tag k="name" v="Greenos"/>
  <tag k="source" v="local knowledge;aerial imagery;streetlevel imagery"/>
 </way>
 <way id="205630941" visible="true" version="4" changeset="174897320" timestamp="2025-11-20T09:22:40Z" user="PalMaper" uid="13262539">
  <nd ref="1626952116"/>
  <nd ref="13318861531"/>
  <nd ref="1626952168"/>
  <nd ref="13318878761"/>
  <nd ref="2156022973"/>
  <tag k="highway" v="residential"/>
  <tag k="incline" v="down"/>
 </way>
 <way id="208376790" visible="true" version="4" changeset="143454729" timestamp="2023-11-01T05:25:18Z" user="iamsaurabhc" uid="19505666">
  <nd ref="2186778277"/>
  <nd ref="2186778237"/>
  <nd ref="2186778232"/>
  <nd ref="2186778215"/>
  <nd ref="2186778211"/>
  <nd ref="2186778205"/>
  <nd ref="11288420190"/>
  <nd ref="2186778202"/>
  <nd ref="11288420188"/>
  <nd ref="2186778197"/>
  <nd ref="2186778192"/>
  <nd ref="2186778193"/>
  <nd ref="2186778191"/>
  <nd ref="2186778190"/>
  <nd ref="2186778171"/>
  <nd ref="2186778189"/>
  <nd ref="2186778186"/>
  <nd ref="11288398849"/>
  <nd ref="2186778181"/>
  <nd ref="2186778179"/>
  <nd ref="2186778176"/>
  <nd ref="2186778175"/>
  <nd ref="11288420184"/>
  <nd ref="2186778173"/>
  <nd ref="2186778174"/>
  <nd ref="2186778180"/>
  <nd ref="2186778177"/>
  <nd ref="2186778184"/>
  <nd ref="2186778188"/>
  <nd ref="1035570227"/>
  <tag k="highway" v="unclassified"/>
 </way>
 <way id="265902740" visible="true" version="6" changeset="150160731" timestamp="2024-04-18T07:48:31Z" user="uknown-gryphus" uid="2425805">
  <nd ref="11827076573"/>
  <nd ref="2715099288"/>
  <nd ref="2715099289"/>
  <nd ref="2715099290"/>
  <nd ref="11827076573"/>
  <tag k="building" v="dormitory"/>
  <tag k="name" v="Mother Teresa Block"/>
 </way>
 <way id="265902945" visible="true" version="6" changeset="154749326" timestamp="2024-08-02T18:43:20Z" user="cdavila" uid="26599">
  <nd ref="5487048352"/>
  <nd ref="2715104001"/>
  <nd ref="2715104002"/>
  <nd ref="2715104003"/>
  <nd ref="5487048352"/>
  <tag k="addr:city" v="Vellore"/>
  <tag k="building" v="sports_centre"/>
  <tag k="leisure" v="sports_centre"/>
  <tag k="name" v="VIT Women's Indoor Sports Room"/>
 </way>
 <way id="265903247" visible="true" version="5" changeset="150160731" timestamp="2024-04-18T07:48:31Z" user="uknown-gryphus" uid="2425805">
  <nd ref="11827076574"/>
  <nd ref="2715108319"/>
  <nd ref="2715108320"/>
  <nd ref="5487048354"/>
  <nd ref="11827076574"/>
  <tag k="building" v="dormitory"/>
  <tag k="name" v="Jhansi Rani Block"/>
 </way>
 <way id="265903334" visible="true" version="3" changeset="150160731" timestamp="2024-04-18T07:48:31Z" user="uknown-gryphus" uid="2425805">
  <nd ref="2715110670"/>
  <nd ref="2715110674"/>
  <nd ref="2715110675"/>
  <nd ref="2715110678"/>
  <nd ref="2715110670"/>
  <tag k="building" v="dormitory"/>
  <tag k="name" v="Ida Scudder Block"/>
 </way>
 <way id="265903369" visible="true" version="3" changeset="150160731" timestamp="2024-04-18T07:48:31Z" user="uknown-gryphus" uid="2425805">
  <nd ref="2715111438"/>
  <nd ref="2715111441"/>
  <nd ref="2715111450"/>
  <nd ref="2715111452"/>
  <nd ref="2715111438"/>
  <tag k="building" v="dormitory"/>
  <tag k="name" v="Suu Kyi Block"/>
 </way>
 <way id="274777088" visible="true" version="3" changeset="136863351" timestamp="2023-06-02T11:03:25Z" user="Navk" uid="17769086">
  <nd ref="2794450031"/>
  <nd ref="10946016479"/>
  <nd ref="2794450033"/>
  <nd ref="10946016478"/>
  <tag k="highway" v="service"/>
  <tag k="surface" v="asphalt"/>
 </way>
 <way id="317963383" visible="true" version="5" changeset="174897670" timestamp="2025-11-20T09:31:30Z" user="PalMaper" uid="13262539">
  <nd ref="1035570278"/>
  <nd ref="1035570227"/>
  <nd ref="1035570285"/>
  <nd ref="11288398854"/>
  <nd ref="1035570241"/>
  <nd ref="1035570243"/>
  <nd ref="1035570225"/>
  <nd ref="13318891524"/>
  <nd ref="1035570257"/>
  <nd ref="1035570282"/>
  <nd ref="1035570283"/>
  <nd ref="1035564793"/>
  <nd ref="1064555883"/>
  <tag k="highway" v="residential"/>
 </way>
 <way id="317963386" visible="true" version="2" changeset="52322436" timestamp="2017-09-24T08:24:08Z" user="sfrank" uid="18052">
  <nd ref="3243006706"/>
  <nd ref="5125995848"/>
  <nd ref="5125995851"/>
  <nd ref="1035570278"/>
  <tag k="highway" v="residential"/>
 </way>
 <way id="317963387" visible="true" version="3" changeset="172337357" timestamp="2025-09-23T10:54:03Z" user="PalMaper" uid="13262539">
  <nd ref="1035564816"/>
  <nd ref="3243006707"/>
  <tag k="bicycle" v="yes"/>
  <tag k="foot" v="yes"/>
  <tag k="highway" v="footway"/>
  <tag k="horse" v="no"/>
  <tag k="layer" v="-1"/>
  <tag k="motor_vehicle" v="no"/>
  <tag k="name" v="Subway"/>
  <tag k="tunnel" v="yes"/>
 </way>
 <way id="317963389" visible="true" version="3" changeset="135933742" timestamp="2023-05-10T12:33:28Z" user="Lone_Muskedeer" uid="19219526">
  <nd ref="3243006707"/>
  <nd ref="1035564805"/>
  <nd ref="1626955135"/>
  <nd ref="1035564810"/>
  <nd ref="5487048393"/>
  <nd ref="1035564803"/>
  <tag k="highway" v="footway"/>
  <tag k="surface" v="paving_stones"/>
 </way>
 <way id="317964353" visible="true" version="4" changeset="174897320" timestamp="2025-11-20T09:22:40Z" user="PalMaper" uid="13262539">
  <nd ref="728330708"/>
  <nd ref="13318878737"/>
  <nd ref="2156022973"/>
  <nd ref="3243015080"/>
  <nd ref="1035519616"/>
  <nd ref="1035513586"/>
  <nd ref="1079608968"/>
  <nd ref="13318878739"/>
  <nd ref="1035564803"/>
  <nd ref="1035520071"/>
  <nd ref="1035519612"/>
  <nd ref="5487048337"/>
  <nd ref="1035519601"/>
  <tag k="highway" v="residential"/>
 </way>
 <way id="370764917" visible="true" version="4" changeset="184217568" timestamp="2026-06-17T09:33:53Z" user="TheLNL" uid="21256080">
  <nd ref="3744527936"/>
  <nd ref="13947267517"/>
  <nd ref="13947267518"/>
  <nd ref="13947267521"/>
  <nd ref="13947267519"/>
  <nd ref="13947267520"/>
  <nd ref="13947267522"/>
  <nd ref="13947267527"/>
  <nd ref="13947267523"/>
  <nd ref="13947267524"/>
  <nd ref="13947267528"/>
  <nd ref="13947267525"/>
  <nd ref="13947267526"/>
  <nd ref="3744527933"/>
  <nd ref="3744527934"/>
  <nd ref="3744527935"/>
  <nd ref="3744527936"/>
  <tag k="building" v="college"/>
  <tag k="name" v="CDMM Building"/>
  <tag k="nohousenumber" v="yes"/>
 </way>
 <way id="370765052" visible="true" version="4" changeset="184217568" timestamp="2026-06-17T09:33:53Z" user="TheLNL" uid="21256080">
  <nd ref="3744530426"/>
  <nd ref="3744530425"/>
  <nd ref="3744530428"/>
  <nd ref="5487048414"/>
  <nd ref="5487048413"/>
  <nd ref="13947302773"/>
  <nd ref="13947302774"/>
  <nd ref="13947302775"/>
  <nd ref="13947302776"/>
  <nd ref="5487048836"/>
  <nd ref="3744530426"/>
  <tag k="amenity" v="hospital"/>
  <tag k="building" v="yes"/>
  <tag k="healthcare" v="hospital"/>
  <tag k="name" v="Health Centre"/>
  <tag k="operator" v="Sri Narayani Hospital and Research Centre (SNHRC)"/>
  <tag k="operator:type" v="private"/>
 </way>
 <way id="370765897" visible="true" version="5" changeset="184197722" timestamp="2026-06-16T19:38:38Z" user="TheLNL" uid="21256080">
  <nd ref="3744539944"/>
  <nd ref="13946184875"/>
  <nd ref="13946184876"/>
  <nd ref="13946184874"/>
  <nd ref="13946184873"/>
  <nd ref="3744539945"/>
  <nd ref="13946181968"/>
  <nd ref="13946181967"/>
  <nd ref="13946181959"/>
  <nd ref="13946181958"/>
  <nd ref="13946184872"/>
  <nd ref="13946184870"/>
  <nd ref="13946184869"/>
  <nd ref="13946184871"/>
  <nd ref="3744539946"/>
  <nd ref="13946184868"/>
  <nd ref="13946184864"/>
  <nd ref="13946184863"/>
  <nd ref="13946184867"/>
  <nd ref="13946184861"/>
  <nd ref="13946184860"/>
  <nd ref="13946184858"/>
  <nd ref="13946184857"/>
  <nd ref="13946181952"/>
  <nd ref="13946181953"/>
  <nd ref="13946181951"/>
  <nd ref="13946181949"/>
  <nd ref="13946181948"/>
  <nd ref="13946181950"/>
  <nd ref="13946181945"/>
  <nd ref="13946181944"/>
  <nd ref="13946181956"/>
  <nd ref="13946181954"/>
  <nd ref="13946181946"/>
  <nd ref="13946181947"/>
  <nd ref="13946181955"/>
  <nd ref="13946181957"/>
  <nd ref="13946184859"/>
  <nd ref="13946184862"/>
  <nd ref="13946184866"/>
  <nd ref="13946184865"/>
  <nd ref="3744539947"/>
  <nd ref="3744539944"/>
 </way>
 <way id="412268150" visible="true" version="6" changeset="172336550" timestamp="2025-09-23T10:38:06Z" user="PalMaper" uid="13262539">
  <nd ref="4137466085"/>
  <nd ref="6869363707"/>
  <tag k="bicycle" v="yes"/>
  <tag k="foot" v="yes"/>
  <tag k="highway" v="path"/>
  <tag k="horse" v="no"/>
  <tag k="layer" v="-1"/>
  <tag k="motor_vehicle" v="no"/>
  <tag k="name" v="TT Subway"/>
  <tag k="tunnel" v="yes"/>
 </way>
 <way id="412303841" visible="true" version="5" changeset="184231187" timestamp="2026-06-17T15:12:52Z" user="TheLNL" uid="21256080">
  <nd ref="4137696574"/>
  <nd ref="13947925193"/>
  <nd ref="13947925192"/>
  <nd ref="13947925189"/>
  <nd ref="13947925190"/>
  <nd ref="13947925138"/>
  <nd ref="13947925136"/>
  <nd ref="13947925135"/>
  <nd ref="13947925137"/>
  <nd ref="13947925188"/>
  <nd ref="13947925187"/>
  <nd ref="13947925191"/>
  <nd ref="13947925194"/>
  <nd ref="11827000268"/>
  <nd ref="13947925200"/>
  <nd ref="13947925198"/>
  <nd ref="13947925129"/>
  <nd ref="13947925128"/>
  <nd ref="13947925127"/>
  <nd ref="13947925130"/>
  <nd ref="13947925197"/>
  <nd ref="13947925199"/>
  <nd ref="13947925195"/>
  <nd ref="13947925196"/>
  <nd ref="4137696573"/>
  <nd ref="13947925167"/>
  <nd ref="13947925122"/>
  <nd ref="13947925169"/>
  <nd ref="13947925170"/>
  <nd ref="4137696559"/>
  <nd ref="13947925171"/>
  <nd ref="13947925172"/>
  <nd ref="13947925173"/>
  <nd ref="13947925174"/>
  <nd ref="13947925175"/>
  <nd ref="13947925176"/>
  <nd ref="13947925177"/>
  <nd ref="13947925178"/>
  <nd ref="13947925185"/>
  <nd ref="13947925184"/>
  <nd ref="13947925180"/>
  <nd ref="13947925179"/>
  <nd ref="13947925181"/>
  <nd ref="13947925182"/>
  <nd ref="13947925183"/>
  <nd ref="13947925186"/>
  <nd ref="4137696574"/>
 </way>
 <way id="412303843" visible="true" version="1" changeset="38746268" timestamp="2016-04-21T05:20:47Z" user="pratikyadav" uid="2905914">
  <nd ref="4137696566"/>
  <nd ref="4137696567"/>
  <nd ref="4137696565"/>
  <nd ref="4137696564"/>
  <nd ref="4137696566"/>
  <tag k="building" v="yes"/>
 </way>
 <way id="412303844" visible="true" version="2" changeset="172337357" timestamp="2025-09-23T10:54:03Z" user="PalMaper" uid="13262539">
  <nd ref="4137696587"/>
  <nd ref="13164955316"/>
  <nd ref="4137696572"/>
  <nd ref="4137696558"/>
  <tag k="highway" v="service"/>
 </way>
 <way id="412303846" visible="true" version="3" changeset="172337357" timestamp="2025-09-23T10:54:03Z" user="PalMaper" uid="13262539">
  <nd ref="4137696577"/>
  <nd ref="4137696581"/>
  <nd ref="4137696583"/>
  <nd ref="13164955315"/>
  <nd ref="4137696586"/>
  <tag k="highway" v="service"/>
  <tag k="service" v="driveway"/>
 </way>
 <way id="412303847" visible="true" version="1" changeset="38746268" timestamp="2016-04-21T05:20:47Z" user="pratikyadav" uid="2905914">
  <nd ref="4137696568"/>
  <nd ref="4137696570"/>
  <nd ref="4137696562"/>
  <tag k="highway" v="service"/>
 </way>
 <way id="412303849" visible="true" version="2" changeset="172337357" timestamp="2025-09-23T10:54:03Z" user="PalMaper" uid="13262539">
  <nd ref="4137696584"/>
  <nd ref="13164955334"/>
  <nd ref="4137696568"/>
  <nd ref="4137696560"/>
  <tag k="highway" v="service"/>
 </way>
 <way id="412303851" visible="true" version="3" changeset="172337357" timestamp="2025-09-23T10:54:03Z" user="PalMaper" uid="13262539">
  <nd ref="4137696585"/>
  <nd ref="5487048328"/>
  <nd ref="4137696578"/>
  <nd ref="4137696577"/>
  <tag k="highway" v="service"/>
  <tag k="service" v="driveway"/>
 </way>
 <way id="443998174" visible="true" version="6" changeset="150710938" timestamp="2024-04-30T14:20:23Z" user="tg1239" uid="21373336">
  <nd ref="4415005413"/>
  <nd ref="1626952116"/>
  <tag k="access" v="permissive"/>
  <tag k="bicycle" v="yes"/>
  <tag k="foot" v="yes"/>
  <tag k="highway" v="residential"/>
  <tag k="lanes" v="1"/>
  <tag k="layer" v="-2"/>
  <tag k="motor_vehicle" v="private"/>
  <tag k="name" v="Main Subway"/>
  <tag k="oneway" v="reversible"/>
  <tag k="tunnel" v="yes"/>
 </way>
 <way id="443998175" visible="true" version="3" changeset="150160731" timestamp="2024-04-18T07:48:31Z" user="uknown-gryphus" uid="2425805">
  <nd ref="1626952183"/>
  <nd ref="1626952136"/>
  <nd ref="5487048381"/>
  <nd ref="5487048380"/>
  <nd ref="4415005413"/>
  <tag k="highway" v="residential"/>
 </way>
 <way id="457160715" visible="true" version="12" changeset="178974876" timestamp="2026-02-24T07:49:48Z" user="Thiru Blue Star" uid="23820566">
  <nd ref="4533468631"/>
  <nd ref="5064786979"/>
  <nd ref="5357881921"/>
  <nd ref="5064786977"/>
  <nd ref="5064786976"/>
  <nd ref="1105983755"/>
  <nd ref="288362881"/>
  <nd ref="288362882"/>
  <nd ref="4681989723"/>
  <nd ref="288362883"/>
  <nd ref="5125995851"/>
  <nd ref="288362884"/>
  <nd ref="5125995862"/>
  <nd ref="5125995860"/>
  <nd ref="288362885"/>
  <nd ref="288362886"/>
  <nd ref="288362887"/>
  <nd ref="288362888"/>
  <nd ref="4681989722"/>
  <nd ref="5125995846"/>
  <nd ref="288362889"/>
  <nd ref="5125995858"/>
  <nd ref="288362890"/>
  <nd ref="5125995857"/>
  <nd ref="288362891"/>
  <tag k="electrified" v="contact_line"/>
  <tag k="frequency" v="50"/>
  <tag k="gauge" v="1676"/>
  <tag k="maxspeed" v="130"/>
  <tag k="passenger_lines" v="2"/>
  <tag k="railway" v="rail"/>
  <tag k="railway:preferred_direction" v="forward"/>
  <tag k="usage" v="main"/>
  <tag k="voltage" v="25000"/>
 </way>
 <way id="556538989" visible="true" version="3" changeset="150160731" timestamp="2024-04-18T07:48:31Z" user="uknown-gryphus" uid="2425805">
  <nd ref="5368672180"/>
  <nd ref="5368672181"/>
  <nd ref="5368672133"/>
  <nd ref="5368672134"/>
  <nd ref="5368672135"/>
  <nd ref="5368672136"/>
  <nd ref="5368672137"/>
  <nd ref="5368672138"/>
  <nd ref="5368672139"/>
  <nd ref="5368672140"/>
  <nd ref="5368672141"/>
  <nd ref="5368672142"/>
  <nd ref="5368672143"/>
  <nd ref="5368672144"/>
  <nd ref="5368672145"/>
  <nd ref="5368672146"/>
  <nd ref="5368672148"/>
  <nd ref="5368672149"/>
  <nd ref="5368672150"/>
  <nd ref="5368672151"/>
  <nd ref="5368672152"/>
  <nd ref="5368672153"/>
  <nd ref="5368672154"/>
  <nd ref="5368672155"/>
  <nd ref="5368672156"/>
  <nd ref="5368672180"/>
  <tag k="building" v="dormitory"/>
  <tag k="name" v="E Block"/>
 </way>
 <way id="556538990" visible="true" version="1" changeset="55838330" timestamp="2018-01-28T19:08:42Z" user="Revant Mishra" uid="7540209">
  <nd ref="5368672182"/>
  <nd ref="5368672183"/>
  <nd ref="5368672184"/>
  <nd ref="5368672185"/>
  <nd ref="5368672182"/>
  <tag k="amenity" v="cafe"/>
  <tag k="building" v="yes"/>
  <tag k="name" v="DC"/>
 </way>
 <way id="556538991" visible="true" version="1" changeset="55838330" timestamp="2018-01-28T19:08:42Z" user="Revant Mishra" uid="7540209">
  <nd ref="5368672186"/>
  <nd ref="5368672187"/>
  <nd ref="5368672188"/>
  <nd ref="5368672189"/>
  <nd ref="5368672186"/>
  <tag k="amenity" v="restaurant"/>
  <tag k="building" v="yes"/>
  <tag k="name" v="Food Court"/>
 </way>
 <way id="556538992" visible="true" version="1" changeset="55838330" timestamp="2018-01-28T19:08:42Z" user="Revant Mishra" uid="7540209">
  <nd ref="5368672190"/>
  <nd ref="5368672191"/>
  <nd ref="5368672192"/>
  <nd ref="5368672193"/>
  <nd ref="5368672190"/>
  <tag k="amenity" v="cafe"/>
  <tag k="building" v="yes"/>
  <tag k="name" v="Food Court"/>
 </way>
 <way id="556538993" visible="true" version="1" changeset="55838330" timestamp="2018-01-28T19:08:42Z" user="Revant Mishra" uid="7540209">
  <nd ref="5368672194"/>
  <nd ref="5368672195"/>
  <nd ref="5368672196"/>
  <nd ref="5368672197"/>
  <nd ref="5368672194"/>
  <tag k="amenity" v="restaurant"/>
  <tag k="building" v="yes"/>
  <tag k="name" v="Food Court"/>
 </way>
 <way id="556538994" visible="true" version="3" changeset="150710938" timestamp="2024-04-30T14:20:23Z" user="tg1239" uid="21373336">
  <nd ref="5368672198"/>
  <nd ref="5368672199"/>
  <nd ref="5368672200"/>
  <nd ref="5368672201"/>
  <nd ref="5368672198"/>
  <tag k="leisure" v="pitch"/>
  <tag k="lit" v="yes"/>
  <tag k="name" v="MH Basketball Court"/>
  <tag k="sport" v="basketball"/>
  <tag k="surface" v="Basketball_Court"/>
 </way>
 <way id="556538995" visible="true" version="2" changeset="150710775" timestamp="2024-04-30T14:17:05Z" user="tg1239" uid="21373336">
  <nd ref="5368672202"/>
  <nd ref="5368672203"/>
  <nd ref="5368672204"/>
  <nd ref="5368672205"/>
  <nd ref="5368672202"/>
  <tag k="leisure" v="pitch"/>
  <tag k="name" v="MH Tennis Courts"/>
  <tag k="sport" v="tennis"/>
 </way>
 <way id="556538997" visible="true" version="6" changeset="177096958" timestamp="2026-01-11T13:49:42Z" user="Something B" uid="4944916">
  <nd ref="5368672210"/>
  <nd ref="5368672211"/>
  <nd ref="5368672212"/>
  <nd ref="5368672213"/>
  <nd ref="5368672214"/>
  <nd ref="5368672215"/>
  <nd ref="5368672216"/>
  <nd ref="5368672217"/>
  <nd ref="5368672218"/>
  <nd ref="5368672219"/>
  <nd ref="5368672220"/>
  <nd ref="5368672921"/>
  <nd ref="5368672922"/>
  <nd ref="5368672923"/>
  <nd ref="5368672924"/>
  <nd ref="5368672925"/>
  <nd ref="5368672926"/>
  <nd ref="5368672927"/>
  <nd ref="5368672928"/>
  <nd ref="5368672929"/>
  <nd ref="5368672930"/>
  <nd ref="5368672210"/>
  <tag k="building" v="dormitory"/>
  <tag k="building:levels" v="10"/>
  <tag k="guest_house" v="student_accommodation"/>
  <tag k="name" v="J Block"/>
  <tag k="rooms" v="0"/>
 </way>
 <way id="556538998" visible="true" version="3" changeset="129405933" timestamp="2022-11-26T15:12:27Z" user="uknown-gryphus" uid="2425805">
  <nd ref="5368672931"/>
  <nd ref="5368672932"/>
  <nd ref="5368672933"/>
  <nd ref="5368672934"/>
  <nd ref="5368672935"/>
  <nd ref="5368672936"/>
  <nd ref="5368672937"/>
  <nd ref="5368672938"/>
  <nd ref="5368672939"/>
  <nd ref="5368672940"/>
  <nd ref="5368672941"/>
  <nd ref="5368672942"/>
  <nd ref="5368672943"/>
  <nd ref="5368672944"/>
  <nd ref="5368672945"/>
  <nd ref="5368672946"/>
  <nd ref="5368672931"/>
  <tag k="building" v="dormitory"/>
  <tag k="building:levels" v="10"/>
  <tag k="name" v="H Block"/>
 </way>
 <way id="556538999" visible="true" version="3" changeset="129405933" timestamp="2022-11-26T15:12:27Z" user="uknown-gryphus" uid="2425805">
  <nd ref="5368672947"/>
  <nd ref="5368672948"/>
  <nd ref="5368672949"/>
  <nd ref="5368672950"/>
  <nd ref="5368672951"/>
  <nd ref="5368672952"/>
  <nd ref="5368672953"/>
  <nd ref="5368672954"/>
  <nd ref="5368672955"/>
  <nd ref="5368672956"/>
  <nd ref="5368672957"/>
  <nd ref="5368672958"/>
  <nd ref="5368672947"/>
  <tag k="building" v="dormitory"/>
  <tag k="building:levels" v="10"/>
  <tag k="name" v="K Block"/>
 </way>
 <way id="556539002" visible="true" version="2" changeset="150711911" timestamp="2024-04-30T14:39:22Z" user="tg1239" uid="21373336">
  <nd ref="5368672965"/>
  <nd ref="5368672966"/>
  <nd ref="5368672967"/>
  <nd ref="5368672968"/>
  <nd ref="5368672969"/>
  <nd ref="5368672970"/>
  <nd ref="5368672965"/>
  <tag k="amenity" v="restaurant"/>
  <tag k="building" v="yes"/>
  <tag k="name" v="Food Park"/>
 </way>
 <way id="556539004" visible="true" version="5" changeset="150712282" timestamp="2024-04-30T14:46:27Z" user="tg1239" uid="21373336">
  <nd ref="5368672972"/>
  <nd ref="5368672973"/>
  <nd ref="11869184207"/>
  <nd ref="5368672974"/>
  <nd ref="11869258303"/>
  <nd ref="5368672975"/>
  <nd ref="5368672976"/>
  <nd ref="5368672978"/>
  <nd ref="5368672972"/>
  <tag k="building" v="dormitory"/>
  <tag k="building:levels" v="10"/>
  <tag k="name" v="L Block"/>
 </way>
 <way id="556539007" visible="true" version="3" changeset="129405933" timestamp="2022-11-26T15:12:27Z" user="uknown-gryphus" uid="2425805">
  <nd ref="5368672979"/>
  <nd ref="5368672980"/>
  <nd ref="5368672981"/>
  <nd ref="5368672982"/>
  <nd ref="5368672983"/>
  <nd ref="5368672984"/>
  <nd ref="5368672985"/>
  <nd ref="5368672986"/>
  <nd ref="5368672987"/>
  <nd ref="5368672988"/>
  <nd ref="5368672989"/>
  <nd ref="5368672990"/>
  <nd ref="5368672979"/>
  <tag k="building" v="dormitory"/>
  <tag k="name" v="F Block"/>
 </way>
 <way id="556539010" visible="true" version="2" changeset="129405933" timestamp="2022-11-26T15:12:27Z" user="uknown-gryphus" uid="2425805">
  <nd ref="5368672991"/>
  <nd ref="5368672992"/>
  <nd ref="5368672993"/>
  <nd ref="5368672994"/>
  <nd ref="5368672995"/>
  <nd ref="5368672996"/>
  <nd ref="5368672991"/>
  <tag k="building" v="dormitory"/>
 </way>
 <way id="556539012" visible="true" version="2" changeset="90117226" timestamp="2020-08-29T11:47:38Z" user="kathiravanrs" uid="11728106">
  <nd ref="5368672997"/>
  <nd ref="5368672998"/>
  <nd ref="5368672999"/>
  <nd ref="5368673000"/>
  <nd ref="5368673001"/>
  <nd ref="5368673002"/>
  <nd ref="5368673003"/>
  <nd ref="5368673004"/>
  <nd ref="5368673005"/>
  <nd ref="5368673006"/>
  <nd ref="5368673007"/>
  <nd ref="5368673008"/>
  <nd ref="5368673009"/>
  <nd ref="5368673010"/>
  <nd ref="5368673011"/>
  <nd ref="5368673012"/>
  <nd ref="5368673013"/>
  <nd ref="5368673014"/>
  <nd ref="5368672997"/>
  <tag k="building" v="residential"/>
  <tag k="building:levels" v="6"/>
  <tag k="name" v="G Block"/>
 </way>
 <way id="556539018" visible="true" version="4" changeset="150711522" timestamp="2024-04-30T14:32:04Z" user="tg1239" uid="21373336">
  <nd ref="5368673127"/>
  <nd ref="5368673128"/>
  <nd ref="5368673129"/>
  <nd ref="5368673130"/>
  <nd ref="5368673131"/>
  <nd ref="5368673132"/>
  <nd ref="5368673135"/>
  <nd ref="5368673136"/>
  <nd ref="5368673137"/>
  <nd ref="5368673138"/>
  <nd ref="5368673139"/>
  <nd ref="5368673140"/>
  <nd ref="5368673141"/>
  <nd ref="5368673142"/>
  <nd ref="5368673143"/>
  <nd ref="5368673144"/>
  <nd ref="5368673145"/>
  <nd ref="5368673146"/>
  <nd ref="5368673147"/>
  <nd ref="5368673148"/>
  <nd ref="5368673149"/>
  <nd ref="5368673150"/>
  <nd ref="5368673151"/>
  <nd ref="5368673152"/>
  <nd ref="5368673153"/>
  <nd ref="5368673154"/>
  <nd ref="5368673155"/>
  <nd ref="5368673127"/>
  <tag k="building" v="dormitory"/>
  <tag k="name" v="D Annexe"/>
 </way>
 <way id="556539022" visible="true" version="2" changeset="129405933" timestamp="2022-11-26T15:12:27Z" user="uknown-gryphus" uid="2425805">
  <nd ref="5368673156"/>
  <nd ref="5368673157"/>
  <nd ref="5368673158"/>
  <nd ref="5368673159"/>
  <nd ref="5368673160"/>
  <nd ref="5368673161"/>
  <nd ref="5368673162"/>
  <nd ref="5368673163"/>
  <nd ref="5368673164"/>
  <nd ref="5368673165"/>
  <nd ref="5368673166"/>
  <nd ref="5368673167"/>
  <nd ref="5368673168"/>
  <nd ref="5368673169"/>
  <nd ref="5368673170"/>
  <nd ref="5368673171"/>
  <nd ref="5368673172"/>
  <nd ref="5368673173"/>
  <nd ref="5368673174"/>
  <nd ref="5368673175"/>
  <nd ref="5368673156"/>
  <tag k="building" v="dormitory"/>
  <tag k="name" v="C Block"/>
 </way>
 <way id="556539025" visible="true" version="2" changeset="129405933" timestamp="2022-11-26T15:12:27Z" user="uknown-gryphus" uid="2425805">
  <nd ref="5368673176"/>
  <nd ref="5368673177"/>
  <nd ref="5368673178"/>
  <nd ref="5368673179"/>
  <nd ref="5368673180"/>
  <nd ref="5368673181"/>
  <nd ref="5368673182"/>
  <nd ref="5368673183"/>
  <nd ref="5368673184"/>
  <nd ref="5368673185"/>
  <nd ref="5368673186"/>
  <nd ref="5368673187"/>
  <nd ref="5368673176"/>
  <tag k="building" v="dormitory"/>
  <tag k="name" v="A Hostel"/>
 </way>
 <way id="556539028" visible="true" version="4" changeset="135933348" timestamp="2023-05-10T12:35:51Z" user="Lone_Muskedeer" uid="19219526">
  <nd ref="5368673188"/>
  <nd ref="5368673197"/>
  <nd ref="5487048355"/>
  <nd ref="5368673207"/>
  <nd ref="5368673188"/>
  <tag k="building" v="university"/>
  <tag k="building:levels" v="7"/>
  <tag k="name" v="Technology Tower"/>
 </way>
 <way id="556539032" visible="true" version="3" changeset="150710732" timestamp="2024-04-30T14:16:09Z" user="tg1239" uid="21373336">
  <nd ref="5368673215"/>
  <nd ref="5368673216"/>
  <nd ref="5368673217"/>
  <nd ref="5368673218"/>
  <nd ref="5368673219"/>
  <nd ref="5368673220"/>
  <nd ref="5368673321"/>
  <nd ref="5368673322"/>
  <nd ref="5368673323"/>
  <nd ref="5368673324"/>
  <nd ref="5368673215"/>
  <tag k="leisure" v="park"/>
  <tag k="name" v="Woodys"/>
 </way>
 <way id="570750838" visible="true" version="3" changeset="172337357" timestamp="2025-09-23T10:54:03Z" user="PalMaper" uid="13262539">
  <nd ref="5487048335"/>
  <nd ref="5487048334"/>
  <nd ref="5487048327"/>
  <nd ref="5487048333"/>
  <nd ref="5487048332"/>
  <nd ref="5487048331"/>
  <nd ref="5487048330"/>
  <nd ref="5487048329"/>
  <nd ref="13164955334"/>
  <nd ref="5487048328"/>
  <tag k="highway" v="footway"/>
  <tag k="surface" v="asphalt"/>
 </way>
 <way id="570750839" visible="true" version="1" changeset="57298676" timestamp="2018-03-18T18:59:24Z" user="adivik2000" uid="250196">
  <nd ref="5487048339"/>
  <nd ref="5487048338"/>
  <nd ref="5487048337"/>
  <nd ref="5487048336"/>
 </way>
 <way id="570750840" visible="true" version="1" changeset="57298676" timestamp="2018-03-18T18:59:24Z" user="adivik2000" uid="250196">
  <nd ref="5487048343"/>
  <nd ref="5487048342"/>
  <nd ref="5487048341"/>
  <nd ref="5487048340"/>
  <nd ref="5487048343"/>
  <tag k="leisure" v="pitch"/>
  <tag k="name" v="TT Volleyball Court"/>
  <tag k="sport" v="volleyball"/>
 </way>
 <way id="570750841" visible="true" version="2" changeset="70637431" timestamp="2019-05-26T17:21:04Z" user="edathy" uid="9598606">
  <nd ref="5487048347"/>
  <nd ref="5487048346"/>
  <nd ref="5487048345"/>
  <nd ref="5487048344"/>
  <nd ref="5487048347"/>
  <tag k="man_made" v="wastewater_plant"/>
 </way>
 <way id="570750842" visible="true" version="2" changeset="70637431" timestamp="2019-05-26T17:21:04Z" user="edathy" uid="9598606">
  <nd ref="5487048351"/>
  <nd ref="5487048350"/>
  <nd ref="5487048349"/>
  <nd ref="5487048348"/>
  <nd ref="5487048351"/>
  <tag k="man_made" v="wastewater_plant"/>
 </way>
 <way id="570750843" visible="true" version="2" changeset="70637431" timestamp="2019-05-26T17:21:04Z" user="edathy" uid="9598606">
  <nd ref="5487048359"/>
  <nd ref="5487048358"/>
  <nd ref="5487048357"/>
  <nd ref="5487048356"/>
  <nd ref="5487048359"/>
  <tag k="man_made" v="wastewater_plant"/>
 </way>
 <way id="570750844" visible="true" version="2" changeset="70637431" timestamp="2019-05-26T17:21:04Z" user="edathy" uid="9598606">
  <nd ref="5487048363"/>
  <nd ref="5487048362"/>
  <nd ref="5487048361"/>
  <nd ref="5487048360"/>
  <nd ref="5487048363"/>
  <tag k="man_made" v="wastewater_plant"/>
 </way>
 <way id="570750845" visible="true" version="2" changeset="135933742" timestamp="2023-05-10T12:17:56Z" user="Lone_Muskedeer" uid="19219526">
  <nd ref="2460222206"/>
  <nd ref="5487048368"/>
  <nd ref="5487048367"/>
  <nd ref="5487048366"/>
  <nd ref="5487048365"/>
  <nd ref="5487048364"/>
  <tag k="highway" v="footway"/>
  <tag k="surface" v="asphalt"/>
 </way>
 <way id="570750846" visible="true" version="2" changeset="135933742" timestamp="2023-05-10T12:18:36Z" user="Lone_Muskedeer" uid="19219526">
  <nd ref="5487048371"/>
  <nd ref="5487048370"/>
  <nd ref="5487048369"/>
  <nd ref="2460222206"/>
  <tag k="highway" v="footway"/>
  <tag k="surface" v="paving_stones"/>
 </way>
 <way id="570750847" visible="true" version="2" changeset="135933742" timestamp="2023-05-10T12:18:17Z" user="Lone_Muskedeer" uid="19219526">
  <nd ref="5487048377"/>
  <nd ref="5487048376"/>
  <nd ref="5487048375"/>
  <nd ref="5487048374"/>
  <nd ref="5487048373"/>
  <nd ref="5487048372"/>
  <tag k="highway" v="footway"/>
  <tag k="surface" v="paving_stones"/>
 </way>
 <way id="570750848" visible="true" version="2" changeset="150160731" timestamp="2024-04-18T07:48:31Z" user="uknown-gryphus" uid="2425805">
  <nd ref="1035391382"/>
  <nd ref="5487048378"/>
  <nd ref="11827076668"/>
  <tag k="highway" v="residential"/>
  <tag k="lanes" v="2"/>
  <tag k="surface" v="asphalt"/>
 </way>
 <way id="570750849" visible="true" version="2" changeset="150160731" timestamp="2024-04-18T07:48:31Z" user="uknown-gryphus" uid="2425805">
  <nd ref="5487048393"/>
  <nd ref="5487048392"/>
  <nd ref="5487048391"/>
  <nd ref="5487048390"/>
  <nd ref="5487048389"/>
  <nd ref="5487048388"/>
  <nd ref="5487048387"/>
  <nd ref="5487048386"/>
  <nd ref="5487048385"/>
  <nd ref="5487048384"/>
  <nd ref="5487048383"/>
  <nd ref="5487048382"/>
  <tag k="covered" v="yes"/>
  <tag k="footway" v="sidewalk"/>
  <tag k="highway" v="footway"/>
  <tag k="surface" v="paving_stones"/>
 </way>
 <way id="570750850" visible="true" version="3" changeset="174897320" timestamp="2025-11-20T09:22:40Z" user="PalMaper" uid="13262539">
  <nd ref="5487048394"/>
  <nd ref="13318878727"/>
  <nd ref="5487048395"/>
  <nd ref="5487048396"/>
  <nd ref="5487048397"/>
  <nd ref="5487048398"/>
  <nd ref="5487048399"/>
  <nd ref="5487048400"/>
  <nd ref="5487048401"/>
  <nd ref="5487048405"/>
  <nd ref="5487048404"/>
  <nd ref="5487048403"/>
  <nd ref="5487048402"/>
  <tag k="covered" v="yes"/>
  <tag k="footway" v="sidewalk"/>
  <tag k="highway" v="footway"/>
  <tag k="surface" v="paving_stones"/>
 </way>
 <way id="570750853" visible="true" version="2" changeset="135933742" timestamp="2023-05-10T12:07:06Z" user="Lone_Muskedeer" uid="19219526">
  <nd ref="5487048368"/>
  <nd ref="5487048834"/>
  <nd ref="5487048833"/>
  <nd ref="1035481767"/>
  <tag k="highway" v="footway"/>
  <tag k="surface" v="asphalt"/>
 </way>
 <way id="570750854" visible="true" version="9" changeset="136864738" timestamp="2023-06-02T11:41:19Z" user="Navk" uid="17769086">
  <nd ref="10945966304"/>
  <nd ref="5487048850"/>
  <nd ref="5487048849"/>
  <nd ref="5487048848"/>
  <nd ref="5487048847"/>
  <nd ref="5487048846"/>
  <nd ref="5487048845"/>
  <nd ref="10946063211"/>
  <nd ref="10946063210"/>
  <nd ref="5487048844"/>
  <nd ref="5487048843"/>
 </way>
 <way id="570870179" visible="true" version="5" changeset="184197941" timestamp="2026-06-16T19:45:33Z" user="TheLNL" uid="21256080">
  <nd ref="5487948698"/>
  <nd ref="5487948699"/>
  <nd ref="13946184883"/>
  <nd ref="13946184884"/>
  <nd ref="13946184882"/>
  <nd ref="13946184885"/>
  <nd ref="13946184890"/>
  <nd ref="5487948700"/>
  <nd ref="5487948701"/>
  <nd ref="5487948696"/>
  <nd ref="5487948697"/>
  <nd ref="13946184888"/>
  <nd ref="13946184887"/>
  <nd ref="13946184889"/>
  <nd ref="13946184886"/>
  <nd ref="5487948698"/>
  <tag k="addr:city" v="Vellore"/>
  <tag k="addr:landmark" v="Indian Flag Post"/>
  <tag k="addr:postcode" v="632014"/>
  <tag k="addr:street" v="Vellore Institue of Technoloy"/>
  <tag k="description" v="Kalpana Chawla Ground in VIT for casual purposes"/>
  <tag k="landuse" v="grass"/>
  <tag k="leisure" v="park"/>
  <tag k="name" v="Kalpana Chawla Ground"/>
  <tag k="name:etymology:wikidata" v="Q237879"/>
 </way>
 <way id="570871811" visible="true" version="3" changeset="163914120" timestamp="2025-03-21T16:25:00Z" user="quincylvania" uid="4515353">
  <nd ref="5487958578"/>
  <nd ref="5487958579"/>
  <nd ref="5487958580"/>
  <nd ref="5487958581"/>
  <nd ref="5487958582"/>
  <nd ref="5487958578"/>
  <tag k="addr:city" v="Vellore"/>
  <tag k="addr:housenumber" v="Technology Tower"/>
  <tag k="addr:postcode" v="632014"/>
  <tag k="addr:street" v="Vellore Institute of Technology"/>
  <tag k="landuse" v="grass"/>
  <tag k="leisure" v="park"/>
  <tag k="name" v="TT Fountain Garden"/>
 </way>
 <way id="669208236" visible="true" version="2" changeset="172336550" timestamp="2025-09-23T10:38:06Z" user="PalMaper" uid="13262539">
  <nd ref="6266615748"/>
  <nd ref="6266615747"/>
  <nd ref="6266615742"/>
  <nd ref="6266615743"/>
  <nd ref="6266615741"/>
  <nd ref="6266615744"/>
  <nd ref="6266615746"/>
  <nd ref="6266615745"/>
  <nd ref="6266615739"/>
  <nd ref="6266615738"/>
  <nd ref="6266615737"/>
  <nd ref="6266615740"/>
  <nd ref="6266615748"/>
  <tag k="building" v="yes"/>
  <tag k="name" v="Men's Hostel Indoor Stadium"/>
 </way>
 <way id="669208237" visible="true" version="1" changeset="67034333" timestamp="2019-02-08T19:23:32Z" user="pyram" uid="497849">
  <nd ref="6266615752"/>
  <nd ref="6266615751"/>
  <nd ref="6266615750"/>
  <nd ref="6266615749"/>
  <nd ref="6266615752"/>
  <tag k="building" v="yes"/>
 </way>
 <way id="669208238" visible="true" version="2" changeset="129405933" timestamp="2022-11-26T15:12:27Z" user="uknown-gryphus" uid="2425805">
  <nd ref="5368673018"/>
  <nd ref="5368673019"/>
  <nd ref="5368673020"/>
  <nd ref="5368673121"/>
  <nd ref="5368673122"/>
  <nd ref="5368673123"/>
  <nd ref="5368673124"/>
  <nd ref="5368673125"/>
  <nd ref="5368673126"/>
  <nd ref="5368673015"/>
  <nd ref="5368673016"/>
  <nd ref="5368673017"/>
  <nd ref="5368673018"/>
  <tag k="building" v="dormitory"/>
  <tag k="name" v="D Block"/>
 </way>
 <way id="677982237" visible="true" version="6" changeset="177790687" timestamp="2026-01-28T06:24:05Z" user="PalMaper" uid="13262539">
  <nd ref="6348155509"/>
  <nd ref="6348155510"/>
  <nd ref="6348155511"/>
  <nd ref="6348155512"/>
  <nd ref="6348155509"/>
  <tag k="building" v="dormitory"/>
  <tag k="building:levels" v="12"/>
  <tag k="name" v="Q Block"/>
  <tag k="name:en" v="Vajpayee Block"/>
  <tag k="wheelchair" v="yes"/>
 </way>
 <way id="733505578" visible="true" version="1" changeset="75551101" timestamp="2019-10-11T08:38:10Z" user="Anuj Suresh" uid="10370062">
  <nd ref="6869329073"/>
  <nd ref="6869329074"/>
  <tag k="highway" v="residential"/>
 </way>
 <way id="733511591" visible="true" version="2" changeset="174897320" timestamp="2025-11-20T09:22:40Z" user="PalMaper" uid="13262539">
  <nd ref="6869363707"/>
  <nd ref="13318878772"/>
  <nd ref="4137466086"/>
  <tag k="bicycle" v="no"/>
  <tag k="foot" v="yes"/>
  <tag k="highway" v="path"/>
  <tag k="horse" v="no"/>
  <tag k="motor_vehicle" v="no"/>
  <tag k="name" v="Small subway"/>
 </way>
 <way id="1092532436" visible="true" version="2" changeset="129405933" timestamp="2022-11-26T15:12:27Z" user="uknown-gryphus" uid="2425805">
  <nd ref="10005700616"/>
  <nd ref="10005756917"/>
  <nd ref="10005756918"/>
  <nd ref="10005756919"/>
  <nd ref="10005700616"/>
  <tag k="building" v="dormitory"/>
  <tag k="building:levels" v="18"/>
  <tag k="name" v="R Block"/>
 </way>
 <way id="1092533785" visible="true" version="6" changeset="174896503" timestamp="2025-11-20T09:01:09Z" user="PalMaper" uid="13262539">
  <nd ref="10005761043"/>
  <nd ref="11721034863"/>
  <nd ref="11721034864"/>
  <nd ref="11721034865"/>
  <nd ref="11721034866"/>
  <nd ref="11721034867"/>
  <nd ref="11721034868"/>
  <nd ref="11721230869"/>
  <nd ref="10005761044"/>
  <nd ref="11721230871"/>
  <nd ref="11721230870"/>
  <nd ref="11721230873"/>
  <nd ref="13318804116"/>
  <nd ref="13318804117"/>
  <nd ref="13318804118"/>
  <nd ref="11721230888"/>
  <nd ref="13318804119"/>
  <nd ref="11721230886"/>
  <nd ref="11721230872"/>
  <nd ref="11721230885"/>
  <nd ref="13318807452"/>
  <nd ref="13318807451"/>
  <nd ref="11721230883"/>
  <nd ref="11721230882"/>
  <nd ref="13318807457"/>
  <nd ref="13318807456"/>
  <nd ref="13318807455"/>
  <nd ref="13318807454"/>
  <nd ref="13318807453"/>
  <nd ref="13318807458"/>
  <nd ref="11721230881"/>
  <nd ref="11721230880"/>
  <nd ref="11721230879"/>
  <nd ref="11721230878"/>
  <nd ref="11721230877"/>
  <nd ref="11721230876"/>
  <nd ref="11721230875"/>
  <nd ref="11721034862"/>
  <nd ref="10005761045"/>
  <nd ref="11721034861"/>
  <nd ref="10005761046"/>
  <nd ref="10005761047"/>
  <nd ref="13318807461"/>
  <nd ref="13318807460"/>
  <nd ref="11721034860"/>
  <nd ref="10005761048"/>
  <nd ref="13318807469"/>
  <nd ref="13318807468"/>
  <nd ref="13318807467"/>
  <nd ref="13318807466"/>
  <nd ref="13318807464"/>
  <nd ref="13318807462"/>
  <nd ref="10005761043"/>
  <tag k="building" v="university"/>
  <tag k="building:levels" v="7"/>
  <tag k="layer" v="-1"/>
  <tag k="name" v="Pearl Research Park"/>
 </way>
 <way id="1095528321" visible="true" version="1" changeset="126317147" timestamp="2022-09-18T03:56:21Z" user="Arun Balaji" uid="3427745">
  <nd ref="10032723297"/>
  <nd ref="10032723294"/>
  <nd ref="10032723292"/>
  <nd ref="10032723293"/>
  <nd ref="10032723295"/>
  <nd ref="10032723296"/>
  <nd ref="10032723297"/>
  <tag k="building" v="yes"/>
 </way>
 <way id="1095528322" visible="true" version="1" changeset="126317147" timestamp="2022-09-18T03:56:21Z" user="Arun Balaji" uid="3427745">
  <nd ref="10032723301"/>
  <nd ref="10032723298"/>
  <nd ref="10032723299"/>
  <nd ref="10032723300"/>
  <nd ref="10032723301"/>
  <tag k="building" v="yes"/>
 </way>
 <way id="1095528325" visible="true" version="1" changeset="126317147" timestamp="2022-09-18T03:56:21Z" user="Arun Balaji" uid="3427745">
  <nd ref="10032723313"/>
  <nd ref="10032723310"/>
  <nd ref="10032723311"/>
  <nd ref="10032723312"/>
  <nd ref="10032723313"/>
  <tag k="building" v="yes"/>
 </way>
 <way id="1117411983" visible="true" version="2" changeset="184548450" timestamp="2026-06-24T21:47:19Z" user="TheLNL" uid="21256080">
  <nd ref="10219868294"/>
  <nd ref="10219868295"/>
  <nd ref="10219868296"/>
  <nd ref="10219868297"/>
  <nd ref="13963300442"/>
  <nd ref="10219868294"/>
  <tag k="amenity" v="fuel"/>
 </way>
 <way id="1117411986" visible="true" version="2" changeset="136864738" timestamp="2023-06-02T11:41:19Z" user="Navk" uid="17769086">
  <nd ref="10946038081"/>
  <nd ref="10219868309"/>
  <tag k="barrier" v="wall"/>
 </way>
 <way id="1117411988" visible="true" version="2" changeset="135933491" timestamp="2023-05-10T12:21:27Z" user="Lone_Muskedeer" uid="19219526">
  <nd ref="5487048835"/>
  <nd ref="10219868318"/>
  <nd ref="10219868319"/>
  <nd ref="10219868320"/>
  <nd ref="5487048835"/>
  <tag k="access" v="private"/>
  <tag k="amenity" v="parking"/>
  <tag k="name" v="Car Parking"/>
  <tag k="parking" v="surface"/>
 </way>
 <way id="1117411989" visible="true" version="2" changeset="135933557" timestamp="2023-05-10T12:30:08Z" user="Lone_Muskedeer" uid="19219526">
  <nd ref="10219868321"/>
  <nd ref="10219868322"/>
  <tag k="highway" v="service"/>
  <tag k="service" v="parking_aisle"/>
  <tag k="surface" v="asphalt"/>
 </way>
 <way id="1117413510" visible="true" version="1" changeset="129405933" timestamp="2022-11-26T15:12:27Z" user="uknown-gryphus" uid="2425805">
  <nd ref="10219880152"/>
  <nd ref="10219880153"/>
  <nd ref="10219880154"/>
  <nd ref="10219880155"/>
  <nd ref="10219880156"/>
  <nd ref="10219880157"/>
  <nd ref="10219880158"/>
  <nd ref="10219880159"/>
  <nd ref="10219880160"/>
  <nd ref="10219880161"/>
  <nd ref="10219880162"/>
  <nd ref="10219880163"/>
  <nd ref="10219880164"/>
  <nd ref="10219880176"/>
  <nd ref="10219880165"/>
  <nd ref="10219880152"/>
  <tag k="area" v="yes"/>
 </way>
 <way id="1117413511" visible="true" version="1" changeset="129405933" timestamp="2022-11-26T15:12:27Z" user="uknown-gryphus" uid="2425805">
  <nd ref="10219880166"/>
  <nd ref="10219880167"/>
  <nd ref="10219880168"/>
  <nd ref="10219880169"/>
  <nd ref="10219880170"/>
  <nd ref="10219880171"/>
  <nd ref="10219880172"/>
  <nd ref="10219880173"/>
  <nd ref="10219880174"/>
  <nd ref="10219880175"/>
  <nd ref="10219880166"/>
  <tag k="area" v="yes"/>
 </way>
 <way id="1178288709" visible="true" version="4" changeset="184548450" timestamp="2026-06-24T21:47:19Z" user="TheLNL" uid="21256080">
  <nd ref="10946008112"/>
  <nd ref="5487048839"/>
  <nd ref="5487048838"/>
  <nd ref="5487048837"/>
  <nd ref="13963300459"/>
  <nd ref="5487048870"/>
  <nd ref="5487048869"/>
  <nd ref="5487048868"/>
  <nd ref="5487048867"/>
  <nd ref="5487048866"/>
  <nd ref="5487048865"/>
  <nd ref="5487048862"/>
  <nd ref="13462634946"/>
  <nd ref="5487048861"/>
  <nd ref="6869329075"/>
  <nd ref="13462634945"/>
  <nd ref="13462634944"/>
  <nd ref="5487048860"/>
  <nd ref="5487048859"/>
  <nd ref="10946008105"/>
 </way>
 <way id="1178288712" visible="true" version="1" changeset="136863016" timestamp="2023-06-02T10:54:10Z" user="Navk" uid="17769086">
  <nd ref="10946008077"/>
  <nd ref="10946008078"/>
  <nd ref="10946008079"/>
  <nd ref="10858550788"/>
  <nd ref="10946008080"/>
  <nd ref="10946008081"/>
  <nd ref="10946008082"/>
  <nd ref="10946008083"/>
  <nd ref="10946008084"/>
  <tag k="barrier" v="wall"/>
 </way>
 <way id="1178288718" visible="true" version="2" changeset="150649617" timestamp="2024-04-29T07:57:34Z" user="tg1239" uid="21373336">
  <nd ref="10946008105"/>
  <nd ref="11865602888"/>
  <nd ref="10946008106"/>
  <nd ref="10946008107"/>
  <nd ref="10946008108"/>
  <nd ref="10946008109"/>
  <nd ref="10946008110"/>
  <nd ref="10946008111"/>
  <nd ref="10946008121"/>
  <nd ref="10946008123"/>
  <nd ref="10946008112"/>
 </way>
 <way id="1178288719" visible="true" version="1" changeset="136863016" timestamp="2023-06-02T10:54:10Z" user="Navk" uid="17769086">
  <nd ref="5487048840"/>
  <nd ref="10946008124"/>
  <nd ref="10946008122"/>
  <nd ref="10946008113"/>
  <nd ref="10946008114"/>
  <nd ref="10946008115"/>
  <nd ref="10946008116"/>
  <nd ref="10946008117"/>
  <nd ref="10946008118"/>
  <nd ref="10946008119"/>
  <nd ref="10946008120"/>
 </way>
 <way id="1178288720" visible="true" version="1" changeset="136863016" timestamp="2023-06-02T10:54:10Z" user="Navk" uid="17769086">
  <nd ref="10946008120"/>
  <nd ref="5487048858"/>
  <nd ref="5487048857"/>
  <nd ref="5487048856"/>
 </way>
 <way id="1178289727" visible="true" version="1" changeset="136863351" timestamp="2023-06-02T11:03:25Z" user="Navk" uid="17769086">
  <nd ref="10032723243"/>
  <nd ref="10946016445"/>
  <nd ref="10946016446"/>
  <nd ref="10946016447"/>
  <nd ref="10946016448"/>
  <nd ref="10946016449"/>
  <nd ref="10946016450"/>
  <nd ref="10946016451"/>
  <nd ref="10946016452"/>
  <nd ref="10946016453"/>
  <nd ref="10946016454"/>
  <nd ref="10946016455"/>
  <nd ref="10946016456"/>
  <nd ref="10946016457"/>
  <nd ref="10946016458"/>
  <nd ref="10946016459"/>
  <nd ref="10946016460"/>
  <nd ref="10946016461"/>
  <nd ref="10946016462"/>
  <nd ref="10946016463"/>
  <nd ref="10946016464"/>
  <nd ref="10946016465"/>
  <nd ref="10946008088"/>
 </way>
 <way id="1178289737" visible="true" version="2" changeset="166340232" timestamp="2025-05-16T09:30:04Z" user="sovereign_quocda" uid="21732264">
  <nd ref="10946008058"/>
  <nd ref="10946016486"/>
  <nd ref="12841584149"/>
  <nd ref="10946016480"/>
  <nd ref="10946016481"/>
  <nd ref="10946016482"/>
  <nd ref="10946016483"/>
  <nd ref="10946016484"/>
  <nd ref="10946016485"/>
  <nd ref="4137696572"/>
  <tag k="access" v="private"/>
  <tag k="highway" v="service"/>
 </way>
 <way id="1178295092" visible="true" version="1" changeset="136864738" timestamp="2023-06-02T11:41:19Z" user="Navk" uid="17769086">
  <nd ref="10219868310"/>
  <nd ref="10219868311"/>
  <tag k="barrier" v="wall"/>
 </way>
 <way id="1178295093" visible="true" version="1" changeset="136864738" timestamp="2023-06-02T11:41:19Z" user="Navk" uid="17769086">
  <nd ref="10219868309"/>
  <nd ref="10219868310"/>
  <tag k="barrier" v="wall"/>
 </way>
 <way id="1178295096" visible="true" version="1" changeset="136864738" timestamp="2023-06-02T11:41:19Z" user="Navk" uid="17769086">
  <nd ref="10219868309"/>
  <nd ref="10946038082"/>
  <nd ref="10946038083"/>
  <tag k="barrier" v="wall"/>
 </way>
 <way id="1178295097" visible="true" version="1" changeset="136864738" timestamp="2023-06-02T11:41:19Z" user="Navk" uid="17769086">
  <nd ref="10946038084"/>
  <nd ref="10946038085"/>
  <nd ref="10946038086"/>
  <nd ref="10946038087"/>
  <nd ref="10946038088"/>
  <nd ref="10946038089"/>
  <nd ref="10946038090"/>
  <nd ref="10946038091"/>
  <nd ref="10946038092"/>
  <nd ref="10946038093"/>
  <nd ref="10946038094"/>
  <nd ref="10946038095"/>
  <nd ref="10946038096"/>
  <tag k="barrier" v="wall"/>
 </way>
 <way id="1178295100" visible="true" version="1" changeset="136864738" timestamp="2023-06-02T11:41:19Z" user="Navk" uid="17769086">
  <nd ref="5487048841"/>
  <nd ref="10946063205"/>
  <nd ref="10946063206"/>
  <nd ref="10946063207"/>
  <nd ref="10946063208"/>
  <nd ref="10946063209"/>
  <nd ref="5487048843"/>
 </way>
 <way id="1178295101" visible="true" version="1" changeset="136864738" timestamp="2023-06-02T11:41:19Z" user="Navk" uid="17769086">
  <nd ref="5487048841"/>
  <nd ref="5487048840"/>
 </way>
 <way id="1218237700" visible="true" version="2" changeset="166340232" timestamp="2025-05-16T09:30:04Z" user="sovereign_quocda" uid="21732264">
  <nd ref="11288398854"/>
  <nd ref="11288398855"/>
  <nd ref="11288398856"/>
  <nd ref="11288398857"/>
  <nd ref="12841559753"/>
  <nd ref="11288398858"/>
  <nd ref="11288398859"/>
  <nd ref="11288398860"/>
  <nd ref="11288398861"/>
  <nd ref="11288398862"/>
  <nd ref="11288398863"/>
  <nd ref="11288398864"/>
  <nd ref="11288398865"/>
  <nd ref="11288398866"/>
  <nd ref="11288398867"/>
  <nd ref="11288398868"/>
  <nd ref="11288420169"/>
  <nd ref="11288420170"/>
  <nd ref="11288420171"/>
  <nd ref="11288420172"/>
  <nd ref="11288420173"/>
  <nd ref="11288420174"/>
  <nd ref="11288420175"/>
  <nd ref="11288420176"/>
  <nd ref="11288420177"/>
  <nd ref="11288420178"/>
  <nd ref="11288420179"/>
  <tag k="highway" v="residential"/>
  <tag k="source" v="maxar"/>
 </way>
 <way id="1259735184" visible="true" version="2" changeset="150710938" timestamp="2024-04-30T14:20:23Z" user="tg1239" uid="21373336">
  <nd ref="11711551913"/>
  <nd ref="11711551914"/>
  <nd ref="11711551915"/>
  <nd ref="11711551916"/>
  <nd ref="11711551913"/>
  <tag k="leisure" v="pitch"/>
  <tag k="name" v="MH Volleyball Court"/>
  <tag k="sport" v="volleyball"/>
 </way>
 <way id="1259735185" visible="true" version="1" changeset="148470439" timestamp="2024-03-10T16:33:03Z" user="Asif99182" uid="20658534">
  <nd ref="11711551917"/>
  <nd ref="11711551918"/>
  <nd ref="11711551919"/>
  <nd ref="11711551920"/>
  <nd ref="11711551917"/>
  <tag k="leisure" v="park"/>
 </way>
 <way id="1259736225" visible="true" version="2" changeset="172336550" timestamp="2025-09-23T10:38:06Z" user="PalMaper" uid="13262539">
  <nd ref="11711558396"/>
  <nd ref="11711558397"/>
  <nd ref="11711558398"/>
  <nd ref="11711558399"/>
  <nd ref="11711558396"/>
  <tag k="building" v="yes"/>
  <tag k="name" v="Chota Dhobi Laundry Services"/>
  <tag k="shop" v="laundry"/>
 </way>
 <way id="1259738112" visible="true" version="3" changeset="185881561" timestamp="2026-07-17T03:42:30Z" user="TheLNL" uid="21256080">
  <nd ref="11711562130"/>
  <nd ref="11711562134"/>
  <nd ref="14021323242"/>
  <nd ref="11711562131"/>
  <nd ref="11711562132"/>
  <nd ref="11711562133"/>
  <nd ref="2538150553"/>
  <tag k="highway" v="residential"/>
 </way>
 <way id="1259738113" visible="true" version="2" changeset="172337357" timestamp="2025-09-23T10:54:03Z" user="PalMaper" uid="13262539">
  <nd ref="11711562134"/>
  <nd ref="13164955333"/>
  <nd ref="11711562136"/>
  <nd ref="11711562135"/>
  <tag k="highway" v="residential"/>
 </way>
 <way id="1259738114" visible="true" version="2" changeset="174896414" timestamp="2025-11-20T08:58:48Z" user="PalMaper" uid="13262539">
  <nd ref="11711562146"/>
  <nd ref="11711562138"/>
  <nd ref="11711562139"/>
  <nd ref="11711562140"/>
  <nd ref="11711562141"/>
  <nd ref="11711562142"/>
  <nd ref="13318807459"/>
  <nd ref="13318807450"/>
  <nd ref="11711562143"/>
  <nd ref="13318807463"/>
  <nd ref="13318807465"/>
  <nd ref="11711562144"/>
  <tag k="highway" v="residential"/>
 </way>
 <way id="1259738115" visible="true" version="1" changeset="148470992" timestamp="2024-03-10T16:44:50Z" user="Asif99182" uid="20658534">
  <nd ref="11711562136"/>
  <nd ref="11711562137"/>
  <nd ref="11711562145"/>
  <tag k="highway" v="residential"/>
 </way>
 <way id="1259738116" visible="true" version="2" changeset="150710683" timestamp="2024-04-30T14:14:55Z" user="tg1239" uid="21373336">
  <nd ref="11711562145"/>
  <nd ref="11711562146"/>
  <tag k="highway" v="residential"/>
  <tag k="layer" v="-1"/>
  <tag k="name" v="PRP/SJT Subway"/>
  <tag k="tunnel" v="yes"/>
 </way>
 <way id="1259738117" visible="true" version="3" changeset="185881561" timestamp="2026-07-17T03:42:30Z" user="TheLNL" uid="21256080">
  <nd ref="11711562147"/>
  <nd ref="14021323253"/>
  <tag k="highway" v="residential"/>
  <tag k="layer" v="-1"/>
  <tag k="tunnel" v="yes"/>
 </way>
 <way id="1259738118" visible="true" version="1" changeset="148470992" timestamp="2024-03-10T16:44:50Z" user="Asif99182" uid="20658534">
  <nd ref="1035421345"/>
  <nd ref="11711562147"/>
  <tag k="highway" v="residential"/>
 </way>
 <way id="1261330130" visible="true" version="1" changeset="148528620" timestamp="2024-03-12T01:27:49Z" user="Asif99182" uid="20658534">
  <nd ref="11721122809"/>
  <nd ref="11721122810"/>
  <nd ref="11721122811"/>
  <nd ref="11721122812"/>
  <nd ref="11721122813"/>
  <nd ref="11721122814"/>
  <nd ref="11721122815"/>
  <nd ref="11721122816"/>
  <nd ref="11721122817"/>
  <nd ref="11721122818"/>
  <nd ref="11721122819"/>
  <nd ref="11721122809"/>
  <tag k="landuse" v="recreation_ground"/>
  <tag k="name" v="SJT Ground"/>
 </way>
 <way id="1273608540" visible="true" version="1" changeset="150160731" timestamp="2024-04-18T07:48:31Z" user="uknown-gryphus" uid="2425805">
  <nd ref="11827076669"/>
  <nd ref="11827076670"/>
  <nd ref="11827076671"/>
  <nd ref="11827076672"/>
  <nd ref="11827076673"/>
  <nd ref="11827076675"/>
  <nd ref="11827076674"/>
  <tag k="highway" v="service"/>
  <tag k="service" v="driveway"/>
 </way>
 <way id="1273608541" visible="true" version="1" changeset="150160731" timestamp="2024-04-18T07:48:31Z" user="uknown-gryphus" uid="2425805">
  <nd ref="1035458427"/>
  <nd ref="1035458424"/>
  <nd ref="1035458425"/>
  <nd ref="1035458430"/>
  <nd ref="1035458435"/>
  <nd ref="1035458422"/>
  <nd ref="1035458421"/>
  <nd ref="1035458423"/>
  <nd ref="1035458436"/>
  <nd ref="1035458428"/>
  <nd ref="1035426763"/>
  <tag k="highway" v="service"/>
  <tag k="service" v="driveway"/>
 </way>
 <way id="1277831744" visible="true" version="1" changeset="150619753" timestamp="2024-04-28T13:53:05Z" user="tg1239" uid="21373336">
  <nd ref="11862318643"/>
  <nd ref="11862318644"/>
  <nd ref="11862318645"/>
  <nd ref="11862318646"/>
  <nd ref="11862318643"/>
  <tag k="building" v="yes"/>
  <tag k="name" v="Chillout Plaza"/>
 </way>
 <way id="1278072746" visible="true" version="2" changeset="150649696" timestamp="2024-04-29T07:59:51Z" user="tg1239" uid="21373336">
  <nd ref="11711562130"/>
  <nd ref="11865571158"/>
  <nd ref="11865602889"/>
  <nd ref="11865602890"/>
  <tag k="highway" v="path"/>
 </way>
 <way id="1278519408" visible="true" version="4" changeset="174897320" timestamp="2025-11-20T09:22:40Z" user="PalMaper" uid="13262539">
  <nd ref="11869185429"/>
  <nd ref="11869185431"/>
  <nd ref="11869185432"/>
  <nd ref="11869185433"/>
  <nd ref="11869185434"/>
  <nd ref="13318878773"/>
  <nd ref="13318878777"/>
  <nd ref="1035421359"/>
  <tag k="highway" v="service"/>
  <tag k="oneway" v="no"/>
 </way>
 <way id="1278520995" visible="true" version="2" changeset="174897320" timestamp="2025-11-20T09:22:40Z" user="PalMaper" uid="13262539">
  <nd ref="11869181427"/>
  <nd ref="13318878776"/>
  <nd ref="11869181433"/>
  <nd ref="11869181428"/>
  <nd ref="11869181432"/>
  <nd ref="11869181429"/>
  <nd ref="11869181431"/>
  <nd ref="11869181430"/>
  <nd ref="11869185429"/>
  <tag k="highway" v="service"/>
 </way>
 <way id="1387183437" visible="true" version="1" changeset="166340232" timestamp="2025-05-16T09:30:04Z" user="sovereign_quocda" uid="21732264">
  <nd ref="11288398863"/>
  <nd ref="12841559738"/>
  <nd ref="12841559739"/>
  <nd ref="12841559740"/>
  <nd ref="12841559741"/>
  <nd ref="12841559742"/>
  <nd ref="12841559743"/>
  <nd ref="12841559744"/>
  <nd ref="12841559745"/>
  <nd ref="12841559746"/>
  <nd ref="12841559747"/>
  <nd ref="12841559748"/>
  <nd ref="1035570243"/>
  <tag k="highway" v="residential"/>
 </way>
 <way id="1387183438" visible="true" version="1" changeset="166340232" timestamp="2025-05-16T09:30:04Z" user="sovereign_quocda" uid="21732264">
  <nd ref="12841559743"/>
  <nd ref="12841559749"/>
  <nd ref="12841559750"/>
  <nd ref="12841559751"/>
  <nd ref="12841559752"/>
  <nd ref="12841559753"/>
  <tag k="highway" v="residential"/>
 </way>
 <way id="1387183468" visible="true" version="1" changeset="166340232" timestamp="2025-05-16T09:30:04Z" user="sovereign_quocda" uid="21732264">
  <nd ref="11711562135"/>
  <nd ref="12841584108"/>
  <tag k="highway" v="residential"/>
 </way>
 <way id="1387183469" visible="true" version="1" changeset="166340232" timestamp="2025-05-16T09:30:04Z" user="sovereign_quocda" uid="21732264">
  <nd ref="12841584109"/>
  <nd ref="12841584108"/>
  <tag k="highway" v="unclassified"/>
 </way>
 <way id="1387183478" visible="true" version="2" changeset="183384353" timestamp="2026-05-30T06:09:39Z" user="TheLNL" uid="21256080">
  <nd ref="12841584149"/>
  <nd ref="12841584150"/>
  <nd ref="13895225280"/>
  <nd ref="13895225279"/>
  <nd ref="13895225278"/>
  <nd ref="12841584151"/>
  <nd ref="13895225277"/>
  <nd ref="13895225276"/>
  <nd ref="13895225275"/>
  <nd ref="13895225274"/>
  <nd ref="13895225273"/>
  <nd ref="13895225272"/>
  <nd ref="13895225271"/>
  <nd ref="12841584152"/>
  <nd ref="13895225270"/>
  <nd ref="13895225269"/>
  <nd ref="13895225268"/>
  <nd ref="13895225267"/>
  <nd ref="13895225282"/>
  <nd ref="13895225266"/>
  <nd ref="13895225265"/>
  <nd ref="13895225264"/>
  <nd ref="13895225281"/>
  <nd ref="13895225263"/>
  <nd ref="12841584153"/>
  <tag k="highway" v="service"/>
 </way>
 <way id="1428296785" visible="true" version="2" changeset="184548450" timestamp="2026-06-24T21:47:19Z" user="TheLNL" uid="21256080">
  <nd ref="13131033545"/>
  <nd ref="13131033546"/>
  <nd ref="13131033547"/>
  <nd ref="13131033548"/>
  <nd ref="13131033545"/>
  <tag k="amenity" v="fire_station"/>
  <tag k="building" v="fire_station"/>
 </way>
 <way id="1432256650" visible="true" version="1" changeset="172336550" timestamp="2025-09-23T10:38:06Z" user="PalMaper" uid="13262539">
  <nd ref="13164929546"/>
  <nd ref="13164929547"/>
  <nd ref="13164929548"/>
  <nd ref="13164929549"/>
  <nd ref="13164929546"/>
  <tag k="building" v="university"/>
  <tag k="name" v="TT Annexe"/>
 </way>
 <way id="1432256652" visible="true" version="1" changeset="172336550" timestamp="2025-09-23T10:38:06Z" user="PalMaper" uid="13262539">
  <nd ref="13164929555"/>
  <nd ref="13164929556"/>
  <nd ref="13164929557"/>
  <nd ref="13164929558"/>
  <nd ref="13164929555"/>
  <tag k="building" v="dormitory"/>
  <tag k="name" v="T Block"/>
 </way>
 <way id="1432259460" visible="true" version="1" changeset="172337357" timestamp="2025-09-23T10:54:03Z" user="PalMaper" uid="13262539">
  <nd ref="13164955308"/>
  <nd ref="13164955309"/>
  <nd ref="13164955310"/>
  <nd ref="13164955311"/>
  <nd ref="13164955312"/>
  <nd ref="13164955313"/>
  <nd ref="13164955314"/>
  <nd ref="13164955308"/>
  <tag k="amenity" v="motorcycle_parking"/>
  <tag k="covered" v="no"/>
 </way>
 <way id="1432259461" visible="true" version="1" changeset="172337357" timestamp="2025-09-23T10:54:03Z" user="PalMaper" uid="13262539">
  <nd ref="5487048328"/>
  <nd ref="13164955315"/>
  <tag k="highway" v="footway"/>
 </way>
 <way id="1432259462" visible="true" version="1" changeset="172337357" timestamp="2025-09-23T10:54:03Z" user="PalMaper" uid="13262539">
  <nd ref="13164955315"/>
  <nd ref="13164955316"/>
  <nd ref="13164955317"/>
  <tag k="highway" v="footway"/>
 </way>
 <way id="1432259463" visible="true" version="1" changeset="172337357" timestamp="2025-09-23T10:54:03Z" user="PalMaper" uid="13262539">
  <nd ref="13164955318"/>
  <nd ref="13164955319"/>
  <nd ref="13164955320"/>
  <nd ref="13164955321"/>
  <nd ref="13164955322"/>
  <nd ref="13164955323"/>
  <nd ref="13164955318"/>
  <tag k="indoor" v="room"/>
  <tag k="stairs" v="yes"/>
 </way>
 <way id="1432259464" visible="true" version="1" changeset="172337357" timestamp="2025-09-23T10:54:03Z" user="PalMaper" uid="13262539">
  <nd ref="13164955324"/>
  <nd ref="13164955325"/>
  <nd ref="13164955326"/>
  <nd ref="13164955327"/>
  <nd ref="13164955328"/>
  <nd ref="13164955324"/>
  <tag k="indoor" v="room"/>
  <tag k="stairs" v="yes"/>
 </way>
 <way id="1432259465" visible="true" version="1" changeset="172337357" timestamp="2025-09-23T10:54:03Z" user="PalMaper" uid="13262539">
  <nd ref="13164955329"/>
  <nd ref="13164955330"/>
  <tag k="highway" v="footway"/>
 </way>
 <way id="1432259466" visible="true" version="1" changeset="172337357" timestamp="2025-09-23T10:54:03Z" user="PalMaper" uid="13262539">
  <nd ref="13164955330"/>
  <nd ref="13164955331"/>
  <tag k="highway" v="footway"/>
  <tag k="layer" v="-1"/>
  <tag k="tunnel" v="yes"/>
 </way>
 <way id="1432259467" visible="true" version="1" changeset="172337357" timestamp="2025-09-23T10:54:03Z" user="PalMaper" uid="13262539">
  <nd ref="13164955331"/>
  <nd ref="13164955332"/>
  <nd ref="13164955333"/>
  <tag k="highway" v="footway"/>
 </way>
 <way id="1452293368" visible="true" version="2" changeset="174897746" timestamp="2025-11-20T09:33:15Z" user="PalMaper" uid="13262539">
  <nd ref="5487048394"/>
  <nd ref="1626955132"/>
  <nd ref="13318888571"/>
  <tag k="bicycle" v="no"/>
  <tag k="foot" v="yes"/>
  <tag k="highway" v="footway"/>
  <tag k="motor_vehicle" v="no"/>
  <tag k="name" v="Souvenier Subway"/>
  <tag k="surface" v="paved"/>
 </way>
 <way id="1452293369" visible="true" version="1" changeset="174896645" timestamp="2025-11-20T09:05:32Z" user="PalMaper" uid="13262539">
  <nd ref="5487048383"/>
  <nd ref="13318861531"/>
  <nd ref="5487048403"/>
  <tag k="crossing" v="uncontrolled"/>
  <tag k="crossing:island" v="no"/>
  <tag k="crossing:markings" v="zebra"/>
  <tag k="footway" v="crossing"/>
  <tag k="highway" v="footway"/>
 </way>
 <way id="1452295923" visible="true" version="1" changeset="174897320" timestamp="2025-11-20T09:22:40Z" user="PalMaper" uid="13262539">
  <nd ref="5487048335"/>
  <nd ref="13318878728"/>
  <nd ref="13318878727"/>
  <tag k="crossing" v="uncontrolled"/>
  <tag k="crossing:island" v="no"/>
  <tag k="crossing:markings" v="yes"/>
  <tag k="footway" v="crossing"/>
  <tag k="highway" v="footway"/>
  <tag k="traffic_calming" v="table"/>
 </way>
 <way id="1452295924" visible="true" version="2" changeset="174897874" timestamp="2025-11-20T09:37:15Z" user="PalMaper" uid="13262539">
  <nd ref="13318878736"/>
  <nd ref="13318878729"/>
  <nd ref="13318878730"/>
  <nd ref="13318878731"/>
  <nd ref="13318895305"/>
  <tag k="covered" v="yes"/>
  <tag k="footway" v="sidewalk"/>
  <tag k="highway" v="footway"/>
 </way>
 <way id="1452295925" visible="true" version="1" changeset="174897320" timestamp="2025-11-20T09:22:40Z" user="PalMaper" uid="13262539">
  <nd ref="5487048398"/>
  <nd ref="13318878737"/>
  <nd ref="13318878736"/>
  <tag k="crossing" v="uncontrolled"/>
  <tag k="crossing:markings" v="yes"/>
  <tag k="footway" v="crossing"/>
  <tag k="highway" v="footway"/>
 </way>
 <way id="1452295926" visible="true" version="1" changeset="174897320" timestamp="2025-11-20T09:22:40Z" user="PalMaper" uid="13262539">
  <nd ref="13318878740"/>
  <nd ref="13318878741"/>
  <nd ref="13318878756"/>
  <nd ref="13318878758"/>
  <nd ref="13318878742"/>
  <nd ref="13318878743"/>
  <nd ref="13318878744"/>
  <nd ref="13318878745"/>
  <nd ref="13318878746"/>
  <nd ref="13318878740"/>
  <tag k="footway" v="sidewalk"/>
  <tag k="highway" v="footway"/>
 </way>
 <way id="1452295927" visible="true" version="1" changeset="174897320" timestamp="2025-11-20T09:22:40Z" user="PalMaper" uid="13262539">
  <nd ref="13318878733"/>
  <nd ref="13318878747"/>
  <nd ref="13318878746"/>
  <tag k="crossing" v="uncontrolled"/>
  <tag k="crossing:markings" v="yes"/>
  <tag k="footway" v="crossing"/>
  <tag k="highway" v="footway"/>
 </way>
 <way id="1452295928" visible="true" version="1" changeset="174897320" timestamp="2025-11-20T09:22:40Z" user="PalMaper" uid="13262539">
  <nd ref="13318878748"/>
  <nd ref="13318878749"/>
  <nd ref="13318878750"/>
  <nd ref="13318878751"/>
  <nd ref="1035481785"/>
  <nd ref="1035481778"/>
  <nd ref="13318878752"/>
  <nd ref="13318878753"/>
  <nd ref="13318878754"/>
  <nd ref="13318878755"/>
  <nd ref="13318878748"/>
  <tag k="footway" v="sidewalk"/>
  <tag k="highway" v="footway"/>
 </way>
 <way id="1452295929" visible="true" version="1" changeset="174897320" timestamp="2025-11-20T09:22:40Z" user="PalMaper" uid="13262539">
  <nd ref="13318878756"/>
  <nd ref="13318878757"/>
  <nd ref="13318878755"/>
  <tag k="crossing" v="uncontrolled"/>
  <tag k="crossing:markings" v="yes"/>
  <tag k="footway" v="crossing"/>
  <tag k="highway" v="footway"/>
 </way>
 <way id="1452295930" visible="true" version="1" changeset="174897320" timestamp="2025-11-20T09:22:40Z" user="PalMaper" uid="13262539">
  <nd ref="13318878758"/>
  <nd ref="13318878759"/>
  <nd ref="13318878754"/>
  <tag k="crossing" v="uncontrolled"/>
  <tag k="crossing:markings" v="yes"/>
  <tag k="footway" v="crossing"/>
  <tag k="highway" v="footway"/>
 </way>
 <way id="1452295931" visible="true" version="1" changeset="174897320" timestamp="2025-11-20T09:22:40Z" user="PalMaper" uid="13262539">
  <nd ref="13318878734"/>
  <nd ref="13318878760"/>
  <nd ref="13318878744"/>
  <tag k="crossing" v="uncontrolled"/>
  <tag k="crossing:markings" v="yes"/>
  <tag k="footway" v="crossing"/>
  <tag k="highway" v="footway"/>
 </way>
 <way id="1452295932" visible="true" version="1" changeset="174897320" timestamp="2025-11-20T09:22:40Z" user="PalMaper" uid="13262539">
  <nd ref="5487048387"/>
  <nd ref="13318878761"/>
  <nd ref="5487048400"/>
  <tag k="crossing" v="uncontrolled"/>
  <tag k="crossing:markings" v="ladder"/>
  <tag k="footway" v="crossing"/>
  <tag k="highway" v="footway"/>
 </way>
 <way id="1452295933" visible="true" version="1" changeset="174897320" timestamp="2025-11-20T09:22:40Z" user="PalMaper" uid="13262539">
  <nd ref="13318878763"/>
  <nd ref="13318878762"/>
  <tag k="footway" v="sidewalk"/>
  <tag k="highway" v="footway"/>
  <tag k="layer" v="-1"/>
  <tag k="tunnel" v="yes"/>
 </way>
 <way id="1452295934" visible="true" version="1" changeset="174897320" timestamp="2025-11-20T09:22:40Z" user="PalMaper" uid="13262539">
  <nd ref="5487048402"/>
  <nd ref="13318878764"/>
  <tag k="footway" v="sidewalk"/>
  <tag k="highway" v="footway"/>
  <tag k="layer" v="-1"/>
  <tag k="tunnel" v="yes"/>
 </way>
 <way id="1452295935" visible="true" version="1" changeset="174897320" timestamp="2025-11-20T09:22:40Z" user="PalMaper" uid="13262539">
  <nd ref="13318878764"/>
  <nd ref="13318878763"/>
  <tag k="footway" v="sidewalk"/>
  <tag k="highway" v="footway"/>
  <tag k="layer" v="-1"/>
  <tag k="tunnel" v="yes"/>
 </way>
 <way id="1452295936" visible="true" version="1" changeset="174897320" timestamp="2025-11-20T09:22:40Z" user="PalMaper" uid="13262539">
  <nd ref="13318878762"/>
  <nd ref="13318878765"/>
  <tag k="footway" v="sidewalk"/>
  <tag k="highway" v="footway"/>
  <tag k="incline" v="up"/>
 </way>
 <way id="1452295937" visible="true" version="1" changeset="174897320" timestamp="2025-11-20T09:22:40Z" user="PalMaper" uid="13262539">
  <nd ref="13318878765"/>
  <nd ref="13318878766"/>
  <tag k="handrail" v="yes"/>
  <tag k="highway" v="steps"/>
  <tag k="incline" v="down"/>
 </way>
 <way id="1452295938" visible="true" version="1" changeset="174897320" timestamp="2025-11-20T09:22:40Z" user="PalMaper" uid="13262539">
  <nd ref="13318878767"/>
  <nd ref="13318878768"/>
  <nd ref="13318878769"/>
  <nd ref="13318878771"/>
  <nd ref="13318878772"/>
  <nd ref="13318878770"/>
  <tag k="footway" v="sidewalk"/>
  <tag k="highway" v="footway"/>
 </way>
 <way id="1452295939" visible="true" version="1" changeset="174897320" timestamp="2025-11-20T09:22:40Z" user="PalMaper" uid="13262539">
  <nd ref="13318878774"/>
  <nd ref="13318878776"/>
  <nd ref="13318878775"/>
  <tag k="footway" v="sidewalk"/>
  <tag k="highway" v="footway"/>
 </way>
 <way id="1452295940" visible="true" version="1" changeset="174897320" timestamp="2025-11-20T09:22:40Z" user="PalMaper" uid="13262539">
  <nd ref="13318878770"/>
  <nd ref="13318878777"/>
  <nd ref="13318878774"/>
  <tag k="crossing" v="unmarked"/>
  <tag k="crossing:markings" v="no"/>
  <tag k="footway" v="crossing"/>
  <tag k="highway" v="footway"/>
 </way>
 <way id="1452297998" visible="true" version="1" changeset="174897670" timestamp="2025-11-20T09:31:30Z" user="PalMaper" uid="13262539">
  <nd ref="13318891524"/>
  <nd ref="13318891525"/>
  <nd ref="13318891526"/>
  <nd ref="13318891527"/>
  <nd ref="13318891528"/>
  <nd ref="13318891529"/>
  <nd ref="13318891530"/>
  <nd ref="13318891531"/>
  <nd ref="13318891532"/>
  <nd ref="13318891533"/>
  <nd ref="11827076579"/>
  <tag k="highway" v="residential"/>
 </way>
 <way id="1452297999" visible="true" version="1" changeset="174897670" timestamp="2025-11-20T09:31:30Z" user="PalMaper" uid="13262539">
  <nd ref="13318891534"/>
  <nd ref="13318891535"/>
  <nd ref="13318891536"/>
  <nd ref="13318891537"/>
  <nd ref="13318891538"/>
  <nd ref="13318891539"/>
  <nd ref="13318891540"/>
  <nd ref="13318891541"/>
  <nd ref="13318891542"/>
  <nd ref="13318891543"/>
  <nd ref="13318891544"/>
  <nd ref="13318891545"/>
  <nd ref="13318891546"/>
  <nd ref="13318891547"/>
  <nd ref="13318891548"/>
  <nd ref="13318891549"/>
  <nd ref="13318891550"/>
  <tag k="highway" v="track"/>
 </way>
 <way id="1452298000" visible="true" version="1" changeset="174897670" timestamp="2025-11-20T09:31:30Z" user="PalMaper" uid="13262539">
  <nd ref="13318891546"/>
  <nd ref="13318891551"/>
  <nd ref="13318891552"/>
  <nd ref="13318891553"/>
  <nd ref="13318891554"/>
  <tag k="highway" v="track"/>
 </way>
 <way id="1452298138" visible="true" version="1" changeset="174897746" timestamp="2025-11-20T09:33:15Z" user="PalMaper" uid="13262539">
  <nd ref="5487048382"/>
  <nd ref="13318888570"/>
  <tag k="bicycle" v="no"/>
  <tag k="foot" v="yes"/>
  <tag k="highway" v="steps"/>
  <tag k="motor_vehicle" v="no"/>
  <tag k="name" v="Souvenier Subway"/>
  <tag k="surface" v="paved"/>
 </way>
 <way id="1452298139" visible="true" version="1" changeset="174897746" timestamp="2025-11-20T09:33:15Z" user="PalMaper" uid="13262539">
  <nd ref="13318888571"/>
  <nd ref="5487048402"/>
  <tag k="bicycle" v="no"/>
  <tag k="foot" v="yes"/>
  <tag k="highway" v="steps"/>
  <tag k="motor_vehicle" v="no"/>
  <tag k="name" v="Souvenier Subway"/>
  <tag k="surface" v="paved"/>
 </way>
 <way id="1452299071" visible="true" version="1" changeset="174897874" timestamp="2025-11-20T09:37:15Z" user="PalMaper" uid="13262539">
  <nd ref="13318895305"/>
  <nd ref="13318878732"/>
  <nd ref="13318878733"/>
  <nd ref="13318878734"/>
  <nd ref="13318878735"/>
  <nd ref="13318878736"/>
  <tag k="covered" v="no"/>
  <tag k="footway" v="sidewalk"/>
  <tag k="highway" v="footway"/>
 </way>
 <way id="1527099084" visible="true" version="1" changeset="183765380" timestamp="2026-06-07T06:41:35Z" user="TheLNL" uid="21256080">
  <nd ref="13916667497"/>
  <nd ref="13916667496"/>
  <nd ref="13916667495"/>
  <nd ref="13916667494"/>
  <nd ref="13916667493"/>
  <nd ref="13916667492"/>
  <nd ref="13916667491"/>
  <nd ref="13916667490"/>
  <nd ref="13916667497"/>
 </way>
 <way id="1527099085" visible="true" version="1" changeset="183765380" timestamp="2026-06-07T06:41:35Z" user="TheLNL" uid="21256080">
  <nd ref="13916669603"/>
  <nd ref="13916669602"/>
  <nd ref="13916669601"/>
  <nd ref="13916667500"/>
  <nd ref="13916667499"/>
  <nd ref="13916667498"/>
  <nd ref="13916669603"/>
 </way>
 <way id="1527099086" visible="true" version="1" changeset="183765380" timestamp="2026-06-07T06:41:35Z" user="TheLNL" uid="21256080">
  <nd ref="13916669607"/>
  <nd ref="13916669604"/>
  <nd ref="13916669605"/>
  <nd ref="13916669606"/>
  <nd ref="13916669608"/>
  <nd ref="13916669607"/>
 </way>
 <way id="1527099087" visible="true" version="1" changeset="183765380" timestamp="2026-06-07T06:41:35Z" user="TheLNL" uid="21256080">
  <nd ref="13916669615"/>
  <nd ref="13916669610"/>
  <nd ref="13916669609"/>
  <nd ref="13916669614"/>
  <nd ref="13916669613"/>
  <nd ref="13916669612"/>
  <nd ref="13916669611"/>
  <nd ref="13916669615"/>
 </way>
 <way id="1527099088" visible="true" version="1" changeset="183765380" timestamp="2026-06-07T06:41:35Z" user="TheLNL" uid="21256080">
  <nd ref="13916669620"/>
  <nd ref="13916669619"/>
  <nd ref="13916669618"/>
  <nd ref="13916669617"/>
  <nd ref="13916669616"/>
  <nd ref="13916669620"/>
 </way>
 <way id="1527099089" visible="true" version="1" changeset="183765380" timestamp="2026-06-07T06:41:35Z" user="TheLNL" uid="21256080">
  <nd ref="13916669626"/>
  <nd ref="13916669625"/>
  <nd ref="13916669624"/>
  <nd ref="13916669623"/>
  <nd ref="13916669622"/>
  <nd ref="13916669621"/>
  <nd ref="13916669626"/>
 </way>
 <way id="1527099090" visible="true" version="1" changeset="183765380" timestamp="2026-06-07T06:41:35Z" user="TheLNL" uid="21256080">
  <nd ref="13916669636"/>
  <nd ref="13916669635"/>
  <nd ref="13916669634"/>
  <nd ref="13916669633"/>
  <nd ref="13916669629"/>
  <nd ref="13916669628"/>
  <nd ref="13916669627"/>
  <nd ref="13916669630"/>
  <nd ref="13916669632"/>
  <nd ref="13916669631"/>
  <nd ref="13916669636"/>
 </way>
 <way id="1530184790" visible="true" version="1" changeset="184197722" timestamp="2026-06-16T19:38:38Z" user="TheLNL" uid="21256080">
  <nd ref="13946184843"/>
  <nd ref="13946184844"/>
  <nd ref="13946184845"/>
  <nd ref="13946184846"/>
  <nd ref="13946184847"/>
  <nd ref="13946184848"/>
  <nd ref="13946184850"/>
  <nd ref="13946184852"/>
  <nd ref="13946184855"/>
  <nd ref="13946184854"/>
  <nd ref="13946184853"/>
  <nd ref="13946184856"/>
  <nd ref="13946184851"/>
  <nd ref="13946184849"/>
  <nd ref="13946184841"/>
  <nd ref="13946184842"/>
  <nd ref="13946184840"/>
  <nd ref="13946184843"/>
 </way>
 <way id="1530186372" visible="true" version="1" changeset="184197941" timestamp="2026-06-16T19:45:33Z" user="TheLNL" uid="21256080">
  <nd ref="1034973048"/>
  <nd ref="1034973053"/>
  <nd ref="13946184881"/>
  <nd ref="13946184880"/>
  <nd ref="13946184879"/>
  <tag k="highway" v="residential"/>
  <tag k="surface" v="asphalt"/>
 </way>
 <way id="1530312588" visible="true" version="1" changeset="184217568" timestamp="2026-06-17T09:33:53Z" user="TheLNL" uid="21256080">
  <nd ref="13947267529"/>
  <nd ref="13947267531"/>
  <nd ref="13947267580"/>
  <nd ref="13947267534"/>
  <nd ref="13947302769"/>
  <nd ref="13947302708"/>
  <nd ref="13947267529"/>
 </way>
 <way id="1530312589" visible="true" version="1" changeset="184217568" timestamp="2026-06-17T09:33:53Z" user="TheLNL" uid="21256080">
  <nd ref="13947267530"/>
  <nd ref="13947302724"/>
  <nd ref="13947302725"/>
  <nd ref="13947267533"/>
  <nd ref="13947267532"/>
  <nd ref="13947302736"/>
  <nd ref="13947302716"/>
  <nd ref="13947302729"/>
  <nd ref="13947302728"/>
  <nd ref="13947302713"/>
  <nd ref="13947302732"/>
  <nd ref="13947302733"/>
  <nd ref="13947302709"/>
  <nd ref="13947302761"/>
  <nd ref="13947302772"/>
  <nd ref="13947302760"/>
  <nd ref="13947302758"/>
  <nd ref="13947302757"/>
  <nd ref="13947302759"/>
  <nd ref="13947302770"/>
  <nd ref="13947302771"/>
  <nd ref="13947267535"/>
  <nd ref="13947267579"/>
  <nd ref="13947267530"/>
 </way>
 <way id="1530312590" visible="true" version="1" changeset="184217568" timestamp="2026-06-17T09:33:53Z" user="TheLNL" uid="21256080">
  <nd ref="13947302734"/>
  <nd ref="13947302735"/>
  <nd ref="13947302755"/>
  <nd ref="13947302750"/>
  <nd ref="13947302739"/>
  <nd ref="13947302747"/>
  <nd ref="13947302711"/>
  <nd ref="13947302737"/>
  <nd ref="13947302715"/>
  <nd ref="13947302714"/>
  <nd ref="13947267584"/>
  <nd ref="13947267582"/>
  <nd ref="13947267581"/>
  <nd ref="13947267583"/>
  <nd ref="13947302731"/>
  <nd ref="13947302730"/>
  <nd ref="13947302710"/>
  <nd ref="13947267588"/>
  <nd ref="13947267587"/>
  <nd ref="13947267589"/>
  <nd ref="13947267586"/>
  <nd ref="13947267585"/>
  <nd ref="13947302734"/>
 </way>
 <way id="1530312591" visible="true" version="1" changeset="184217568" timestamp="2026-06-17T09:33:53Z" user="TheLNL" uid="21256080">
  <nd ref="13947267596"/>
  <nd ref="13947267593"/>
  <nd ref="13947267592"/>
  <nd ref="13947267594"/>
  <nd ref="13947267591"/>
  <nd ref="13947267590"/>
  <nd ref="13947267595"/>
  <nd ref="13947267598"/>
  <nd ref="13947302707"/>
  <nd ref="13947302767"/>
  <nd ref="13947302742"/>
  <nd ref="13947302743"/>
  <nd ref="13947302704"/>
  <nd ref="13947302703"/>
  <nd ref="13947302701"/>
  <nd ref="13947267600"/>
  <nd ref="13947267599"/>
  <nd ref="13947302702"/>
  <nd ref="13947302705"/>
  <nd ref="13947302706"/>
  <nd ref="13947302712"/>
  <nd ref="13947302726"/>
  <nd ref="13947302727"/>
  <nd ref="13947302721"/>
  <nd ref="13947302720"/>
  <nd ref="13947302717"/>
  <nd ref="13947302718"/>
  <nd ref="13947302719"/>
  <nd ref="13947302722"/>
  <nd ref="13947302723"/>
  <nd ref="13947267597"/>
  <nd ref="13947267596"/>
 </way>
 <way id="1530312592" visible="true" version="1" changeset="184217568" timestamp="2026-06-17T09:33:53Z" user="TheLNL" uid="21256080">
  <nd ref="13947302740"/>
  <nd ref="13947302744"/>
  <nd ref="13947302756"/>
  <nd ref="13947302754"/>
  <nd ref="13947302752"/>
  <nd ref="13947302751"/>
  <nd ref="13947302753"/>
  <nd ref="13947302749"/>
  <nd ref="13947302738"/>
  <nd ref="13947302748"/>
  <nd ref="13947302746"/>
  <nd ref="13947302740"/>
 </way>
 <way id="1530312593" visible="true" version="1" changeset="184217568" timestamp="2026-06-17T09:33:53Z" user="TheLNL" uid="21256080">
  <nd ref="13947302745"/>
  <nd ref="13947302741"/>
  <nd ref="13947302765"/>
  <nd ref="13947302766"/>
  <nd ref="13947302768"/>
  <nd ref="13947302764"/>
  <nd ref="13947302763"/>
  <nd ref="13947302762"/>
  <nd ref="13947302745"/>
 </way>
 <way id="1530382508" visible="true" version="1" changeset="184231187" timestamp="2026-06-17T15:12:52Z" user="TheLNL" uid="21256080">
  <nd ref="13947925168"/>
  <nd ref="13947925126"/>
  <nd ref="13947925123"/>
  <nd ref="13947925124"/>
  <nd ref="13947925125"/>
  <nd ref="13947925121"/>
  <nd ref="13947925168"/>
  <tag k="building" v="yes"/>
 </way>
 <way id="1530382509" visible="true" version="1" changeset="184231187" timestamp="2026-06-17T15:12:52Z" user="TheLNL" uid="21256080">
  <nd ref="13947925134"/>
  <nd ref="13947925131"/>
  <nd ref="13947925132"/>
  <nd ref="13947925133"/>
  <nd ref="13947925134"/>
  <tag k="building" v="roof"/>
  <tag k="layer" v="1"/>
 </way>
 <way id="1530382510" visible="true" version="1" changeset="184231187" timestamp="2026-06-17T15:12:52Z" user="TheLNL" uid="21256080">
  <nd ref="13947925143"/>
  <nd ref="13947925142"/>
  <nd ref="13947925141"/>
  <nd ref="13947925140"/>
  <nd ref="13947925139"/>
  <nd ref="13947925143"/>
 </way>
 <way id="1530382511" visible="true" version="1" changeset="184231187" timestamp="2026-06-17T15:12:52Z" user="TheLNL" uid="21256080">
  <nd ref="13947925145"/>
  <nd ref="13947925146"/>
  <nd ref="13947925147"/>
  <nd ref="13947925148"/>
  <nd ref="13947925144"/>
  <nd ref="13947925145"/>
 </way>
 <way id="1530382512" visible="true" version="1" changeset="184231187" timestamp="2026-06-17T15:12:52Z" user="TheLNL" uid="21256080">
  <nd ref="13947925156"/>
  <nd ref="13947925155"/>
  <nd ref="13947925154"/>
  <nd ref="13947925153"/>
  <nd ref="13947925152"/>
  <nd ref="13947925151"/>
  <nd ref="13947925150"/>
  <nd ref="13947925149"/>
  <nd ref="13947925156"/>
 </way>
 <way id="1530382513" visible="true" version="1" changeset="184231187" timestamp="2026-06-17T15:12:52Z" user="TheLNL" uid="21256080">
  <nd ref="13947925166"/>
  <nd ref="13947925161"/>
  <nd ref="13947925162"/>
  <nd ref="13947925165"/>
  <nd ref="13947925164"/>
  <nd ref="13947925158"/>
  <nd ref="13947925157"/>
  <nd ref="13947925159"/>
  <nd ref="13947925160"/>
  <nd ref="13947925163"/>
  <nd ref="13947925166"/>
 </way>
 <way id="1530829004" visible="true" version="1" changeset="184314247" timestamp="2026-06-19T12:40:36Z" user="TheLNL" uid="21256080">
  <nd ref="13951973380"/>
  <nd ref="13951973377"/>
  <nd ref="13951973378"/>
  <nd ref="13951973379"/>
  <nd ref="13951973380"/>
  <tag k="building" v="yes"/>
 </way>
 <way id="1531350005" visible="true" version="1" changeset="184420235" timestamp="2026-06-22T08:17:20Z" user="TheLNL" uid="21256080">
  <nd ref="13957149673"/>
  <nd ref="13957149672"/>
  <nd ref="13957149671"/>
  <nd ref="13957149670"/>
  <nd ref="13957149669"/>
  <nd ref="13957149668"/>
  <nd ref="13957149662"/>
  <nd ref="13957149659"/>
  <nd ref="13957149658"/>
  <nd ref="13957149657"/>
  <nd ref="13957149660"/>
  <nd ref="13957149667"/>
  <nd ref="13957149661"/>
  <nd ref="13957149666"/>
  <nd ref="13957149665"/>
  <nd ref="13957149664"/>
  <nd ref="13957149663"/>
  <nd ref="13957149673"/>
  <tag k="building" v="yes"/>
 </way>
 <way id="1531350006" visible="true" version="1" changeset="184420235" timestamp="2026-06-22T08:17:20Z" user="TheLNL" uid="21256080">
  <nd ref="13957149677"/>
  <nd ref="13957149674"/>
  <nd ref="13957149675"/>
  <nd ref="13957149676"/>
  <nd ref="13957149677"/>
  <tag k="building" v="yes"/>
 </way>
 <way id="1531350007" visible="true" version="1" changeset="184420235" timestamp="2026-06-22T08:17:20Z" user="TheLNL" uid="21256080">
  <nd ref="13957149681"/>
  <nd ref="13957149678"/>
  <nd ref="13957149679"/>
  <nd ref="13957149680"/>
  <nd ref="13957149681"/>
  <tag k="building" v="yes"/>
 </way>
 <way id="1531350008" visible="true" version="1" changeset="184420235" timestamp="2026-06-22T08:17:20Z" user="TheLNL" uid="21256080">
  <nd ref="13957149685"/>
  <nd ref="13957149696"/>
  <nd ref="13957261805"/>
  <nd ref="13957261802"/>
  <nd ref="13957149697"/>
  <nd ref="13957261801"/>
  <nd ref="13957149700"/>
  <nd ref="13957149699"/>
  <nd ref="13957261803"/>
  <nd ref="13957261804"/>
  <nd ref="13957149698"/>
  <nd ref="13957149684"/>
  <nd ref="13957149686"/>
  <nd ref="13957149687"/>
  <nd ref="13957149682"/>
  <nd ref="13957149691"/>
  <nd ref="13957149695"/>
  <nd ref="13957149694"/>
  <nd ref="13957149693"/>
  <nd ref="13957149692"/>
  <nd ref="13957149690"/>
  <nd ref="13957149683"/>
  <nd ref="13957149688"/>
  <nd ref="13957149689"/>
  <nd ref="13957149685"/>
  <tag k="building" v="yes"/>
 </way>
 <way id="1532064064" visible="true" version="1" changeset="184548450" timestamp="2026-06-24T21:47:19Z" user="TheLNL" uid="21256080">
  <nd ref="13963300463"/>
  <nd ref="13963300435"/>
  <tag k="highway" v="residential"/>
 </way>
 <way id="1532064066" visible="true" version="1" changeset="184548450" timestamp="2026-06-24T21:47:19Z" user="TheLNL" uid="21256080">
  <nd ref="13963300449"/>
  <nd ref="13963300450"/>
  <nd ref="13963300465"/>
  <nd ref="1035570255"/>
  <tag k="highway" v="residential"/>
 </way>
 <way id="1532064068" visible="true" version="1" changeset="184548450" timestamp="2026-06-24T21:47:19Z" user="TheLNL" uid="21256080">
  <nd ref="10219868295"/>
  <nd ref="10219868294"/>
  <nd ref="13963300442"/>
  <tag k="barrier" v="wall"/>
 </way>
 <way id="1532064069" visible="true" version="1" changeset="184548450" timestamp="2026-06-24T21:47:19Z" user="TheLNL" uid="21256080">
  <nd ref="13963300451"/>
  <nd ref="13963300431"/>
  <nd ref="13963300447"/>
  <nd ref="13963300456"/>
  <tag k="highway" v="residential"/>
 </way>
 <way id="1539926094" visible="true" version="1" changeset="185881561" timestamp="2026-07-17T03:42:30Z" user="TheLNL" uid="21256080">
  <nd ref="14021323253"/>
  <nd ref="11711562130"/>
  <tag k="highway" v="residential"/>
 </way>
 <way id="1539926096" visible="true" version="1" changeset="185881561" timestamp="2026-07-17T03:42:30Z" user="TheLNL" uid="21256080">
  <nd ref="14021323282"/>
  <nd ref="14021323281"/>
  <nd ref="14021323277"/>
  <nd ref="14021323276"/>
  <nd ref="14021323275"/>
  <nd ref="14021323278"/>
  <nd ref="14021323280"/>
  <nd ref="14021323279"/>
  <nd ref="14021323274"/>
  <nd ref="14021323272"/>
  <nd ref="14021323271"/>
  <nd ref="14021323273"/>
  <nd ref="14021323282"/>
 </way>
 <way id="1539926097" visible="true" version="1" changeset="185881561" timestamp="2026-07-17T03:42:30Z" user="TheLNL" uid="21256080">
  <nd ref="14021323300"/>
  <nd ref="14021323299"/>
  <nd ref="14021323292"/>
  <nd ref="14021323291"/>
  <nd ref="14021323286"/>
  <nd ref="14021323285"/>
  <nd ref="14021323283"/>
  <nd ref="14021323284"/>
  <nd ref="14021323298"/>
  <nd ref="14021323287"/>
  <nd ref="14021323288"/>
  <nd ref="14021323290"/>
  <nd ref="14021323289"/>
  <nd ref="14021323297"/>
  <nd ref="14021323293"/>
  <nd ref="14021323294"/>
  <nd ref="14021323295"/>
  <nd ref="14021323296"/>
  <nd ref="14021323251"/>
  <nd ref="14021323252"/>
  <nd ref="14021323269"/>
  <nd ref="14021323268"/>
  <nd ref="14021323267"/>
  <nd ref="14021323270"/>
  <nd ref="14021323300"/>
 </way>
 <way id="1539926098" visible="true" version="1" changeset="185881561" timestamp="2026-07-17T03:42:30Z" user="TheLNL" uid="21256080">
  <nd ref="14021323250"/>
  <nd ref="14021323249"/>
  <nd ref="14021323248"/>
  <nd ref="14021323245"/>
  <nd ref="14021329010"/>
  <nd ref="14021329012"/>
  <nd ref="14021329011"/>
  <nd ref="14021329007"/>
  <nd ref="14021329006"/>
  <nd ref="14021329005"/>
  <nd ref="14021323252"/>
  <nd ref="14021323251"/>
  <nd ref="14021329009"/>
  <nd ref="14021329008"/>
  <nd ref="14021329004"/>
  <nd ref="14021329002"/>
  <nd ref="14021329001"/>
  <nd ref="14021329003"/>
  <nd ref="14021323250"/>
  <tag k="building" v="dormitory"/>
  <tag k="building:levels" v="6"/>
  <tag k="designation" v="Hostel"/>
  <tag k="name" v="P Block"/>
  <tag k="source" v="VIT"/>
 </way>
 <relation id="3467542" visible="true" version="89" changeset="175367139" timestamp="2025-12-01T16:44:21Z" user="Vonter" uid="3926189">
  <member type="node" ref="2481969291" role="station"/>
  <member type="node" ref="347527412" role="station"/>
  <member type="node" ref="276613764" role="station"/>
  <member type="node" ref="1457313679" role="station"/>
  <member type="node" ref="5985311608" role="station"/>
  <member type="node" ref="5178953883" role="station"/>
  <member type="node" ref="2540840561" role="station"/>
  <member type="node" ref="6064299226" role="station"/>
  <member type="node" ref="6064299870" role="station"/>
  <member type="node" ref="6064299963" role="station"/>
  <member type="node" ref="6065557418" role="station"/>
  <member type="node" ref="6065581252" role="station"/>
  <member type="node" ref="6067746782" role="station"/>
  <member type="node" ref="6067808612" role="station"/>
  <member type="node" ref="246396993" role="station"/>
  <member type="node" ref="3770051071" role="station"/>
  <member type="node" ref="5273795372" role="Station"/>
  <member type="node" ref="5274201086" role="station"/>
  <member type="node" ref="5275671388" role="station"/>
  <member type="node" ref="5310778042" role="station"/>
  <member type="node" ref="5310778043" role="station"/>
  <member type="node" ref="5310778044" role="station"/>
  <member type="node" ref="5310778045" role="station"/>
  <member type="node" ref="5310778046" role="station"/>
  <member type="node" ref="5310778047" role="station"/>
  <member type="node" ref="5310778048" role="station"/>
  <member type="node" ref="5310778049" role="station"/>
  <member type="node" ref="5310778051" role="station"/>
  <member type="node" ref="5985311646" role="station"/>
  <member type="node" ref="5311732451" role="station"/>
  <member type="node" ref="5311732452" role="station"/>
  <member type="way" ref="45019385" role=""/>
  <member type="way" ref="825978825" role=""/>
  <member type="way" ref="55131979" role=""/>
  <member type="way" ref="55131983" role=""/>
  <member type="way" ref="55131978" role=""/>
  <member type="way" ref="55131981" role=""/>
  <member type="way" ref="55130591" role=""/>
  <member type="way" ref="1452304531" role=""/>
  <member type="way" ref="1452304530" role=""/>
  <member type="way" ref="55130586" role=""/>
  <member type="way" ref="55130589" role=""/>
  <member type="way" ref="55130582" role=""/>
  <member type="way" ref="55130588" role=""/>
  <member type="way" ref="55130594" role=""/>
  <member type="way" ref="143364232" role=""/>
  <member type="way" ref="55130595" role=""/>
  <member type="way" ref="55130593" role=""/>
  <member type="way" ref="101834078" role=""/>
  <member type="way" ref="101834066" role=""/>
  <member type="way" ref="1111976181" role=""/>
  <member type="way" ref="1111976182" role=""/>
  <member type="way" ref="1111976183" role=""/>
  <member type="way" ref="1111976184" role=""/>
  <member type="way" ref="1115150287" role=""/>
  <member type="way" ref="1227968188" role=""/>
  <member type="way" ref="1453143643" role=""/>
  <member type="way" ref="1453143642" role=""/>
  <member type="way" ref="1227968189" role=""/>
  <member type="way" ref="70538885" role=""/>
  <member type="way" ref="1455233992" role=""/>
  <member type="way" ref="1455233995" role=""/>
  <member type="way" ref="1455233996" role=""/>
  <member type="way" ref="1232427303" role=""/>
  <member type="way" ref="1311427751" role=""/>
  <member type="way" ref="1311427750" role=""/>
  <member type="way" ref="1232427305" role=""/>
  <member type="way" ref="1106119373" role=""/>
  <member type="way" ref="645187805" role=""/>
  <member type="way" ref="160198361" role=""/>
  <member type="way" ref="645162740" role=""/>
  <member type="way" ref="607899347" role=""/>
  <member type="way" ref="645157743" role=""/>
  <member type="way" ref="173656486" role=""/>
  <member type="way" ref="23038368" role=""/>
  <member type="way" ref="661512640" role=""/>
  <member type="way" ref="661512641" role=""/>
  <member type="way" ref="530900021" role=""/>
  <member type="way" ref="530900020" role=""/>
  <member type="way" ref="530900019" role=""/>
  <member type="way" ref="1094391679" role=""/>
  <member type="way" ref="1094391678" role=""/>
  <member type="way" ref="530900022" role=""/>
  <member type="way" ref="1021350889" role=""/>
  <member type="way" ref="1021350888" role=""/>
  <member type="way" ref="607901211" role=""/>
  <member type="way" ref="474312251" role=""/>
  <member type="way" ref="474312243" role=""/>
  <member type="way" ref="474312244" role=""/>
  <member type="way" ref="661512636" role=""/>
  <member type="way" ref="474312240" role=""/>
  <member type="way" ref="661512635" role=""/>
  <member type="way" ref="474312239" role=""/>
  <member type="way" ref="474312252" role=""/>
  <member type="way" ref="607901210" role=""/>
  <member type="way" ref="1094391677" role=""/>
  <member type="way" ref="1094391676" role=""/>
  <member type="way" ref="607901209" role=""/>
  <member type="way" ref="1021350887" role=""/>
  <member type="way" ref="1021350886" role=""/>
  <member type="way" ref="607901208" role=""/>
  <member type="way" ref="607901207" role=""/>
  <member type="way" ref="607901206" role=""/>
  <member type="way" ref="661512642" role=""/>
  <member type="way" ref="661512639" role=""/>
  <member type="way" ref="607901205" role=""/>
  <member type="way" ref="607901212" role=""/>
  <member type="way" ref="645157742" role=""/>
  <member type="way" ref="23038361" role=""/>
  <member type="way" ref="645162739" role=""/>
  <member type="way" ref="607899349" role=""/>
  <member type="way" ref="645187801" role=""/>
  <member type="way" ref="1215718641" role=""/>
  <member type="way" ref="607899348" role=""/>
  <member type="way" ref="1232427306" role=""/>
  <member type="way" ref="1311427752" role=""/>
  <member type="way" ref="1311427753" role=""/>
  <member type="way" ref="1232427304" role=""/>
  <member type="way" ref="375882045" role=""/>
  <member type="way" ref="1455233997" role=""/>
  <member type="way" ref="1453360998" role=""/>
  <member type="way" ref="1227968191" role=""/>
  <member type="way" ref="1227968190" role=""/>
  <member type="way" ref="385070471" role=""/>
  <member type="way" ref="385070470" role=""/>
  <member type="way" ref="375882044" role=""/>
  <member type="way" ref="172952783" role=""/>
  <member type="way" ref="172952782" role=""/>
  <member type="way" ref="396678912" role=""/>
  <member type="way" ref="396678911" role=""/>
  <member type="way" ref="101834089" role=""/>
  <member type="way" ref="101834070" role=""/>
  <member type="way" ref="1453360999" role=""/>
  <member type="way" ref="55130584" role=""/>
  <member type="way" ref="55130592" role=""/>
  <member type="way" ref="143364224" role=""/>
  <member type="way" ref="55130585" role=""/>
  <member type="way" ref="55130583" role=""/>
  <member type="way" ref="44821431" role=""/>
  <member type="way" ref="44821433" role=""/>
  <member type="way" ref="45019388" role=""/>
  <member type="way" ref="45019389" role=""/>
  <member type="way" ref="1452304532" role=""/>
  <member type="way" ref="1452304533" role=""/>
  <member type="way" ref="44821444" role=""/>
  <member type="way" ref="44821467" role=""/>
  <member type="way" ref="44821470" role=""/>
  <member type="way" ref="44821471" role=""/>
  <member type="way" ref="825978826" role=""/>
  <member type="way" ref="45019383" role=""/>
  <member type="way" ref="825978833" role=""/>
  <member type="way" ref="661512638" role=""/>
  <member type="way" ref="474308245" role=""/>
  <member type="way" ref="474308244" role=""/>
  <member type="way" ref="474308243" role=""/>
  <member type="way" ref="474308242" role=""/>
  <member type="way" ref="70674252" role=""/>
  <member type="way" ref="182670168" role=""/>
  <member type="way" ref="182670185" role=""/>
  <member type="way" ref="182670177" role=""/>
  <member type="way" ref="474308239" role=""/>
  <member type="way" ref="474308238" role=""/>
  <member type="way" ref="474308234" role=""/>
  <member type="way" ref="474308233" role=""/>
  <member type="way" ref="474308228" role=""/>
  <member type="way" ref="474308227" role=""/>
  <member type="way" ref="474246321" role=""/>
  <member type="way" ref="474246320" role=""/>
  <member type="way" ref="474246319" role=""/>
  <member type="way" ref="474246318" role=""/>
  <member type="way" ref="474246317" role=""/>
  <member type="way" ref="474246316" role=""/>
  <member type="way" ref="474246313" role=""/>
  <member type="way" ref="474246311" role=""/>
  <member type="way" ref="474246307" role=""/>
  <member type="way" ref="474246304" role=""/>
  <member type="way" ref="474246302" role=""/>
  <member type="way" ref="474246301" role=""/>
  <member type="way" ref="182670166" role=""/>
  <member type="way" ref="530900032" role=""/>
  <member type="way" ref="530900026" role=""/>
  <member type="way" ref="530900025" role=""/>
  <member type="way" ref="530900033" role=""/>
  <member type="way" ref="1286962097" role=""/>
  <member type="way" ref="1286962096" role=""/>
  <member type="way" ref="527058325" role=""/>
  <member type="way" ref="527058283" role=""/>
  <member type="way" ref="527058281" role=""/>
  <member type="way" ref="527058309" role=""/>
  <member type="way" ref="527058285" role=""/>
  <member type="way" ref="527058286" role=""/>
  <member type="way" ref="527058297" role=""/>
  <member type="way" ref="527058294" role=""/>
  <member type="way" ref="527058304" role=""/>
  <member type="way" ref="527058308" role=""/>
  <member type="way" ref="527058324" role=""/>
  <member type="way" ref="527058311" role=""/>
  <member type="way" ref="527058310" role=""/>
  <member type="way" ref="527058315" role=""/>
  <member type="way" ref="527106162" role=""/>
  <member type="way" ref="527106161" role=""/>
  <member type="way" ref="527058316" role=""/>
  <member type="way" ref="527058323" role=""/>
  <member type="way" ref="527058322" role=""/>
  <member type="way" ref="527058329" role=""/>
  <member type="way" ref="527058345" role=""/>
  <member type="way" ref="527058331" role=""/>
  <member type="way" ref="527058332" role=""/>
  <member type="way" ref="527058335" role=""/>
  <member type="way" ref="527058334" role=""/>
  <member type="way" ref="527058339" role=""/>
  <member type="way" ref="527058340" role=""/>
  <member type="way" ref="527058344" role=""/>
  <member type="way" ref="527106153" role=""/>
  <member type="way" ref="527106152" role=""/>
  <member type="way" ref="533896454" role=""/>
  <member type="way" ref="533896453" role=""/>
  <member type="way" ref="533896448" role=""/>
  <member type="way" ref="533896447" role=""/>
  <member type="way" ref="527058349" role=""/>
  <member type="way" ref="527106144" role=""/>
  <member type="way" ref="527106143" role=""/>
  <member type="way" ref="527106142" role=""/>
  <member type="way" ref="527106145" role=""/>
  <member type="way" ref="527221708" role=""/>
  <member type="way" ref="527221707" role=""/>
  <member type="way" ref="527221703" role=""/>
  <member type="way" ref="527221702" role=""/>
  <member type="way" ref="527106139" role=""/>
  <member type="way" ref="527221692" role=""/>
  <member type="way" ref="527221695" role=""/>
  <member type="way" ref="527221689" role=""/>
  <member type="way" ref="527221688" role=""/>
  <member type="way" ref="527221686" role=""/>
  <member type="way" ref="527221685" role=""/>
  <member type="way" ref="527221684" role=""/>
  <member type="way" ref="527221687" role=""/>
  <member type="way" ref="527221682" role=""/>
  <member type="way" ref="527221683" role=""/>
  <member type="way" ref="527221680" role=""/>
  <member type="way" ref="527221681" role=""/>
  <member type="way" ref="527221678" role=""/>
  <member type="way" ref="527221675" role=""/>
  <member type="way" ref="527221674" role=""/>
  <member type="way" ref="527221669" role=""/>
  <member type="way" ref="527221668" role=""/>
  <member type="way" ref="825978811" role=""/>
  <member type="way" ref="825978810" role=""/>
  <member type="way" ref="457160715" role=""/>
  <member type="way" ref="527227008" role=""/>
  <member type="way" ref="527227004" role=""/>
  <member type="way" ref="527227003" role=""/>
  <member type="way" ref="527227007" role=""/>
  <member type="way" ref="527223975" role=""/>
  <member type="way" ref="527223973" role=""/>
  <member type="way" ref="527223972" role=""/>
  <member type="way" ref="527226996" role=""/>
  <member type="way" ref="661512633" role=""/>
  <member type="way" ref="527226995" role=""/>
  <member type="way" ref="527226992" role=""/>
  <member type="way" ref="527223969" role=""/>
  <member type="way" ref="527223968" role=""/>
  <member type="way" ref="527223967" role=""/>
  <member type="way" ref="527223965" role=""/>
  <member type="way" ref="1166155205" role=""/>
  <member type="way" ref="527223963" role=""/>
  <member type="way" ref="527223962" role=""/>
  <member type="way" ref="1166155204" role=""/>
  <member type="way" ref="1166155207" role=""/>
  <member type="way" ref="1309211577" role=""/>
  <member type="way" ref="1309211578" role=""/>
  <member type="way" ref="527223951" role=""/>
  <member type="way" ref="369358252" role=""/>
  <member type="way" ref="527621060" role=""/>
  <member type="way" ref="527621054" role=""/>
  <member type="way" ref="527621052" role=""/>
  <member type="way" ref="527621038" role=""/>
  <member type="way" ref="527621034" role=""/>
  <member type="way" ref="527621026" role=""/>
  <member type="way" ref="527621025" role=""/>
  <member type="way" ref="527621061" role=""/>
  <member type="way" ref="1288850514" role=""/>
  <member type="way" ref="825978829" role=""/>
  <member type="way" ref="1288850516" role=""/>
  <member type="way" ref="1288850515" role=""/>
  <member type="way" ref="825978818" role=""/>
  <member type="way" ref="910297585" role=""/>
  <member type="way" ref="910297582" role=""/>
  <member type="way" ref="695253337" role=""/>
  <member type="way" ref="1206827853" role=""/>
  <member type="way" ref="1206827858" role=""/>
  <member type="way" ref="1206827857" role=""/>
  <member type="way" ref="1206827854" role=""/>
  <member type="way" ref="84087723" role=""/>
  <member type="way" ref="1288838749" role=""/>
  <member type="way" ref="23038468" role=""/>
  <member type="way" ref="1257313453" role=""/>
  <member type="way" ref="1257313452" role=""/>
  <member type="way" ref="369358268" role=""/>
  <member type="way" ref="1288838748" role=""/>
  <member type="way" ref="240385006" role=""/>
  <member type="way" ref="240385005" role=""/>
  <member type="way" ref="240385007" role=""/>
  <member type="way" ref="235930615" role=""/>
  <member type="way" ref="825978831" role=""/>
  <member type="way" ref="822593955" role=""/>
  <member type="way" ref="822593946" role=""/>
  <member type="way" ref="217978828" role=""/>
  <member type="way" ref="217635240" role=""/>
  <member type="way" ref="825978828" role=""/>
  <member type="way" ref="549490392" role=""/>
  <member type="way" ref="527621028" role=""/>
  <member type="way" ref="527621027" role=""/>
  <member type="way" ref="527621030" role=""/>
  <member type="way" ref="527621031" role=""/>
  <member type="way" ref="527621056" role=""/>
  <member type="way" ref="527621055" role=""/>
  <member type="way" ref="527621059" role=""/>
  <member type="way" ref="527226984" role=""/>
  <member type="way" ref="1309211579" role=""/>
  <member type="way" ref="1309211576" role=""/>
  <member type="way" ref="1166155208" role=""/>
  <member type="way" ref="1166155203" role=""/>
  <member type="way" ref="527226986" role=""/>
  <member type="way" ref="527226989" role=""/>
  <member type="way" ref="1166155206" role=""/>
  <member type="way" ref="527226988" role=""/>
  <member type="way" ref="527226991" role=""/>
  <member type="way" ref="527226990" role=""/>
  <member type="way" ref="527226998" role=""/>
  <member type="way" ref="527226994" role=""/>
  <member type="way" ref="527226993" role=""/>
  <member type="way" ref="527226997" role=""/>
  <member type="way" ref="527227002" role=""/>
  <member type="way" ref="527227000" role=""/>
  <member type="way" ref="527226999" role=""/>
  <member type="way" ref="527227001" role=""/>
  <member type="way" ref="527227010" role=""/>
  <member type="way" ref="527227006" role=""/>
  <member type="way" ref="527227005" role=""/>
  <member type="way" ref="527227009" role=""/>
  <member type="way" ref="70674255" role=""/>
  <member type="way" ref="825978812" role=""/>
  <member type="way" ref="825978813" role=""/>
  <member type="way" ref="527221671" role=""/>
  <member type="way" ref="527221670" role=""/>
  <member type="way" ref="527221673" role=""/>
  <member type="way" ref="527221672" role=""/>
  <member type="way" ref="527221677" role=""/>
  <member type="way" ref="527221676" role=""/>
  <member type="way" ref="527116862" role=""/>
  <member type="way" ref="527116867" role=""/>
  <member type="way" ref="527116894" role=""/>
  <member type="way" ref="527116901" role=""/>
  <member type="way" ref="527116905" role=""/>
  <member type="way" ref="527116906" role=""/>
  <member type="way" ref="527116907" role=""/>
  <member type="way" ref="527116908" role=""/>
  <member type="way" ref="527116909" role=""/>
  <member type="way" ref="527221694" role=""/>
  <member type="way" ref="527221693" role=""/>
  <member type="way" ref="527116910" role=""/>
  <member type="way" ref="527221701" role=""/>
  <member type="way" ref="527221700" role=""/>
  <member type="way" ref="527221706" role=""/>
  <member type="way" ref="527221709" role=""/>
  <member type="way" ref="474192634" role=""/>
  <member type="way" ref="527106140" role=""/>
  <member type="way" ref="527106141" role=""/>
  <member type="way" ref="474192633" role=""/>
  <member type="way" ref="527058351" role=""/>
  <member type="way" ref="533896450" role=""/>
  <member type="way" ref="533896449" role=""/>
  <member type="way" ref="533896452" role=""/>
  <member type="way" ref="533896451" role=""/>
  <member type="way" ref="527106151" role=""/>
  <member type="way" ref="527106150" role=""/>
  <member type="way" ref="527058346" role=""/>
  <member type="way" ref="527058341" role=""/>
  <member type="way" ref="527058338" role=""/>
  <member type="way" ref="527058337" role=""/>
  <member type="way" ref="527058336" role=""/>
  <member type="way" ref="527058333" role=""/>
  <member type="way" ref="527058330" role=""/>
  <member type="way" ref="527058347" role=""/>
  <member type="way" ref="527058350" role=""/>
  <member type="way" ref="527058321" role=""/>
  <member type="way" ref="527058320" role=""/>
  <member type="way" ref="527058317" role=""/>
  <member type="way" ref="527106163" role=""/>
  <member type="way" ref="527106164" role=""/>
  <member type="way" ref="527058314" role=""/>
  <member type="way" ref="527058313" role=""/>
  <member type="way" ref="527058312" role=""/>
  <member type="way" ref="527058328" role=""/>
  <member type="way" ref="527058306" role=""/>
  <member type="way" ref="527058305" role=""/>
  <member type="way" ref="527058301" role=""/>
  <member type="way" ref="527058290" role=""/>
  <member type="way" ref="527058287" role=""/>
  <member type="way" ref="527058284" role=""/>
  <member type="way" ref="527058307" role=""/>
  <member type="way" ref="527058280" role=""/>
  <member type="way" ref="527058282" role=""/>
  <member type="way" ref="527058327" role=""/>
  <member type="way" ref="549878791" role=""/>
  <member type="way" ref="1286962099" role=""/>
  <member type="way" ref="1286962100" role=""/>
  <member type="way" ref="1286962101" role=""/>
  <member type="way" ref="1286962098" role=""/>
  <member type="way" ref="549878792" role=""/>
  <member type="way" ref="530900024" role=""/>
  <member type="way" ref="530900023" role=""/>
  <member type="way" ref="474246298" role=""/>
  <member type="way" ref="530900048" role=""/>
  <member type="way" ref="474246297" role=""/>
  <member type="way" ref="474246296" role=""/>
  <member type="way" ref="474246295" role=""/>
  <member type="way" ref="474246294" role=""/>
  <member type="way" ref="474246292" role=""/>
  <member type="way" ref="474246291" role=""/>
  <member type="way" ref="474246293" role=""/>
  <member type="way" ref="474246290" role=""/>
  <member type="way" ref="474246289" role=""/>
  <member type="way" ref="474246288" role=""/>
  <member type="way" ref="474246287" role=""/>
  <member type="way" ref="26405848" role=""/>
  <member type="way" ref="474246322" role=""/>
  <member type="way" ref="474246323" role=""/>
  <member type="way" ref="474246324" role=""/>
  <member type="way" ref="474246325" role=""/>
  <member type="way" ref="474246326" role=""/>
  <member type="way" ref="474246327" role=""/>
  <member type="way" ref="182670171" role=""/>
  <member type="way" ref="182670187" role=""/>
  <member type="way" ref="182670169" role=""/>
  <member type="way" ref="182670182" role=""/>
  <member type="way" ref="474308246" role=""/>
  <member type="way" ref="474308247" role=""/>
  <member type="way" ref="101937026" role=""/>
  <member type="way" ref="825978834" role=""/>
  <member type="way" ref="825938903" role=""/>
  <member type="way" ref="457160732" role=""/>
  <member type="way" ref="910297583" role=""/>
  <member type="way" ref="910297584" role=""/>
  <member type="way" ref="369358263" role=""/>
  <member type="way" ref="834891906" role=""/>
  <member type="way" ref="834891905" role=""/>
  <member type="way" ref="1257313451" role=""/>
  <member type="way" ref="1257313450" role=""/>
  <member type="way" ref="240385009" role=""/>
  <member type="way" ref="240385010" role=""/>
  <member type="way" ref="240385008" role=""/>
  <member type="way" ref="825823782" role=""/>
  <member type="way" ref="825978832" role=""/>
  <member type="way" ref="217635227" role=""/>
  <member type="way" ref="825978816" role=""/>
  <member type="way" ref="822593954" role=""/>
  <member type="way" ref="825823783" role=""/>
  <member type="way" ref="825823777" role=""/>
  <member type="way" ref="825938930" role=""/>
  <member type="way" ref="217978837" role=""/>
  <member type="way" ref="825978835" role=""/>
  <member type="way" ref="519404183" role=""/>
  <member type="way" ref="101834084" role=""/>
  <tag k="name" v="Chennai Central–Bangalore City line"/>
  <tag k="name:kn" v="ಚೆನ್ನೈ - ಬೆಂಗಳೂರು ರೈಲ್ವೇ"/>
  <tag k="route" v="railway"/>
  <tag k="type" v="route"/>
  <tag k="wikipedia" v="en:Chennai Central–Bangalore City line"/>
 </relation>
 <relation id="11300237" visible="true" version="35" changeset="175367139" timestamp="2025-12-01T16:44:21Z" user="Vonter" uid="3926189">
  <member type="way" ref="1175879360" role="platform"/>
  <member type="way" ref="1175879359" role="platform"/>
  <member type="way" ref="1175879358" role="platform"/>
  <member type="way" ref="1175879357" role="platform"/>
  <member type="way" ref="1175879356" role="platform"/>
  <member type="way" ref="1175879355" role="platform"/>
  <member type="node" ref="312565912" role="stop"/>
  <member type="way" ref="514122121" role="platform"/>
  <member type="node" ref="806588782" role="stop"/>
  <member type="way" ref="53861697" role="platform"/>
  <member type="node" ref="7711861256" role="stop"/>
  <member type="way" ref="746997340" role="platform"/>
  <member type="node" ref="7636804605" role="stop"/>
  <member type="way" ref="397320032" role="platform"/>
  <member type="way" ref="85578080" role=""/>
  <member type="way" ref="85578081" role=""/>
  <member type="way" ref="825978819" role=""/>
  <member type="way" ref="818114839" role=""/>
  <member type="way" ref="647778083" role=""/>
  <member type="way" ref="431674063" role=""/>
  <member type="way" ref="1315259898" role=""/>
  <member type="way" ref="1315259899" role=""/>
  <member type="way" ref="431674065" role=""/>
  <member type="way" ref="431674060" role=""/>
  <member type="way" ref="431674067" role=""/>
  <member type="way" ref="431674058" role=""/>
  <member type="way" ref="431674069" role=""/>
  <member type="way" ref="431674057" role=""/>
  <member type="way" ref="1387004155" role=""/>
  <member type="way" ref="1387004156" role=""/>
  <member type="way" ref="431674064" role=""/>
  <member type="way" ref="1387004152" role=""/>
  <member type="way" ref="1387004151" role=""/>
  <member type="way" ref="645005313" role=""/>
  <member type="way" ref="645005314" role=""/>
  <member type="way" ref="645006096" role=""/>
  <member type="way" ref="652288294" role=""/>
  <member type="way" ref="652288293" role=""/>
  <member type="way" ref="639467889" role=""/>
  <member type="way" ref="639468412" role=""/>
  <member type="way" ref="639468415" role=""/>
  <member type="way" ref="639468659" role=""/>
  <member type="way" ref="639468661" role=""/>
  <member type="way" ref="639467887" role=""/>
  <member type="way" ref="645004748" role=""/>
  <member type="way" ref="645004743" role=""/>
  <member type="way" ref="647437702" role=""/>
  <member type="way" ref="647437700" role=""/>
  <member type="way" ref="431674068" role=""/>
  <member type="way" ref="647437699" role=""/>
  <member type="way" ref="432626236" role=""/>
  <member type="way" ref="432626233" role=""/>
  <member type="way" ref="432626234" role=""/>
  <member type="way" ref="432626232" role=""/>
  <member type="way" ref="343158125" role=""/>
  <member type="way" ref="647380406" role=""/>
  <member type="way" ref="647380405" role=""/>
  <member type="way" ref="433085100" role=""/>
  <member type="way" ref="433085103" role=""/>
  <member type="way" ref="608430095" role=""/>
  <member type="way" ref="647242472" role=""/>
  <member type="way" ref="945432664" role=""/>
  <member type="way" ref="945432663" role=""/>
  <member type="way" ref="595709302" role=""/>
  <member type="way" ref="595739092" role=""/>
  <member type="way" ref="595739087" role=""/>
  <member type="way" ref="595739096" role=""/>
  <member type="way" ref="945432676" role=""/>
  <member type="way" ref="945432677" role=""/>
  <member type="way" ref="155238009" role=""/>
  <member type="way" ref="431234224" role=""/>
  <member type="way" ref="388936685" role=""/>
  <member type="way" ref="388936681" role=""/>
  <member type="way" ref="431219851" role=""/>
  <member type="way" ref="315499664" role=""/>
  <member type="way" ref="1409133390" role=""/>
  <member type="way" ref="1409133389" role=""/>
  <member type="way" ref="431219875" role=""/>
  <member type="way" ref="431219872" role=""/>
  <member type="way" ref="1264396388" role=""/>
  <member type="way" ref="1264396389" role=""/>
  <member type="way" ref="1427081238" role=""/>
  <member type="way" ref="646871619" role=""/>
  <member type="way" ref="1106119375" role=""/>
  <member type="way" ref="331779123" role=""/>
  <member type="way" ref="331779145" role=""/>
  <member type="way" ref="135481894" role=""/>
  <member type="way" ref="135481904" role=""/>
  <member type="way" ref="607860787" role=""/>
  <member type="way" ref="646819555" role=""/>
  <member type="way" ref="138078025" role=""/>
  <member type="way" ref="611413683" role=""/>
  <member type="way" ref="611413682" role=""/>
  <member type="way" ref="138078005" role=""/>
  <member type="way" ref="45019382" role=""/>
  <member type="way" ref="825978821" role=""/>
  <member type="way" ref="645645104" role=""/>
  <member type="way" ref="431219876" role=""/>
  <member type="way" ref="1106119374" role=""/>
  <member type="way" ref="53861699" role=""/>
  <member type="way" ref="825978827" role=""/>
  <member type="way" ref="825978824" role=""/>
  <member type="way" ref="45019385" role=""/>
  <member type="way" ref="825978825" role=""/>
  <member type="way" ref="55131979" role=""/>
  <member type="way" ref="55131983" role=""/>
  <member type="way" ref="55131978" role=""/>
  <member type="way" ref="55131981" role=""/>
  <member type="way" ref="55130591" role=""/>
  <member type="way" ref="1452304531" role=""/>
  <member type="way" ref="1452304530" role=""/>
  <member type="way" ref="55130586" role=""/>
  <member type="way" ref="55130589" role=""/>
  <member type="way" ref="55130582" role=""/>
  <member type="way" ref="55130588" role=""/>
  <member type="way" ref="55130594" role=""/>
  <member type="way" ref="143364232" role=""/>
  <member type="way" ref="55130595" role=""/>
  <member type="way" ref="55130593" role=""/>
  <member type="way" ref="101834078" role=""/>
  <member type="way" ref="101834066" role=""/>
  <member type="way" ref="1111976181" role=""/>
  <member type="way" ref="1111976182" role=""/>
  <member type="way" ref="1111976183" role=""/>
  <member type="way" ref="1111976184" role=""/>
  <member type="way" ref="1115150287" role=""/>
  <member type="way" ref="1227968188" role=""/>
  <member type="way" ref="1453143643" role=""/>
  <member type="way" ref="1453143642" role=""/>
  <member type="way" ref="1227968189" role=""/>
  <member type="way" ref="1453349062" role=""/>
  <member type="way" ref="1453358811" role=""/>
  <member type="way" ref="1455233996" role=""/>
  <member type="way" ref="1455233995" role=""/>
  <member type="way" ref="1455233992" role=""/>
  <member type="way" ref="70538885" role=""/>
  <member type="way" ref="1232427303" role=""/>
  <member type="way" ref="1311427751" role=""/>
  <member type="way" ref="1311427750" role=""/>
  <member type="way" ref="1232427305" role=""/>
  <member type="way" ref="1106119373" role=""/>
  <member type="way" ref="645187805" role=""/>
  <member type="way" ref="160198361" role=""/>
  <member type="way" ref="645162740" role=""/>
  <member type="way" ref="607899347" role=""/>
  <member type="way" ref="645157743" role=""/>
  <member type="way" ref="173656486" role=""/>
  <member type="way" ref="23038368" role=""/>
  <member type="way" ref="661512640" role=""/>
  <member type="way" ref="661512641" role=""/>
  <member type="way" ref="530900021" role=""/>
  <member type="way" ref="530900020" role=""/>
  <member type="way" ref="530900019" role=""/>
  <member type="way" ref="1094391679" role=""/>
  <member type="way" ref="1094391678" role=""/>
  <member type="way" ref="530900022" role=""/>
  <member type="way" ref="1021350889" role=""/>
  <member type="way" ref="1021350888" role=""/>
  <member type="way" ref="607901211" role=""/>
  <member type="way" ref="474312251" role=""/>
  <member type="way" ref="1453149448" role=""/>
  <member type="way" ref="474312243" role=""/>
  <member type="way" ref="474312244" role=""/>
  <member type="way" ref="661512636" role=""/>
  <member type="way" ref="825978833" role=""/>
  <member type="way" ref="661512638" role=""/>
  <member type="way" ref="474308245" role=""/>
  <member type="way" ref="474308244" role=""/>
  <member type="way" ref="474308243" role=""/>
  <member type="way" ref="474308242" role=""/>
  <member type="way" ref="70674252" role=""/>
  <member type="way" ref="182670168" role=""/>
  <member type="way" ref="182670185" role=""/>
  <member type="way" ref="182670177" role=""/>
  <member type="way" ref="474308239" role=""/>
  <member type="way" ref="474308238" role=""/>
  <member type="way" ref="474308234" role=""/>
  <member type="way" ref="474308233" role=""/>
  <member type="way" ref="474308228" role=""/>
  <member type="way" ref="474308227" role=""/>
  <member type="way" ref="474246321" role=""/>
  <member type="way" ref="474246320" role=""/>
  <member type="way" ref="474246319" role=""/>
  <member type="way" ref="474246318" role=""/>
  <member type="way" ref="474246317" role=""/>
  <member type="way" ref="474246316" role=""/>
  <member type="way" ref="474246313" role=""/>
  <member type="way" ref="474246311" role=""/>
  <member type="way" ref="474246307" role=""/>
  <member type="way" ref="474246304" role=""/>
  <member type="way" ref="474246302" role=""/>
  <member type="way" ref="474246301" role=""/>
  <member type="way" ref="182670166" role=""/>
  <member type="way" ref="530900032" role=""/>
  <member type="way" ref="530900026" role=""/>
  <member type="way" ref="530900025" role=""/>
  <member type="way" ref="530900033" role=""/>
  <member type="way" ref="1286962097" role=""/>
  <member type="way" ref="1286962096" role=""/>
  <member type="way" ref="527058325" role=""/>
  <member type="way" ref="527058283" role=""/>
  <member type="way" ref="527058281" role=""/>
  <member type="way" ref="527058309" role=""/>
  <member type="way" ref="527058285" role=""/>
  <member type="way" ref="527058286" role=""/>
  <member type="way" ref="527058297" role=""/>
  <member type="way" ref="527058294" role=""/>
  <member type="way" ref="527058304" role=""/>
  <member type="way" ref="527058308" role=""/>
  <member type="way" ref="527058324" role=""/>
  <member type="way" ref="527058311" role=""/>
  <member type="way" ref="527058310" role=""/>
  <member type="way" ref="527058315" role=""/>
  <member type="way" ref="527106162" role=""/>
  <member type="way" ref="527106161" role=""/>
  <member type="way" ref="527058316" role=""/>
  <member type="way" ref="527058323" role=""/>
  <member type="way" ref="527058322" role=""/>
  <member type="way" ref="527058329" role=""/>
  <member type="way" ref="527058345" role=""/>
  <member type="way" ref="527058331" role=""/>
  <member type="way" ref="527058332" role=""/>
  <member type="way" ref="527058335" role=""/>
  <member type="way" ref="527058334" role=""/>
  <member type="way" ref="527058339" role=""/>
  <member type="way" ref="527058340" role=""/>
  <member type="way" ref="527058344" role=""/>
  <member type="way" ref="527106153" role=""/>
  <member type="way" ref="527106152" role=""/>
  <member type="way" ref="533896454" role=""/>
  <member type="way" ref="533896453" role=""/>
  <member type="way" ref="533896448" role=""/>
  <member type="way" ref="533896447" role=""/>
  <member type="way" ref="527058349" role=""/>
  <member type="way" ref="527106144" role=""/>
  <member type="way" ref="527106143" role=""/>
  <member type="way" ref="527106142" role=""/>
  <member type="way" ref="527106145" role=""/>
  <member type="way" ref="527221708" role=""/>
  <member type="way" ref="527221707" role=""/>
  <member type="way" ref="527221703" role=""/>
  <member type="way" ref="527221702" role=""/>
  <member type="way" ref="527106139" role=""/>
  <member type="way" ref="527221692" role=""/>
  <member type="way" ref="527221695" role=""/>
  <member type="way" ref="527221689" role=""/>
  <member type="way" ref="527221688" role=""/>
  <member type="way" ref="527221686" role=""/>
  <member type="way" ref="527221685" role=""/>
  <member type="way" ref="527221684" role=""/>
  <member type="way" ref="527221687" role=""/>
  <member type="way" ref="527221682" role=""/>
  <member type="way" ref="527221683" role=""/>
  <member type="way" ref="527221680" role=""/>
  <member type="way" ref="527221681" role=""/>
  <member type="way" ref="527221678" role=""/>
  <member type="way" ref="527221675" role=""/>
  <member type="way" ref="527221674" role=""/>
  <member type="way" ref="527221669" role=""/>
  <member type="way" ref="527221668" role=""/>
  <member type="way" ref="825978811" role=""/>
  <member type="way" ref="519404188" role=""/>
  <member type="way" ref="825978809" role=""/>
  <member type="way" ref="457160715" role=""/>
  <member type="way" ref="527227008" role=""/>
  <member type="way" ref="527227004" role=""/>
  <member type="way" ref="527227003" role=""/>
  <member type="way" ref="527227007" role=""/>
  <member type="way" ref="527223975" role=""/>
  <member type="way" ref="527223973" role=""/>
  <member type="way" ref="527223972" role=""/>
  <member type="way" ref="527226996" role=""/>
  <member type="way" ref="661512633" role=""/>
  <member type="way" ref="527226995" role=""/>
  <member type="way" ref="527226992" role=""/>
  <member type="way" ref="527223969" role=""/>
  <member type="way" ref="527223968" role=""/>
  <member type="way" ref="527223967" role=""/>
  <member type="way" ref="527223965" role=""/>
  <member type="way" ref="1166155205" role=""/>
  <member type="way" ref="527223963" role=""/>
  <member type="way" ref="527223962" role=""/>
  <member type="way" ref="1166155204" role=""/>
  <member type="way" ref="1166155207" role=""/>
  <member type="way" ref="1309211577" role=""/>
  <member type="way" ref="1309211578" role=""/>
  <member type="way" ref="527223951" role=""/>
  <member type="way" ref="369358252" role=""/>
  <member type="way" ref="527621060" role=""/>
  <member type="way" ref="527621054" role=""/>
  <member type="way" ref="527621052" role=""/>
  <member type="way" ref="527621038" role=""/>
  <member type="way" ref="527621034" role=""/>
  <member type="way" ref="527621026" role=""/>
  <member type="way" ref="527621025" role=""/>
  <member type="way" ref="527621061" role=""/>
  <member type="way" ref="834891906" role=""/>
  <member type="way" ref="834891905" role=""/>
  <member type="way" ref="1257313451" role=""/>
  <member type="way" ref="1257313450" role=""/>
  <member type="way" ref="240385009" role=""/>
  <member type="way" ref="240385010" role=""/>
  <member type="way" ref="240385008" role=""/>
  <member type="way" ref="825823782" role=""/>
  <member type="way" ref="825978832" role=""/>
  <member type="way" ref="217635227" role=""/>
  <member type="way" ref="825978817" role=""/>
  <member type="way" ref="825978815" role=""/>
  <member type="way" ref="825823772" role=""/>
  <member type="way" ref="822593948" role=""/>
  <member type="way" ref="825823776" role=""/>
  <member type="way" ref="457176575" role=""/>
  <member type="way" ref="817723575" role=""/>
  <member type="way" ref="825978814" role=""/>
  <member type="way" ref="817723577" role=""/>
  <member type="way" ref="825938929" role=""/>
  <member type="way" ref="27618291" role=""/>
  <member type="way" ref="1288850514" role=""/>
  <member type="way" ref="825978829" role=""/>
  <member type="way" ref="1288850516" role=""/>
  <member type="way" ref="1288850515" role=""/>
  <member type="way" ref="1288850514" role=""/>
  <member type="way" ref="825978829" role=""/>
  <member type="way" ref="1288850516" role=""/>
  <member type="way" ref="1288850515" role=""/>
  <member type="way" ref="822207738" role=""/>
  <member type="way" ref="825978830" role=""/>
  <member type="way" ref="825938901" role=""/>
  <member type="way" ref="825978818" role=""/>
  <member type="way" ref="825938902" role=""/>
  <member type="way" ref="457160732" role=""/>
  <member type="way" ref="910297583" role=""/>
  <member type="way" ref="910297584" role=""/>
  <member type="way" ref="369358263" role=""/>
  <tag k="from" v="Mysuru"/>
  <tag k="name" v="Mysuru - Chennai Shatabdi Express"/>
  <tag k="name:kn" v="ಶತಾಬ್ದಿ ಎಕ್ಸ್‌ಪ್ರೆಸ್‌"/>
  <tag k="network" v="Southern Railways"/>
  <tag k="operator" v="Indian Railways"/>
  <tag k="public_transport:version" v="2"/>
  <tag k="ref" v="12008"/>
  <tag k="route" v="train"/>
  <tag k="to" v="Chennai Central"/>
  <tag k="type" v="route"/>
 </relation>
 <relation id="11300238" visible="true" version="36" changeset="175367139" timestamp="2025-12-01T16:44:21Z" user="Vonter" uid="3926189">
  <member type="node" ref="12794255584" role="stop"/>
  <member type="way" ref="397320042" role="platform"/>
  <member type="node" ref="7711861257" role="stop"/>
  <member type="way" ref="746997339" role="platform"/>
  <member type="node" ref="806588782" role="stop"/>
  <member type="way" ref="53861697" role="platform"/>
  <member type="node" ref="312565912" role="stop"/>
  <member type="way" ref="514122121" role="platform"/>
  <member type="way" ref="822593947" role=""/>
  <member type="way" ref="825938931" role=""/>
  <member type="way" ref="825823777" role=""/>
  <member type="way" ref="825823783" role=""/>
  <member type="way" ref="822593954" role=""/>
  <member type="way" ref="825978816" role=""/>
  <member type="way" ref="217635227" role=""/>
  <member type="way" ref="825978832" role=""/>
  <member type="way" ref="825938938" role=""/>
  <member type="way" ref="235930615" role=""/>
  <member type="way" ref="240385007" role=""/>
  <member type="way" ref="240385005" role=""/>
  <member type="way" ref="240385006" role=""/>
  <member type="way" ref="1257313453" role=""/>
  <member type="way" ref="1257313452" role=""/>
  <member type="way" ref="369358268" role=""/>
  <member type="way" ref="1288838748" role=""/>
  <member type="way" ref="23038468" role=""/>
  <member type="way" ref="1206827853" role=""/>
  <member type="way" ref="1206827858" role=""/>
  <member type="way" ref="1206827857" role=""/>
  <member type="way" ref="1206827854" role=""/>
  <member type="way" ref="84087723" role=""/>
  <member type="way" ref="1288838749" role=""/>
  <member type="way" ref="910297585" role=""/>
  <member type="way" ref="910297582" role=""/>
  <member type="way" ref="695253337" role=""/>
  <member type="way" ref="825978818" role=""/>
  <member type="way" ref="825938901" role=""/>
  <member type="way" ref="825978830" role=""/>
  <member type="way" ref="822207738" role=""/>
  <member type="way" ref="1288850515" role=""/>
  <member type="way" ref="1288850516" role=""/>
  <member type="way" ref="825978829" role=""/>
  <member type="way" ref="1288850514" role=""/>
  <member type="way" ref="825938894" role=""/>
  <member type="way" ref="549490392" role=""/>
  <member type="way" ref="527621028" role=""/>
  <member type="way" ref="527621027" role=""/>
  <member type="way" ref="527621030" role=""/>
  <member type="way" ref="527621031" role=""/>
  <member type="way" ref="527621056" role=""/>
  <member type="way" ref="527621055" role=""/>
  <member type="way" ref="527621059" role=""/>
  <member type="way" ref="527226984" role=""/>
  <member type="way" ref="1309211579" role=""/>
  <member type="way" ref="1309211576" role=""/>
  <member type="way" ref="1166155208" role=""/>
  <member type="way" ref="1166155203" role=""/>
  <member type="way" ref="527226986" role=""/>
  <member type="way" ref="527226989" role=""/>
  <member type="way" ref="1166155206" role=""/>
  <member type="way" ref="527226988" role=""/>
  <member type="way" ref="527226991" role=""/>
  <member type="way" ref="527226990" role=""/>
  <member type="way" ref="527226998" role=""/>
  <member type="way" ref="527226994" role=""/>
  <member type="way" ref="527226993" role=""/>
  <member type="way" ref="527226997" role=""/>
  <member type="way" ref="527227002" role=""/>
  <member type="way" ref="527227000" role=""/>
  <member type="way" ref="527226999" role=""/>
  <member type="way" ref="527227001" role=""/>
  <member type="way" ref="527227010" role=""/>
  <member type="way" ref="527227006" role=""/>
  <member type="way" ref="527227005" role=""/>
  <member type="way" ref="527227009" role=""/>
  <member type="way" ref="70674255" role=""/>
  <member type="way" ref="634518303" role=""/>
  <member type="way" ref="825978813" role=""/>
  <member type="way" ref="527221671" role=""/>
  <member type="way" ref="527221670" role=""/>
  <member type="way" ref="527221673" role=""/>
  <member type="way" ref="527221672" role=""/>
  <member type="way" ref="527221677" role=""/>
  <member type="way" ref="527221676" role=""/>
  <member type="way" ref="527116862" role=""/>
  <member type="way" ref="527116867" role=""/>
  <member type="way" ref="527116894" role=""/>
  <member type="way" ref="527116901" role=""/>
  <member type="way" ref="527116905" role=""/>
  <member type="way" ref="527116906" role=""/>
  <member type="way" ref="527116907" role=""/>
  <member type="way" ref="527116908" role=""/>
  <member type="way" ref="527116909" role=""/>
  <member type="way" ref="527221694" role=""/>
  <member type="way" ref="527221693" role=""/>
  <member type="way" ref="527116910" role=""/>
  <member type="way" ref="527221701" role=""/>
  <member type="way" ref="527221700" role=""/>
  <member type="way" ref="527221706" role=""/>
  <member type="way" ref="527221709" role=""/>
  <member type="way" ref="474192634" role=""/>
  <member type="way" ref="527106140" role=""/>
  <member type="way" ref="527106141" role=""/>
  <member type="way" ref="474192633" role=""/>
  <member type="way" ref="527058351" role=""/>
  <member type="way" ref="533896450" role=""/>
  <member type="way" ref="533896449" role=""/>
  <member type="way" ref="533896452" role=""/>
  <member type="way" ref="533896451" role=""/>
  <member type="way" ref="527106151" role=""/>
  <member type="way" ref="527106150" role=""/>
  <member type="way" ref="527058346" role=""/>
  <member type="way" ref="527058341" role=""/>
  <member type="way" ref="527058338" role=""/>
  <member type="way" ref="527058337" role=""/>
  <member type="way" ref="527058336" role=""/>
  <member type="way" ref="527058333" role=""/>
  <member type="way" ref="527058330" role=""/>
  <member type="way" ref="527058347" role=""/>
  <member type="way" ref="527058350" role=""/>
  <member type="way" ref="527058321" role=""/>
  <member type="way" ref="527058320" role=""/>
  <member type="way" ref="527058317" role=""/>
  <member type="way" ref="527106163" role=""/>
  <member type="way" ref="527106164" role=""/>
  <member type="way" ref="527058314" role=""/>
  <member type="way" ref="527058313" role=""/>
  <member type="way" ref="527058312" role=""/>
  <member type="way" ref="527058328" role=""/>
  <member type="way" ref="527058306" role=""/>
  <member type="way" ref="527058305" role=""/>
  <member type="way" ref="527058301" role=""/>
  <member type="way" ref="527058290" role=""/>
  <member type="way" ref="527058287" role=""/>
  <member type="way" ref="527058284" role=""/>
  <member type="way" ref="527058307" role=""/>
  <member type="way" ref="527058280" role=""/>
  <member type="way" ref="527058282" role=""/>
  <member type="way" ref="527058327" role=""/>
  <member type="way" ref="549878791" role=""/>
  <member type="way" ref="1286962099" role=""/>
  <member type="way" ref="1286962100" role=""/>
  <member type="way" ref="1286962101" role=""/>
  <member type="way" ref="1286962098" role=""/>
  <member type="way" ref="549878792" role=""/>
  <member type="way" ref="530900024" role=""/>
  <member type="way" ref="530900023" role=""/>
  <member type="way" ref="474246298" role=""/>
  <member type="way" ref="530900048" role=""/>
  <member type="way" ref="474246297" role=""/>
  <member type="way" ref="474246296" role=""/>
  <member type="way" ref="474246295" role=""/>
  <member type="way" ref="474246294" role=""/>
  <member type="way" ref="474246292" role=""/>
  <member type="way" ref="474246291" role=""/>
  <member type="way" ref="474246293" role=""/>
  <member type="way" ref="474246290" role=""/>
  <member type="way" ref="474246289" role=""/>
  <member type="way" ref="474246288" role=""/>
  <member type="way" ref="474246287" role=""/>
  <member type="way" ref="26405848" role=""/>
  <member type="way" ref="474246322" role=""/>
  <member type="way" ref="474246323" role=""/>
  <member type="way" ref="474246324" role=""/>
  <member type="way" ref="474246325" role=""/>
  <member type="way" ref="474246326" role=""/>
  <member type="way" ref="474246327" role=""/>
  <member type="way" ref="182670171" role=""/>
  <member type="way" ref="182670187" role=""/>
  <member type="way" ref="182670169" role=""/>
  <member type="way" ref="182670182" role=""/>
  <member type="way" ref="474308246" role=""/>
  <member type="way" ref="474308247" role=""/>
  <member type="way" ref="101937026" role=""/>
  <member type="way" ref="474576700" role=""/>
  <member type="way" ref="825978833" role=""/>
  <member type="way" ref="474312240" role=""/>
  <member type="way" ref="661512635" role=""/>
  <member type="way" ref="474312239" role=""/>
  <member type="way" ref="1453149447" role=""/>
  <member type="way" ref="1453149446" role=""/>
  <member type="way" ref="474312252" role=""/>
  <member type="way" ref="607901210" role=""/>
  <member type="way" ref="1021350886" role=""/>
  <member type="way" ref="1021350887" role=""/>
  <member type="way" ref="607901209" role=""/>
  <member type="way" ref="1094391676" role=""/>
  <member type="way" ref="1094391677" role=""/>
  <member type="way" ref="607901208" role=""/>
  <member type="way" ref="607901207" role=""/>
  <member type="way" ref="607901206" role=""/>
  <member type="way" ref="661512642" role=""/>
  <member type="way" ref="661512639" role=""/>
  <member type="way" ref="607901205" role=""/>
  <member type="way" ref="607901212" role=""/>
  <member type="way" ref="645157742" role=""/>
  <member type="way" ref="23038361" role=""/>
  <member type="way" ref="645162739" role=""/>
  <member type="way" ref="607899349" role=""/>
  <member type="way" ref="645187801" role=""/>
  <member type="way" ref="1215718641" role=""/>
  <member type="way" ref="607899348" role=""/>
  <member type="way" ref="1232427306" role=""/>
  <member type="way" ref="1311427752" role=""/>
  <member type="way" ref="1311427753" role=""/>
  <member type="way" ref="1232427304" role=""/>
  <member type="way" ref="375882045" role=""/>
  <member type="way" ref="1455233997" role=""/>
  <member type="way" ref="1453360998" role=""/>
  <member type="way" ref="1227968191" role=""/>
  <member type="way" ref="1227968190" role=""/>
  <member type="way" ref="385070471" role=""/>
  <member type="way" ref="385070470" role=""/>
  <member type="way" ref="375882044" role=""/>
  <member type="way" ref="172952783" role=""/>
  <member type="way" ref="172952782" role=""/>
  <member type="way" ref="396678912" role=""/>
  <member type="way" ref="396678911" role=""/>
  <member type="way" ref="101834089" role=""/>
  <member type="way" ref="101834070" role=""/>
  <member type="way" ref="1453360999" role=""/>
  <member type="way" ref="55130584" role=""/>
  <member type="way" ref="55130592" role=""/>
  <member type="way" ref="143364224" role=""/>
  <member type="way" ref="55130585" role=""/>
  <member type="way" ref="55130583" role=""/>
  <member type="way" ref="44821431" role=""/>
  <member type="way" ref="44821433" role=""/>
  <member type="way" ref="45019388" role=""/>
  <member type="way" ref="45019389" role=""/>
  <member type="way" ref="1452304532" role=""/>
  <member type="way" ref="1452304533" role=""/>
  <member type="way" ref="44821444" role=""/>
  <member type="way" ref="44821467" role=""/>
  <member type="way" ref="44821470" role=""/>
  <member type="way" ref="44821471" role=""/>
  <member type="way" ref="825978826" role=""/>
  <member type="way" ref="372083766" role=""/>
  <member type="way" ref="825978825" role=""/>
  <member type="way" ref="45019385" role=""/>
  <member type="way" ref="825978824" role=""/>
  <member type="way" ref="825978827" role=""/>
  <member type="way" ref="53861699" role=""/>
  <member type="way" ref="1106119374" role=""/>
  <member type="way" ref="431219876" role=""/>
  <member type="way" ref="825978822" role=""/>
  <member type="way" ref="431219845" role=""/>
  <member type="way" ref="431219877" role=""/>
  <member type="way" ref="611413685" role=""/>
  <member type="way" ref="611413686" role=""/>
  <member type="way" ref="431219843" role=""/>
  <member type="way" ref="646819556" role=""/>
  <member type="way" ref="607860786" role=""/>
  <member type="way" ref="331779134" role=""/>
  <member type="way" ref="55684011" role=""/>
  <member type="way" ref="331779146" role=""/>
  <member type="way" ref="646871618" role=""/>
  <member type="way" ref="431219841" role=""/>
  <member type="way" ref="1264396391" role=""/>
  <member type="way" ref="1264396390" role=""/>
  <member type="way" ref="431219868" role=""/>
  <member type="way" ref="431219874" role=""/>
  <member type="way" ref="1409133391" role=""/>
  <member type="way" ref="1409133392" role=""/>
  <member type="way" ref="431219842" role=""/>
  <member type="way" ref="431219859" role=""/>
  <member type="way" ref="315499665" role=""/>
  <member type="way" ref="388936683" role=""/>
  <member type="way" ref="608430342" role=""/>
  <member type="way" ref="608430341" role=""/>
  <member type="way" ref="945432679" role=""/>
  <member type="way" ref="945432678" role=""/>
  <member type="way" ref="608430345" role=""/>
  <member type="way" ref="595739083" role=""/>
  <member type="way" ref="595739088" role=""/>
  <member type="way" ref="945432662" role=""/>
  <member type="way" ref="945432661" role=""/>
  <member type="way" ref="647242473" role=""/>
  <member type="way" ref="379870745" role=""/>
  <member type="way" ref="343148420" role=""/>
  <member type="way" ref="343148419" role=""/>
  <member type="way" ref="647380401" role=""/>
  <member type="way" ref="647380407" role=""/>
  <member type="way" ref="343188817" role=""/>
  <member type="way" ref="343158126" role=""/>
  <member type="way" ref="343177849" role=""/>
  <member type="way" ref="343177848" role=""/>
  <member type="way" ref="343177846" role=""/>
  <member type="way" ref="343177847" role=""/>
  <member type="way" ref="647437701" role=""/>
  <member type="way" ref="645004738" role=""/>
  <member type="way" ref="645004745" role=""/>
  <member type="way" ref="639467886" role=""/>
  <member type="way" ref="639468660" role=""/>
  <member type="way" ref="639468658" role=""/>
  <member type="way" ref="639468414" role=""/>
  <member type="way" ref="639468413" role=""/>
  <member type="way" ref="206500966" role=""/>
  <member type="way" ref="652288291" role=""/>
  <member type="way" ref="652288292" role=""/>
  <member type="way" ref="206500968" role=""/>
  <member type="way" ref="52437285" role=""/>
  <member type="way" ref="52437284" role=""/>
  <member type="way" ref="1387004153" role=""/>
  <member type="way" ref="1387004154" role=""/>
  <member type="way" ref="431674062" role=""/>
  <member type="way" ref="1387004158" role=""/>
  <member type="way" ref="1387004157" role=""/>
  <member type="way" ref="431674061" role=""/>
  <member type="way" ref="360525885" role=""/>
  <member type="way" ref="360525883" role=""/>
  <member type="way" ref="360525884" role=""/>
  <member type="way" ref="360525882" role=""/>
  <member type="way" ref="313176080" role=""/>
  <member type="way" ref="1315259897" role=""/>
  <member type="way" ref="1315259896" role=""/>
  <member type="way" ref="313176077" role=""/>
  <member type="way" ref="313176071" role=""/>
  <member type="way" ref="313176078" role=""/>
  <member type="way" ref="825978820" role=""/>
  <member type="way" ref="85578080" role=""/>
  <member type="way" ref="514122138" role=""/>
  <member type="way" ref="818114842" role=""/>
  <member type="way" ref="647778087" role=""/>
  <member type="way" ref="818114838" role=""/>
  <tag k="from" v="Chennai Central"/>
  <tag k="name" v="Chennai - Mysuru Shatabdi Express"/>
  <tag k="name:kn" v="ಶತಾಬ್ದಿ ಎಕ್ಸ್‌ಪ್ರೆಸ್‌"/>
  <tag k="network" v="Southern Railways"/>
  <tag k="operator" v="Indian Railways"/>
  <tag k="public_transport:version" v="2"/>
  <tag k="ref" v="12007"/>
  <tag k="route" v="train"/>
  <tag k="to" v="Mysuru"/>
  <tag k="type" v="route"/>
 </relation>
 <relation id="11300239" visible="true" version="2" changeset="93464755" timestamp="2020-11-03T08:05:24Z" user="indigomc" uid="136860">
  <member type="relation" ref="11300238" role=""/>
  <member type="relation" ref="11300237" role=""/>
  <tag k="from" v="Chennai Central"/>
  <tag k="name" v="Chennai - Mysuru Shatabdi Express"/>
  <tag k="name:kn" v="ಶತಾಬ್ದಿ ಎಕ್ಸ್‌ಪ್ರೆಸ್‌"/>
  <tag k="public_transport:version" v="2"/>
  <tag k="route_master" v="train"/>
  <tag k="to" v="Mysuru"/>
  <tag k="type" v="route_master"/>
 </relation>
 <relation id="14938176" visible="true" version="2" changeset="172336550" timestamp="2025-09-23T10:38:06Z" user="PalMaper" uid="13262539">
  <member type="way" ref="93128462" role="outer"/>
  <member type="way" ref="1117413510" role="inner"/>
  <member type="way" ref="1117413511" role="inner"/>
  <tag k="building" v="university"/>
  <tag k="building:levels" v="3"/>
  <tag k="name" v="Main Building"/>
  <tag k="type" v="multipolygon"/>
 </relation>
 <relation id="15931944" visible="true" version="4" changeset="182121242" timestamp="2026-05-02T14:55:45Z" user="Jobigutenburg" uid="10504312">
  <member type="way" ref="1178288718" role="outer"/>
  <member type="way" ref="1178288709" role="outer"/>
  <member type="way" ref="1178295101" role="outer"/>
  <member type="way" ref="1178288719" role="outer"/>
  <member type="way" ref="1178288717" role="outer"/>
  <member type="way" ref="1178288716" role="outer"/>
  <member type="way" ref="1178288712" role="outer"/>
  <member type="way" ref="1178288710" role="outer"/>
  <member type="way" ref="1178288720" role="outer"/>
  <member type="way" ref="570750854" role="outer"/>
  <member type="way" ref="1178295100" role="outer"/>
  <member type="way" ref="1178289732" role="outer"/>
  <member type="way" ref="1178289731" role="outer"/>
  <member type="way" ref="1178289730" role="outer"/>
  <member type="way" ref="1178289729" role="outer"/>
  <tag k="addr:city" v="Vellore"/>
  <tag k="addr:postcode" v="632014"/>
  <tag k="alt_name" v="VIT"/>
  <tag k="amenity" v="university"/>
  <tag k="internet_access" v="yes"/>
  <tag k="name" v="Vellore Institute of Technology"/>
  <tag k="name:ml" v="വെല്ലൂർ സാങ്കേതികവിദ്യാ സ്ഥാപനം"/>
  <tag k="name:ta" v="வேலூர் தொழில்நுட்ப பல்கலைக்கழகம்"/>
  <tag k="phone" v="+914162243091"/>
  <tag k="type" v="multipolygon"/>
  <tag k="website" v="https://vit.ac.in"/>
  <tag k="wikidata" v="Q3298919"/>
  <tag k="wikipedia" v="en:Vellore Institute of Technology"/>
 </relation>
 <relation id="15931958" visible="true" version="1" changeset="136863351" timestamp="2023-06-02T11:03:25Z" user="Navk" uid="17769086">
  <member type="way" ref="1178289720" role="outer"/>
  <member type="way" ref="1095528308" role="outer"/>
  <member type="way" ref="1178289727" role="outer"/>
  <member type="way" ref="1178289730" role="outer"/>
  <member type="way" ref="1178289728" role="outer"/>
  <member type="way" ref="1178289732" role="outer"/>
  <member type="way" ref="1178289722" role="inner"/>
  <member type="way" ref="1178289721" role="inner"/>
  <tag k="landuse" v="farmland"/>
  <tag k="type" v="multipolygon"/>
 </relation>
 <relation id="15932057" visible="true" version="1" changeset="136864738" timestamp="2023-06-02T11:41:19Z" user="Navk" uid="17769086">
  <member type="way" ref="1178295095" role="outer"/>
  <member type="way" ref="1117411986" role="outer"/>
  <member type="way" ref="1178295093" role="outer"/>
  <member type="way" ref="1178295092" role="outer"/>
  <member type="way" ref="1178295091" role="outer"/>
  <member type="way" ref="1178295090" role="outer"/>
  <tag k="landuse" v="retail"/>
  <tag k="type" v="multipolygon"/>
 </relation>
 <relation id="20827200" visible="true" version="1" changeset="183765380" timestamp="2026-06-07T06:41:35Z" user="TheLNL" uid="21256080">
  <member type="way" ref="93174970" role="outer"/>
  <member type="way" ref="1527099084" role="inner"/>
  <member type="way" ref="1527099090" role="inner"/>
  <member type="way" ref="1527099088" role="inner"/>
  <member type="way" ref="1527099087" role="inner"/>
  <member type="way" ref="1527099085" role="inner"/>
  <member type="way" ref="1527099089" role="inner"/>
  <member type="way" ref="1527099086" role="inner"/>
  <tag k="building" v="university"/>
  <tag k="building:levels" v="2"/>
  <tag k="name" v="Sir M Visvesvaraya Block"/>
  <tag k="short_name" v="SMV Block"/>
  <tag k="type" v="multipolygon"/>
 </relation>
 <relation id="20992887" visible="true" version="1" changeset="184197722" timestamp="2026-06-16T19:38:38Z" user="TheLNL" uid="21256080">
  <member type="way" ref="370765897" role="outer"/>
  <member type="way" ref="1530184790" role="inner"/>
  <tag k="building" v="dormitory"/>
  <tag k="building:levels" v="7"/>
  <tag k="name" v="M Block"/>
  <tag k="type" v="multipolygon"/>
 </relation>
 <relation id="20994538" visible="true" version="1" changeset="184217568" timestamp="2026-06-17T09:33:53Z" user="TheLNL" uid="21256080">
  <member type="way" ref="1530312593" role="inner"/>
  <member type="way" ref="1530312592" role="inner"/>
  <member type="way" ref="1530312590" role="inner"/>
  <member type="way" ref="1530312591" role="inner"/>
  <member type="way" ref="1530312589" role="outer"/>
  <member type="way" ref="1530312588" role="inner"/>
  <tag k="building" v="university"/>
  <tag k="building:levels" v="1"/>
  <tag k="building:name" v="GD Naidu Building"/>
  <tag k="name" v="G.D Naidu Block"/>
  <tag k="type" v="multipolygon"/>
 </relation>
 <relation id="20995799" visible="true" version="1" changeset="184231187" timestamp="2026-06-17T15:12:52Z" user="TheLNL" uid="21256080">
  <member type="way" ref="412303841" role="outer"/>
  <member type="way" ref="1530382513" role="inner"/>
  <member type="way" ref="1530382512" role="inner"/>
  <member type="way" ref="1530382511" role="inner"/>
  <member type="way" ref="1530382510" role="inner"/>
  <tag k="building" v="yes"/>
  <tag k="building:levels" v="9"/>
  <tag k="name" v="Silver Jubilee Tower"/>
  <tag k="type" v="multipolygon"/>
 </relation>
 <relation id="21109571" visible="true" version="1" changeset="185881561" timestamp="2026-07-17T03:42:30Z" user="TheLNL" uid="21256080">
  <member type="way" ref="1539926097" role="outer"/>
  <member type="way" ref="1539926096" role="inner"/>
  <tag k="building" v="dormitory"/>
  <tag k="building:levels" v="11"/>
  <tag k="designation" v="Mens Hostel"/>
  <tag k="name" v="M Block"/>
  <tag k="source" v="VIT"/>
  <tag k="type" v="multipolygon"/>
 </relation>
</osm>
